Kód kocky;Názov
od0008ms;"Priemerná mesačná mzda vo vybraných odvetviach - mesačne"
Posledná aktualizácia;12.02.2026

Kód dimenzie;Kód dimenzie;Kód dimenzie;Kód dimenzie;Kód dimenzie;Kód dimenzie;Data
od0008ms_year;od0008ms_month;od0008ms_specu;od0008ms_nace2;od0008ms_unit;od0008ms_indic
Kód Elementu;Kód Elementu;Kód Elementu;Kód Elementu;Kód Elementu;Kód Elementu;Hodnota
2025;1.;SPECU_ABVAL;NACE01;UNIT_EUR;U_NP_0001;1618
2025;1.;SPECU_ABVAL;NACE02;UNIT_EUR;U_NP_0001;1716
2025;1.;SPECU_ABVAL;NACE03;UNIT_EUR;U_NP_0001;1592
2025;1.;SPECU_ABVAL;NACE04;UNIT_EUR;U_NP_0001;2365
2025;1.;SPECU_ABVAL;NACE05;UNIT_EUR;U_NP_0001;1546
2025;1.;SPECU_ABVAL;NACE06;UNIT_EUR;U_NP_0001;1070
2025;1.;SPECU_ABVAL;NACE07;UNIT_EUR;U_NP_0001;1633
2025;1.;SPECU_ABVAL;NACE08;UNIT_EUR;U_NP_0001;1688
2025;1.;SPECU_ABVAL;NACE09;UNIT_EUR;U_NP_0001;1284
2025;1.;SPECU_ABVAL;NACE10;UNIT_EUR;U_NP_0001;1214
2025;1.;SPECU_ABVAL;NACE11;UNIT_EUR;U_NP_0001;803
2025;1.;SPECU_ABVAL;NACE12;UNIT_EUR;U_NP_0001;1431
2025;1.;SPECU_ABVAL;NACE13;UNIT_EUR;U_NP_0001;1259
2025;1.;SPECU_ABVAL;NACE14;UNIT_EUR;U_NP_0001;2470
2025;1.;SPECU_ABVAL;NACE15;UNIT_EUR;U_NP_0001;1471
2025;2.;SPECU_ABVAL;NACE01;UNIT_EUR;U_NP_0001;1578
2025;2.;SPECU_ABVAL;NACE02;UNIT_EUR;U_NP_0001;1667
2025;2.;SPECU_ABVAL;NACE03;UNIT_EUR;U_NP_0001;1543
2025;2.;SPECU_ABVAL;NACE04;UNIT_EUR;U_NP_0001;2688
2025;2.;SPECU_ABVAL;NACE05;UNIT_EUR;U_NP_0001;1414
2025;2.;SPECU_ABVAL;NACE06;UNIT_EUR;U_NP_0001;1045
2025;2.;SPECU_ABVAL;NACE07;UNIT_EUR;U_NP_0001;1473
2025;2.;SPECU_ABVAL;NACE08;UNIT_EUR;U_NP_0001;1592
2025;2.;SPECU_ABVAL;NACE09;UNIT_EUR;U_NP_0001;1257
2025;2.;SPECU_ABVAL;NACE10;UNIT_EUR;U_NP_0001;1205
2025;2.;SPECU_ABVAL;NACE11;UNIT_EUR;U_NP_0001;802
2025;2.;SPECU_ABVAL;NACE12;UNIT_EUR;U_NP_0001;1378
2025;2.;SPECU_ABVAL;NACE13;UNIT_EUR;U_NP_0001;1175
2025;2.;SPECU_ABVAL;NACE14;UNIT_EUR;U_NP_0001;2619
2025;2.;SPECU_ABVAL;NACE15;UNIT_EUR;U_NP_0001;1450
2025;3.;SPECU_ABVAL;NACE01;UNIT_EUR;U_NP_0001;1678
2025;3.;SPECU_ABVAL;NACE02;UNIT_EUR;U_NP_0001;1677
2025;3.;SPECU_ABVAL;NACE03;UNIT_EUR;U_NP_0001;1641
2025;3.;SPECU_ABVAL;NACE04;UNIT_EUR;U_NP_0001;2781
2025;3.;SPECU_ABVAL;NACE05;UNIT_EUR;U_NP_0001;1571
2025;3.;SPECU_ABVAL;NACE06;UNIT_EUR;U_NP_0001;1100
2025;3.;SPECU_ABVAL;NACE07;UNIT_EUR;U_NP_0001;1533
2025;3.;SPECU_ABVAL;NACE08;UNIT_EUR;U_NP_0001;1726
2025;3.;SPECU_ABVAL;NACE09;UNIT_EUR;U_NP_0001;1304
2025;3.;SPECU_ABVAL;NACE10;UNIT_EUR;U_NP_0001;1200
2025;3.;SPECU_ABVAL;NACE11;UNIT_EUR;U_NP_0001;811
2025;3.;SPECU_ABVAL;NACE12;UNIT_EUR;U_NP_0001;1443
2025;3.;SPECU_ABVAL;NACE13;UNIT_EUR;U_NP_0001;1292
2025;3.;SPECU_ABVAL;NACE14;UNIT_EUR;U_NP_0001;2879
2025;3.;SPECU_ABVAL;NACE15;UNIT_EUR;U_NP_0001;1583
2025;4.;SPECU_ABVAL;NACE01;UNIT_EUR;U_NP_0001;1755
2025;4.;SPECU_ABVAL;NACE02;UNIT_EUR;U_NP_0001;1783
2025;4.;SPECU_ABVAL;NACE03;UNIT_EUR;U_NP_0001;1694
2025;4.;SPECU_ABVAL;NACE04;UNIT_EUR;U_NP_0001;3312
2025;4.;SPECU_ABVAL;NACE05;UNIT_EUR;U_NP_0001;1802
2025;4.;SPECU_ABVAL;NACE06;UNIT_EUR;U_NP_0001;1178
2025;4.;SPECU_ABVAL;NACE07;UNIT_EUR;U_NP_0001;1577
2025;4.;SPECU_ABVAL;NACE08;UNIT_EUR;U_NP_0001;1660
2025;4.;SPECU_ABVAL;NACE09;UNIT_EUR;U_NP_0001;1310
2025;4.;SPECU_ABVAL;NACE10;UNIT_EUR;U_NP_0001;1195
2025;4.;SPECU_ABVAL;NACE11;UNIT_EUR;U_NP_0001;841
2025;4.;SPECU_ABVAL;NACE12;UNIT_EUR;U_NP_0001;1470
2025;4.;SPECU_ABVAL;NACE13;UNIT_EUR;U_NP_0001;1250
2025;4.;SPECU_ABVAL;NACE14;UNIT_EUR;U_NP_0001;2730
2025;4.;SPECU_ABVAL;NACE15;UNIT_EUR;U_NP_0001;1498
2025;5.;SPECU_ABVAL;NACE01;UNIT_EUR;U_NP_0001;1801
2025;5.;SPECU_ABVAL;NACE02;UNIT_EUR;U_NP_0001;1740
2025;5.;SPECU_ABVAL;NACE03;UNIT_EUR;U_NP_0001;1782
2025;5.;SPECU_ABVAL;NACE04;UNIT_EUR;U_NP_0001;2450
2025;5.;SPECU_ABVAL;NACE05;UNIT_EUR;U_NP_0001;1678
2025;5.;SPECU_ABVAL;NACE06;UNIT_EUR;U_NP_0001;1164
2025;5.;SPECU_ABVAL;NACE07;UNIT_EUR;U_NP_0001;1610
2025;5.;SPECU_ABVAL;NACE08;UNIT_EUR;U_NP_0001;1743
2025;5.;SPECU_ABVAL;NACE09;UNIT_EUR;U_NP_0001;1349
2025;5.;SPECU_ABVAL;NACE10;UNIT_EUR;U_NP_0001;1231
2025;5.;SPECU_ABVAL;NACE11;UNIT_EUR;U_NP_0001;836
2025;5.;SPECU_ABVAL;NACE12;UNIT_EUR;U_NP_0001;1509
2025;5.;SPECU_ABVAL;NACE13;UNIT_EUR;U_NP_0001;1264
2025;5.;SPECU_ABVAL;NACE14;UNIT_EUR;U_NP_0001;2752
2025;5.;SPECU_ABVAL;NACE15;UNIT_EUR;U_NP_0001;1526
2025;6.;SPECU_ABVAL;NACE01;UNIT_EUR;U_NP_0001;1813
2025;6.;SPECU_ABVAL;NACE02;UNIT_EUR;U_NP_0001;1777
2025;6.;SPECU_ABVAL;NACE03;UNIT_EUR;U_NP_0001;1788
2025;6.;SPECU_ABVAL;NACE04;UNIT_EUR;U_NP_0001;2679
2025;6.;SPECU_ABVAL;NACE05;UNIT_EUR;U_NP_0001;1628
2025;6.;SPECU_ABVAL;NACE06;UNIT_EUR;U_NP_0001;1147
2025;6.;SPECU_ABVAL;NACE07;UNIT_EUR;U_NP_0001;1668
2025;6.;SPECU_ABVAL;NACE08;UNIT_EUR;U_NP_0001;1753
2025;6.;SPECU_ABVAL;NACE09;UNIT_EUR;U_NP_0001;1330
2025;6.;SPECU_ABVAL;NACE10;UNIT_EUR;U_NP_0001;1215
2025;6.;SPECU_ABVAL;NACE11;UNIT_EUR;U_NP_0001;816
2025;6.;SPECU_ABVAL;NACE12;UNIT_EUR;U_NP_0001;1461
2025;6.;SPECU_ABVAL;NACE13;UNIT_EUR;U_NP_0001;1254
2025;6.;SPECU_ABVAL;NACE14;UNIT_EUR;U_NP_0001;2592
2025;6.;SPECU_ABVAL;NACE15;UNIT_EUR;U_NP_0001;1506
2025;7.;SPECU_ABVAL;NACE01;UNIT_EUR;U_NP_0001;1714
2025;7.;SPECU_ABVAL;NACE02;UNIT_EUR;U_NP_0001;1871
2025;7.;SPECU_ABVAL;NACE03;UNIT_EUR;U_NP_0001;1679
2025;7.;SPECU_ABVAL;NACE04;UNIT_EUR;U_NP_0001;2673
2025;7.;SPECU_ABVAL;NACE05;UNIT_EUR;U_NP_0001;1664
2025;7.;SPECU_ABVAL;NACE06;UNIT_EUR;U_NP_0001;1176
2025;7.;SPECU_ABVAL;NACE07;UNIT_EUR;U_NP_0001;1615
2025;7.;SPECU_ABVAL;NACE08;UNIT_EUR;U_NP_0001;1715
2025;7.;SPECU_ABVAL;NACE09;UNIT_EUR;U_NP_0001;1336
2025;7.;SPECU_ABVAL;NACE10;UNIT_EUR;U_NP_0001;1230
2025;7.;SPECU_ABVAL;NACE11;UNIT_EUR;U_NP_0001;839
2025;7.;SPECU_ABVAL;NACE12;UNIT_EUR;U_NP_0001;1487
2025;7.;SPECU_ABVAL;NACE13;UNIT_EUR;U_NP_0001;1303
2025;7.;SPECU_ABVAL;NACE14;UNIT_EUR;U_NP_0001;2507
2025;7.;SPECU_ABVAL;NACE15;UNIT_EUR;U_NP_0001;1527
2025;8.;SPECU_ABVAL;NACE01;UNIT_EUR;U_NP_0001;1631
2025;8.;SPECU_ABVAL;NACE02;UNIT_EUR;U_NP_0001;1771
2025;8.;SPECU_ABVAL;NACE03;UNIT_EUR;U_NP_0001;1605
2025;8.;SPECU_ABVAL;NACE04;UNIT_EUR;U_NP_0001;2391
2025;8.;SPECU_ABVAL;NACE05;UNIT_EUR;U_NP_0001;1552
2025;8.;SPECU_ABVAL;NACE06;UNIT_EUR;U_NP_0001;1149
2025;8.;SPECU_ABVAL;NACE07;UNIT_EUR;U_NP_0001;1510
2025;8.;SPECU_ABVAL;NACE08;UNIT_EUR;U_NP_0001;1658
2025;8.;SPECU_ABVAL;NACE09;UNIT_EUR;U_NP_0001;1332
2025;8.;SPECU_ABVAL;NACE10;UNIT_EUR;U_NP_0001;1234
2025;8.;SPECU_ABVAL;NACE11;UNIT_EUR;U_NP_0001;839
2025;8.;SPECU_ABVAL;NACE12;UNIT_EUR;U_NP_0001;1454
2025;8.;SPECU_ABVAL;NACE13;UNIT_EUR;U_NP_0001;1310
2025;8.;SPECU_ABVAL;NACE14;UNIT_EUR;U_NP_0001;2431
2025;8.;SPECU_ABVAL;NACE15;UNIT_EUR;U_NP_0001;1472
2025;9.;SPECU_ABVAL;NACE01;UNIT_EUR;U_NP_0001;1674
2025;9.;SPECU_ABVAL;NACE02;UNIT_EUR;U_NP_0001;1772
2025;9.;SPECU_ABVAL;NACE03;UNIT_EUR;U_NP_0001;1643
2025;9.;SPECU_ABVAL;NACE04;UNIT_EUR;U_NP_0001;2540
2025;9.;SPECU_ABVAL;NACE05;UNIT_EUR;U_NP_0001;1584
2025;9.;SPECU_ABVAL;NACE06;UNIT_EUR;U_NP_0001;1155
2025;9.;SPECU_ABVAL;NACE07;UNIT_EUR;U_NP_0001;1512
2025;9.;SPECU_ABVAL;NACE08;UNIT_EUR;U_NP_0001;1673
2025;9.;SPECU_ABVAL;NACE09;UNIT_EUR;U_NP_0001;1323
2025;9.;SPECU_ABVAL;NACE10;UNIT_EUR;U_NP_0001;1204
2025;9.;SPECU_ABVAL;NACE11;UNIT_EUR;U_NP_0001;828
2025;9.;SPECU_ABVAL;NACE12;UNIT_EUR;U_NP_0001;1473
2025;9.;SPECU_ABVAL;NACE13;UNIT_EUR;U_NP_0001;1292
2025;9.;SPECU_ABVAL;NACE14;UNIT_EUR;U_NP_0001;2553
2025;9.;SPECU_ABVAL;NACE15;UNIT_EUR;U_NP_0001;1473
2025;10.;SPECU_ABVAL;NACE01;UNIT_EUR;U_NP_0001;1690
2025;10.;SPECU_ABVAL;NACE02;UNIT_EUR;U_NP_0001;1777
2025;10.;SPECU_ABVAL;NACE03;UNIT_EUR;U_NP_0001;1652
2025;10.;SPECU_ABVAL;NACE04;UNIT_EUR;U_NP_0001;2591
2025;10.;SPECU_ABVAL;NACE05;UNIT_EUR;U_NP_0001;1749
2025;10.;SPECU_ABVAL;NACE06;UNIT_EUR;U_NP_0001;1170
2025;10.;SPECU_ABVAL;NACE07;UNIT_EUR;U_NP_0001;1570
2025;10.;SPECU_ABVAL;NACE08;UNIT_EUR;U_NP_0001;1718
2025;10.;SPECU_ABVAL;NACE09;UNIT_EUR;U_NP_0001;1324
2025;10.;SPECU_ABVAL;NACE10;UNIT_EUR;U_NP_0001;1212
2025;10.;SPECU_ABVAL;NACE11;UNIT_EUR;U_NP_0001;820
2025;10.;SPECU_ABVAL;NACE12;UNIT_EUR;U_NP_0001;1479
2025;10.;SPECU_ABVAL;NACE13;UNIT_EUR;U_NP_0001;1295
2025;10.;SPECU_ABVAL;NACE14;UNIT_EUR;U_NP_0001;2527
2025;10.;SPECU_ABVAL;NACE15;UNIT_EUR;U_NP_0001;1480
2025;11.;SPECU_ABVAL;NACE01;UNIT_EUR;U_NP_0001;2077
2025;11.;SPECU_ABVAL;NACE02;UNIT_EUR;U_NP_0001;2045
2025;11.;SPECU_ABVAL;NACE03;UNIT_EUR;U_NP_0001;2041
2025;11.;SPECU_ABVAL;NACE04;UNIT_EUR;U_NP_0001;3184
2025;11.;SPECU_ABVAL;NACE05;UNIT_EUR;U_NP_0001;1915
2025;11.;SPECU_ABVAL;NACE06;UNIT_EUR;U_NP_0001;1226
2025;11.;SPECU_ABVAL;NACE07;UNIT_EUR;U_NP_0001;1653
2025;11.;SPECU_ABVAL;NACE08;UNIT_EUR;U_NP_0001;1977
2025;11.;SPECU_ABVAL;NACE09;UNIT_EUR;U_NP_0001;1421
2025;11.;SPECU_ABVAL;NACE10;UNIT_EUR;U_NP_0001;1280
2025;11.;SPECU_ABVAL;NACE11;UNIT_EUR;U_NP_0001;822
2025;11.;SPECU_ABVAL;NACE12;UNIT_EUR;U_NP_0001;1626
2025;11.;SPECU_ABVAL;NACE13;UNIT_EUR;U_NP_0001;1395
2025;11.;SPECU_ABVAL;NACE14;UNIT_EUR;U_NP_0001;2949
2025;11.;SPECU_ABVAL;NACE15;UNIT_EUR;U_NP_0001;1666
2025;12.;SPECU_ABVAL;NACE01;UNIT_EUR;U_NP_0001;1882
2025;12.;SPECU_ABVAL;NACE02;UNIT_EUR;U_NP_0001;2088
2025;12.;SPECU_ABVAL;NACE03;UNIT_EUR;U_NP_0001;1826
2025;12.;SPECU_ABVAL;NACE04;UNIT_EUR;U_NP_0001;3267
2025;12.;SPECU_ABVAL;NACE05;UNIT_EUR;U_NP_0001;1891
2025;12.;SPECU_ABVAL;NACE06;UNIT_EUR;U_NP_0001;1222
2025;12.;SPECU_ABVAL;NACE07;UNIT_EUR;U_NP_0001;1708
2025;12.;SPECU_ABVAL;NACE08;UNIT_EUR;U_NP_0001;1972
2025;12.;SPECU_ABVAL;NACE09;UNIT_EUR;U_NP_0001;1442
2025;12.;SPECU_ABVAL;NACE10;UNIT_EUR;U_NP_0001;1286
2025;12.;SPECU_ABVAL;NACE11;UNIT_EUR;U_NP_0001;858
2025;12.;SPECU_ABVAL;NACE12;UNIT_EUR;U_NP_0001;1602
2025;12.;SPECU_ABVAL;NACE13;UNIT_EUR;U_NP_0001;1427
2025;12.;SPECU_ABVAL;NACE14;UNIT_EUR;U_NP_0001;3030
2025;12.;SPECU_ABVAL;NACE15;UNIT_EUR;U_NP_0001;1621
2025;1. - 12.;SPECU_ABVAL;NACE01;UNIT_EUR;U_NP_0001;1742
2025;1. - 12.;SPECU_ABVAL;NACE02;UNIT_EUR;U_NP_0001;1805
2025;1. - 12.;SPECU_ABVAL;NACE03;UNIT_EUR;U_NP_0001;1707
2025;1. - 12.;SPECU_ABVAL;NACE04;UNIT_EUR;U_NP_0001;2745
2025;1. - 12.;SPECU_ABVAL;NACE05;UNIT_EUR;U_NP_0001;1666
2025;1. - 12.;SPECU_ABVAL;NACE06;UNIT_EUR;U_NP_0001;1150
2025;1. - 12.;SPECU_ABVAL;NACE07;UNIT_EUR;U_NP_0001;1588
2025;1. - 12.;SPECU_ABVAL;NACE08;UNIT_EUR;U_NP_0001;1739
2025;1. - 12.;SPECU_ABVAL;NACE09;UNIT_EUR;U_NP_0001;1334
2025;1. - 12.;SPECU_ABVAL;NACE10;UNIT_EUR;U_NP_0001;1226
2025;1. - 12.;SPECU_ABVAL;NACE11;UNIT_EUR;U_NP_0001;826
2025;1. - 12.;SPECU_ABVAL;NACE12;UNIT_EUR;U_NP_0001;1484
2025;1. - 12.;SPECU_ABVAL;NACE13;UNIT_EUR;U_NP_0001;1293
2025;1. - 12.;SPECU_ABVAL;NACE14;UNIT_EUR;U_NP_0001;2670
2025;1. - 12.;SPECU_ABVAL;NACE15;UNIT_EUR;U_NP_0001;1523
2024;1.;SPECU_ABVAL;NACE01;UNIT_EUR;U_NP_0001;1544
2024;1.;SPECU_ABVAL;NACE02;UNIT_EUR;U_NP_0001;1500
2024;1.;SPECU_ABVAL;NACE03;UNIT_EUR;U_NP_0001;1520
2024;1.;SPECU_ABVAL;NACE04;UNIT_EUR;U_NP_0001;2398
2024;1.;SPECU_ABVAL;NACE05;UNIT_EUR;U_NP_0001;1375
2024;1.;SPECU_ABVAL;NACE06;UNIT_EUR;U_NP_0001;987
2024;1.;SPECU_ABVAL;NACE07;UNIT_EUR;U_NP_0001;1440
2024;1.;SPECU_ABVAL;NACE08;UNIT_EUR;U_NP_0001;1583
2024;1.;SPECU_ABVAL;NACE09;UNIT_EUR;U_NP_0001;1177
2024;1.;SPECU_ABVAL;NACE10;UNIT_EUR;U_NP_0001;1114
2024;1.;SPECU_ABVAL;NACE11;UNIT_EUR;U_NP_0001;732
2024;1.;SPECU_ABVAL;NACE12;UNIT_EUR;U_NP_0001;1339
2024;1.;SPECU_ABVAL;NACE13;UNIT_EUR;U_NP_0001;1197
2024;1.;SPECU_ABVAL;NACE14;UNIT_EUR;U_NP_0001;2322
2024;1.;SPECU_ABVAL;NACE15;UNIT_EUR;U_NP_0001;1412
2024;2.;SPECU_ABVAL;NACE01;UNIT_EUR;U_NP_0001;1506
2024;2.;SPECU_ABVAL;NACE02;UNIT_EUR;U_NP_0001;1490
2024;2.;SPECU_ABVAL;NACE03;UNIT_EUR;U_NP_0001;1476
2024;2.;SPECU_ABVAL;NACE04;UNIT_EUR;U_NP_0001;2558
2024;2.;SPECU_ABVAL;NACE05;UNIT_EUR;U_NP_0001;1302
2024;2.;SPECU_ABVAL;NACE06;UNIT_EUR;U_NP_0001;987
2024;2.;SPECU_ABVAL;NACE07;UNIT_EUR;U_NP_0001;1446
2024;2.;SPECU_ABVAL;NACE08;UNIT_EUR;U_NP_0001;1555
2024;2.;SPECU_ABVAL;NACE09;UNIT_EUR;U_NP_0001;1175
2024;2.;SPECU_ABVAL;NACE10;UNIT_EUR;U_NP_0001;1105
2024;2.;SPECU_ABVAL;NACE11;UNIT_EUR;U_NP_0001;742
2024;2.;SPECU_ABVAL;NACE12;UNIT_EUR;U_NP_0001;1335
2024;2.;SPECU_ABVAL;NACE13;UNIT_EUR;U_NP_0001;1165
2024;2.;SPECU_ABVAL;NACE14;UNIT_EUR;U_NP_0001;2321
2024;2.;SPECU_ABVAL;NACE15;UNIT_EUR;U_NP_0001;1417
2024;3.;SPECU_ABVAL;NACE01;UNIT_EUR;U_NP_0001;1630
2024;3.;SPECU_ABVAL;NACE02;UNIT_EUR;U_NP_0001;1469
2024;3.;SPECU_ABVAL;NACE03;UNIT_EUR;U_NP_0001;1568
2024;3.;SPECU_ABVAL;NACE04;UNIT_EUR;U_NP_0001;3559
2024;3.;SPECU_ABVAL;NACE05;UNIT_EUR;U_NP_0001;1446
2024;3.;SPECU_ABVAL;NACE06;UNIT_EUR;U_NP_0001;1040
2024;3.;SPECU_ABVAL;NACE07;UNIT_EUR;U_NP_0001;1488
2024;3.;SPECU_ABVAL;NACE08;UNIT_EUR;U_NP_0001;1695
2024;3.;SPECU_ABVAL;NACE09;UNIT_EUR;U_NP_0001;1227
2024;3.;SPECU_ABVAL;NACE10;UNIT_EUR;U_NP_0001;1120
2024;3.;SPECU_ABVAL;NACE11;UNIT_EUR;U_NP_0001;774
2024;3.;SPECU_ABVAL;NACE12;UNIT_EUR;U_NP_0001;1359
2024;3.;SPECU_ABVAL;NACE13;UNIT_EUR;U_NP_0001;1184
2024;3.;SPECU_ABVAL;NACE14;UNIT_EUR;U_NP_0001;2761
2024;3.;SPECU_ABVAL;NACE15;UNIT_EUR;U_NP_0001;1548
2024;4.;SPECU_ABVAL;NACE01;UNIT_EUR;U_NP_0001;1606
2024;4.;SPECU_ABVAL;NACE02;UNIT_EUR;U_NP_0001;1580
2024;4.;SPECU_ABVAL;NACE03;UNIT_EUR;U_NP_0001;1584
2024;4.;SPECU_ABVAL;NACE04;UNIT_EUR;U_NP_0001;2387
2024;4.;SPECU_ABVAL;NACE05;UNIT_EUR;U_NP_0001;1449
2024;4.;SPECU_ABVAL;NACE06;UNIT_EUR;U_NP_0001;1099
2024;4.;SPECU_ABVAL;NACE07;UNIT_EUR;U_NP_0001;1481
2024;4.;SPECU_ABVAL;NACE08;UNIT_EUR;U_NP_0001;1602
2024;4.;SPECU_ABVAL;NACE09;UNIT_EUR;U_NP_0001;1204
2024;4.;SPECU_ABVAL;NACE10;UNIT_EUR;U_NP_0001;1084
2024;4.;SPECU_ABVAL;NACE11;UNIT_EUR;U_NP_0001;766
2024;4.;SPECU_ABVAL;NACE12;UNIT_EUR;U_NP_0001;1387
2024;4.;SPECU_ABVAL;NACE13;UNIT_EUR;U_NP_0001;1246
2024;4.;SPECU_ABVAL;NACE14;UNIT_EUR;U_NP_0001;2557
2024;4.;SPECU_ABVAL;NACE15;UNIT_EUR;U_NP_0001;1447
2024;5.;SPECU_ABVAL;NACE01;UNIT_EUR;U_NP_0001;1737
2024;5.;SPECU_ABVAL;NACE02;UNIT_EUR;U_NP_0001;1573
2024;5.;SPECU_ABVAL;NACE03;UNIT_EUR;U_NP_0001;1724
2024;5.;SPECU_ABVAL;NACE04;UNIT_EUR;U_NP_0001;2463
2024;5.;SPECU_ABVAL;NACE05;UNIT_EUR;U_NP_0001;1446
2024;5.;SPECU_ABVAL;NACE06;UNIT_EUR;U_NP_0001;1066
2024;5.;SPECU_ABVAL;NACE07;UNIT_EUR;U_NP_0001;1537
2024;5.;SPECU_ABVAL;NACE08;UNIT_EUR;U_NP_0001;1673
2024;5.;SPECU_ABVAL;NACE09;UNIT_EUR;U_NP_0001;1276
2024;5.;SPECU_ABVAL;NACE10;UNIT_EUR;U_NP_0001;1124
2024;5.;SPECU_ABVAL;NACE11;UNIT_EUR;U_NP_0001;752
2024;5.;SPECU_ABVAL;NACE12;UNIT_EUR;U_NP_0001;1427
2024;5.;SPECU_ABVAL;NACE13;UNIT_EUR;U_NP_0001;1262
2024;5.;SPECU_ABVAL;NACE14;UNIT_EUR;U_NP_0001;2484
2024;5.;SPECU_ABVAL;NACE15;UNIT_EUR;U_NP_0001;1520
2024;6.;SPECU_ABVAL;NACE01;UNIT_EUR;U_NP_0001;1613
2024;6.;SPECU_ABVAL;NACE02;UNIT_EUR;U_NP_0001;1592
2024;6.;SPECU_ABVAL;NACE03;UNIT_EUR;U_NP_0001;1583
2024;6.;SPECU_ABVAL;NACE04;UNIT_EUR;U_NP_0001;2592
2024;6.;SPECU_ABVAL;NACE05;UNIT_EUR;U_NP_0001;1472
2024;6.;SPECU_ABVAL;NACE06;UNIT_EUR;U_NP_0001;1064
2024;6.;SPECU_ABVAL;NACE07;UNIT_EUR;U_NP_0001;1534
2024;6.;SPECU_ABVAL;NACE08;UNIT_EUR;U_NP_0001;1657
2024;6.;SPECU_ABVAL;NACE09;UNIT_EUR;U_NP_0001;1243
2024;6.;SPECU_ABVAL;NACE10;UNIT_EUR;U_NP_0001;1141
2024;6.;SPECU_ABVAL;NACE11;UNIT_EUR;U_NP_0001;759
2024;6.;SPECU_ABVAL;NACE12;UNIT_EUR;U_NP_0001;1376
2024;6.;SPECU_ABVAL;NACE13;UNIT_EUR;U_NP_0001;1212
2024;6.;SPECU_ABVAL;NACE14;UNIT_EUR;U_NP_0001;2419
2024;6.;SPECU_ABVAL;NACE15;UNIT_EUR;U_NP_0001;1467
2024;7.;SPECU_ABVAL;NACE01;UNIT_EUR;U_NP_0001;1617
2024;7.;SPECU_ABVAL;NACE02;UNIT_EUR;U_NP_0001;1702
2024;7.;SPECU_ABVAL;NACE03;UNIT_EUR;U_NP_0001;1586
2024;7.;SPECU_ABVAL;NACE04;UNIT_EUR;U_NP_0001;2518
2024;7.;SPECU_ABVAL;NACE05;UNIT_EUR;U_NP_0001;1555
2024;7.;SPECU_ABVAL;NACE06;UNIT_EUR;U_NP_0001;1104
2024;7.;SPECU_ABVAL;NACE07;UNIT_EUR;U_NP_0001;1510
2024;7.;SPECU_ABVAL;NACE08;UNIT_EUR;U_NP_0001;1639
2024;7.;SPECU_ABVAL;NACE09;UNIT_EUR;U_NP_0001;1251
2024;7.;SPECU_ABVAL;NACE10;UNIT_EUR;U_NP_0001;1178
2024;7.;SPECU_ABVAL;NACE11;UNIT_EUR;U_NP_0001;751
2024;7.;SPECU_ABVAL;NACE12;UNIT_EUR;U_NP_0001;1404
2024;7.;SPECU_ABVAL;NACE13;UNIT_EUR;U_NP_0001;1259
2024;7.;SPECU_ABVAL;NACE14;UNIT_EUR;U_NP_0001;2395
2024;7.;SPECU_ABVAL;NACE15;UNIT_EUR;U_NP_0001;1478
2024;8.;SPECU_ABVAL;NACE01;UNIT_EUR;U_NP_0001;1578
2024;8.;SPECU_ABVAL;NACE02;UNIT_EUR;U_NP_0001;1591
2024;8.;SPECU_ABVAL;NACE03;UNIT_EUR;U_NP_0001;1557
2024;8.;SPECU_ABVAL;NACE04;UNIT_EUR;U_NP_0001;2269
2024;8.;SPECU_ABVAL;NACE05;UNIT_EUR;U_NP_0001;1453
2024;8.;SPECU_ABVAL;NACE06;UNIT_EUR;U_NP_0001;1078
2024;8.;SPECU_ABVAL;NACE07;UNIT_EUR;U_NP_0001;1503
2024;8.;SPECU_ABVAL;NACE08;UNIT_EUR;U_NP_0001;1581
2024;8.;SPECU_ABVAL;NACE09;UNIT_EUR;U_NP_0001;1248
2024;8.;SPECU_ABVAL;NACE10;UNIT_EUR;U_NP_0001;1182
2024;8.;SPECU_ABVAL;NACE11;UNIT_EUR;U_NP_0001;770
2024;8.;SPECU_ABVAL;NACE12;UNIT_EUR;U_NP_0001;1379
2024;8.;SPECU_ABVAL;NACE13;UNIT_EUR;U_NP_0001;1263
2024;8.;SPECU_ABVAL;NACE14;UNIT_EUR;U_NP_0001;2346
2024;8.;SPECU_ABVAL;NACE15;UNIT_EUR;U_NP_0001;1444
2024;9.;SPECU_ABVAL;NACE01;UNIT_EUR;U_NP_0001;1557
2024;9.;SPECU_ABVAL;NACE02;UNIT_EUR;U_NP_0001;1536
2024;9.;SPECU_ABVAL;NACE03;UNIT_EUR;U_NP_0001;1533
2024;9.;SPECU_ABVAL;NACE04;UNIT_EUR;U_NP_0001;2329
2024;9.;SPECU_ABVAL;NACE05;UNIT_EUR;U_NP_0001;1438
2024;9.;SPECU_ABVAL;NACE06;UNIT_EUR;U_NP_0001;1052
2024;9.;SPECU_ABVAL;NACE07;UNIT_EUR;U_NP_0001;1477
2024;9.;SPECU_ABVAL;NACE08;UNIT_EUR;U_NP_0001;1595
2024;9.;SPECU_ABVAL;NACE09;UNIT_EUR;U_NP_0001;1230
2024;9.;SPECU_ABVAL;NACE10;UNIT_EUR;U_NP_0001;1161
2024;9.;SPECU_ABVAL;NACE11;UNIT_EUR;U_NP_0001;754
2024;9.;SPECU_ABVAL;NACE12;UNIT_EUR;U_NP_0001;1365
2024;9.;SPECU_ABVAL;NACE13;UNIT_EUR;U_NP_0001;1236
2024;9.;SPECU_ABVAL;NACE14;UNIT_EUR;U_NP_0001;2355
2024;9.;SPECU_ABVAL;NACE15;UNIT_EUR;U_NP_0001;1453
2024;10.;SPECU_ABVAL;NACE01;UNIT_EUR;U_NP_0001;1585
2024;10.;SPECU_ABVAL;NACE02;UNIT_EUR;U_NP_0001;1580
2024;10.;SPECU_ABVAL;NACE03;UNIT_EUR;U_NP_0001;1551
2024;10.;SPECU_ABVAL;NACE04;UNIT_EUR;U_NP_0001;2471
2024;10.;SPECU_ABVAL;NACE05;UNIT_EUR;U_NP_0001;1608
2024;10.;SPECU_ABVAL;NACE06;UNIT_EUR;U_NP_0001;1078
2024;10.;SPECU_ABVAL;NACE07;UNIT_EUR;U_NP_0001;1537
2024;10.;SPECU_ABVAL;NACE08;UNIT_EUR;U_NP_0001;1614
2024;10.;SPECU_ABVAL;NACE09;UNIT_EUR;U_NP_0001;1239
2024;10.;SPECU_ABVAL;NACE10;UNIT_EUR;U_NP_0001;1145
2024;10.;SPECU_ABVAL;NACE11;UNIT_EUR;U_NP_0001;753
2024;10.;SPECU_ABVAL;NACE12;UNIT_EUR;U_NP_0001;1392
2024;10.;SPECU_ABVAL;NACE13;UNIT_EUR;U_NP_0001;1232
2024;10.;SPECU_ABVAL;NACE14;UNIT_EUR;U_NP_0001;2372
2024;10.;SPECU_ABVAL;NACE15;UNIT_EUR;U_NP_0001;1449
2024;11.;SPECU_ABVAL;NACE01;UNIT_EUR;U_NP_0001;1989
2024;11.;SPECU_ABVAL;NACE02;UNIT_EUR;U_NP_0001;1963
2024;11.;SPECU_ABVAL;NACE03;UNIT_EUR;U_NP_0001;1958
2024;11.;SPECU_ABVAL;NACE04;UNIT_EUR;U_NP_0001;2913
2024;11.;SPECU_ABVAL;NACE05;UNIT_EUR;U_NP_0001;1900
2024;11.;SPECU_ABVAL;NACE06;UNIT_EUR;U_NP_0001;1179
2024;11.;SPECU_ABVAL;NACE07;UNIT_EUR;U_NP_0001;1683
2024;11.;SPECU_ABVAL;NACE08;UNIT_EUR;U_NP_0001;1875
2024;11.;SPECU_ABVAL;NACE09;UNIT_EUR;U_NP_0001;1335
2024;11.;SPECU_ABVAL;NACE10;UNIT_EUR;U_NP_0001;1246
2024;11.;SPECU_ABVAL;NACE11;UNIT_EUR;U_NP_0001;771
2024;11.;SPECU_ABVAL;NACE12;UNIT_EUR;U_NP_0001;1549
2024;11.;SPECU_ABVAL;NACE13;UNIT_EUR;U_NP_0001;1299
2024;11.;SPECU_ABVAL;NACE14;UNIT_EUR;U_NP_0001;2802
2024;11.;SPECU_ABVAL;NACE15;UNIT_EUR;U_NP_0001;1570
2024;12.;SPECU_ABVAL;NACE01;UNIT_EUR;U_NP_0001;1730
2024;12.;SPECU_ABVAL;NACE02;UNIT_EUR;U_NP_0001;1861
2024;12.;SPECU_ABVAL;NACE03;UNIT_EUR;U_NP_0001;1696
2024;12.;SPECU_ABVAL;NACE04;UNIT_EUR;U_NP_0001;2717
2024;12.;SPECU_ABVAL;NACE05;UNIT_EUR;U_NP_0001;1651
2024;12.;SPECU_ABVAL;NACE06;UNIT_EUR;U_NP_0001;1107
2024;12.;SPECU_ABVAL;NACE07;UNIT_EUR;U_NP_0001;1632
2024;12.;SPECU_ABVAL;NACE08;UNIT_EUR;U_NP_0001;1860
2024;12.;SPECU_ABVAL;NACE09;UNIT_EUR;U_NP_0001;1331
2024;12.;SPECU_ABVAL;NACE10;UNIT_EUR;U_NP_0001;1206
2024;12.;SPECU_ABVAL;NACE11;UNIT_EUR;U_NP_0001;766
2024;12.;SPECU_ABVAL;NACE12;UNIT_EUR;U_NP_0001;1484
2024;12.;SPECU_ABVAL;NACE13;UNIT_EUR;U_NP_0001;1269
2024;12.;SPECU_ABVAL;NACE14;UNIT_EUR;U_NP_0001;2765
2024;12.;SPECU_ABVAL;NACE15;UNIT_EUR;U_NP_0001;1563
2024;1. - 12.;SPECU_ABVAL;NACE01;UNIT_EUR;U_NP_0001;1641
2024;1. - 12.;SPECU_ABVAL;NACE02;UNIT_EUR;U_NP_0001;1612
2024;1. - 12.;SPECU_ABVAL;NACE03;UNIT_EUR;U_NP_0001;1611
2024;1. - 12.;SPECU_ABVAL;NACE04;UNIT_EUR;U_NP_0001;2598
2024;1. - 12.;SPECU_ABVAL;NACE05;UNIT_EUR;U_NP_0001;1508
2024;1. - 12.;SPECU_ABVAL;NACE06;UNIT_EUR;U_NP_0001;1071
2024;1. - 12.;SPECU_ABVAL;NACE07;UNIT_EUR;U_NP_0001;1522
2024;1. - 12.;SPECU_ABVAL;NACE08;UNIT_EUR;U_NP_0001;1661
2024;1. - 12.;SPECU_ABVAL;NACE09;UNIT_EUR;U_NP_0001;1245
2024;1. - 12.;SPECU_ABVAL;NACE10;UNIT_EUR;U_NP_0001;1150
2024;1. - 12.;SPECU_ABVAL;NACE11;UNIT_EUR;U_NP_0001;758
2024;1. - 12.;SPECU_ABVAL;NACE12;UNIT_EUR;U_NP_0001;1399
2024;1. - 12.;SPECU_ABVAL;NACE13;UNIT_EUR;U_NP_0001;1235
2024;1. - 12.;SPECU_ABVAL;NACE14;UNIT_EUR;U_NP_0001;2492
2024;1. - 12.;SPECU_ABVAL;NACE15;UNIT_EUR;U_NP_0001;1481
2023;1.;SPECU_ABVAL;NACE01;UNIT_EUR;U_NP_0001;1392
2023;1.;SPECU_ABVAL;NACE02;UNIT_EUR;U_NP_0001;1446
2023;1.;SPECU_ABVAL;NACE03;UNIT_EUR;U_NP_0001;1369
2023;1.;SPECU_ABVAL;NACE04;UNIT_EUR;U_NP_0001;2179
2023;1.;SPECU_ABVAL;NACE05;UNIT_EUR;U_NP_0001;1262
2023;1.;SPECU_ABVAL;NACE06;UNIT_EUR;U_NP_0001;941
2023;1.;SPECU_ABVAL;NACE07;UNIT_EUR;U_NP_0001;1334
2023;1.;SPECU_ABVAL;NACE08;UNIT_EUR;U_NP_0001;1465
2023;1.;SPECU_ABVAL;NACE09;UNIT_EUR;U_NP_0001;1075
2023;1.;SPECU_ABVAL;NACE10;UNIT_EUR;U_NP_0001;1027
2023;1.;SPECU_ABVAL;NACE11;UNIT_EUR;U_NP_0001;674
2023;1.;SPECU_ABVAL;NACE12;UNIT_EUR;U_NP_0001;1222
2023;1.;SPECU_ABVAL;NACE13;UNIT_EUR;U_NP_0001;1047
2023;1.;SPECU_ABVAL;NACE14;UNIT_EUR;U_NP_0001;2278
2023;1.;SPECU_ABVAL;NACE15;UNIT_EUR;U_NP_0001;1338
2023;2.;SPECU_ABVAL;NACE01;UNIT_EUR;U_NP_0001;1338
2023;2.;SPECU_ABVAL;NACE02;UNIT_EUR;U_NP_0001;1281
2023;2.;SPECU_ABVAL;NACE03;UNIT_EUR;U_NP_0001;1311
2023;2.;SPECU_ABVAL;NACE04;UNIT_EUR;U_NP_0001;2350
2023;2.;SPECU_ABVAL;NACE05;UNIT_EUR;U_NP_0001;1170
2023;2.;SPECU_ABVAL;NACE06;UNIT_EUR;U_NP_0001;919
2023;2.;SPECU_ABVAL;NACE07;UNIT_EUR;U_NP_0001;1328
2023;2.;SPECU_ABVAL;NACE08;UNIT_EUR;U_NP_0001;1449
2023;2.;SPECU_ABVAL;NACE09;UNIT_EUR;U_NP_0001;1072
2023;2.;SPECU_ABVAL;NACE10;UNIT_EUR;U_NP_0001;996
2023;2.;SPECU_ABVAL;NACE11;UNIT_EUR;U_NP_0001;678
2023;2.;SPECU_ABVAL;NACE12;UNIT_EUR;U_NP_0001;1181
2023;2.;SPECU_ABVAL;NACE13;UNIT_EUR;U_NP_0001;1004
2023;2.;SPECU_ABVAL;NACE14;UNIT_EUR;U_NP_0001;2255
2023;2.;SPECU_ABVAL;NACE15;UNIT_EUR;U_NP_0001;1350
2023;3.;SPECU_ABVAL;NACE01;UNIT_EUR;U_NP_0001;1463
2023;3.;SPECU_ABVAL;NACE02;UNIT_EUR;U_NP_0001;1400
2023;3.;SPECU_ABVAL;NACE03;UNIT_EUR;U_NP_0001;1432
2023;3.;SPECU_ABVAL;NACE04;UNIT_EUR;U_NP_0001;2464
2023;3.;SPECU_ABVAL;NACE05;UNIT_EUR;U_NP_0001;1354
2023;3.;SPECU_ABVAL;NACE06;UNIT_EUR;U_NP_0001;1014
2023;3.;SPECU_ABVAL;NACE07;UNIT_EUR;U_NP_0001;1388
2023;3.;SPECU_ABVAL;NACE08;UNIT_EUR;U_NP_0001;1599
2023;3.;SPECU_ABVAL;NACE09;UNIT_EUR;U_NP_0001;1091
2023;3.;SPECU_ABVAL;NACE10;UNIT_EUR;U_NP_0001;1029
2023;3.;SPECU_ABVAL;NACE11;UNIT_EUR;U_NP_0001;695
2023;3.;SPECU_ABVAL;NACE12;UNIT_EUR;U_NP_0001;1237
2023;3.;SPECU_ABVAL;NACE13;UNIT_EUR;U_NP_0001;1076
2023;3.;SPECU_ABVAL;NACE14;UNIT_EUR;U_NP_0001;2561
2023;3.;SPECU_ABVAL;NACE15;UNIT_EUR;U_NP_0001;1448
2023;4.;SPECU_ABVAL;NACE01;UNIT_EUR;U_NP_0001;1448
2023;4.;SPECU_ABVAL;NACE02;UNIT_EUR;U_NP_0001;1410
2023;4.;SPECU_ABVAL;NACE03;UNIT_EUR;U_NP_0001;1427
2023;4.;SPECU_ABVAL;NACE04;UNIT_EUR;U_NP_0001;2193
2023;4.;SPECU_ABVAL;NACE05;UNIT_EUR;U_NP_0001;1307
2023;4.;SPECU_ABVAL;NACE06;UNIT_EUR;U_NP_0001;1001
2023;4.;SPECU_ABVAL;NACE07;UNIT_EUR;U_NP_0001;1383
2023;4.;SPECU_ABVAL;NACE08;UNIT_EUR;U_NP_0001;1496
2023;4.;SPECU_ABVAL;NACE09;UNIT_EUR;U_NP_0001;1089
2023;4.;SPECU_ABVAL;NACE10;UNIT_EUR;U_NP_0001;1055
2023;4.;SPECU_ABVAL;NACE11;UNIT_EUR;U_NP_0001;687
2023;4.;SPECU_ABVAL;NACE12;UNIT_EUR;U_NP_0001;1236
2023;4.;SPECU_ABVAL;NACE13;UNIT_EUR;U_NP_0001;1047
2023;4.;SPECU_ABVAL;NACE14;UNIT_EUR;U_NP_0001;2453
2023;4.;SPECU_ABVAL;NACE15;UNIT_EUR;U_NP_0001;1405
2023;5.;SPECU_ABVAL;NACE01;UNIT_EUR;U_NP_0001;1592
2023;5.;SPECU_ABVAL;NACE02;UNIT_EUR;U_NP_0001;1464
2023;5.;SPECU_ABVAL;NACE03;UNIT_EUR;U_NP_0001;1583
2023;5.;SPECU_ABVAL;NACE04;UNIT_EUR;U_NP_0001;2131
2023;5.;SPECU_ABVAL;NACE05;UNIT_EUR;U_NP_0001;1382
2023;5.;SPECU_ABVAL;NACE06;UNIT_EUR;U_NP_0001;1031
2023;5.;SPECU_ABVAL;NACE07;UNIT_EUR;U_NP_0001;1383
2023;5.;SPECU_ABVAL;NACE08;UNIT_EUR;U_NP_0001;1553
2023;5.;SPECU_ABVAL;NACE09;UNIT_EUR;U_NP_0001;1157
2023;5.;SPECU_ABVAL;NACE10;UNIT_EUR;U_NP_0001;1089
2023;5.;SPECU_ABVAL;NACE11;UNIT_EUR;U_NP_0001;701
2023;5.;SPECU_ABVAL;NACE12;UNIT_EUR;U_NP_0001;1285
2023;5.;SPECU_ABVAL;NACE13;UNIT_EUR;U_NP_0001;1117
2023;5.;SPECU_ABVAL;NACE14;UNIT_EUR;U_NP_0001;2359
2023;5.;SPECU_ABVAL;NACE15;UNIT_EUR;U_NP_0001;1421
2023;6.;SPECU_ABVAL;NACE01;UNIT_EUR;U_NP_0001;1514
2023;6.;SPECU_ABVAL;NACE02;UNIT_EUR;U_NP_0001;1566
2023;6.;SPECU_ABVAL;NACE03;UNIT_EUR;U_NP_0001;1472
2023;6.;SPECU_ABVAL;NACE04;UNIT_EUR;U_NP_0001;2855
2023;6.;SPECU_ABVAL;NACE05;UNIT_EUR;U_NP_0001;1335
2023;6.;SPECU_ABVAL;NACE06;UNIT_EUR;U_NP_0001;1050
2023;6.;SPECU_ABVAL;NACE07;UNIT_EUR;U_NP_0001;1414
2023;6.;SPECU_ABVAL;NACE08;UNIT_EUR;U_NP_0001;1584
2023;6.;SPECU_ABVAL;NACE09;UNIT_EUR;U_NP_0001;1118
2023;6.;SPECU_ABVAL;NACE10;UNIT_EUR;U_NP_0001;1081
2023;6.;SPECU_ABVAL;NACE11;UNIT_EUR;U_NP_0001;698
2023;6.;SPECU_ABVAL;NACE12;UNIT_EUR;U_NP_0001;1275
2023;6.;SPECU_ABVAL;NACE13;UNIT_EUR;U_NP_0001;1105
2023;6.;SPECU_ABVAL;NACE14;UNIT_EUR;U_NP_0001;2318
2023;6.;SPECU_ABVAL;NACE15;UNIT_EUR;U_NP_0001;1455
2023;7.;SPECU_ABVAL;NACE01;UNIT_EUR;U_NP_0001;1473
2023;7.;SPECU_ABVAL;NACE02;UNIT_EUR;U_NP_0001;1494
2023;7.;SPECU_ABVAL;NACE03;UNIT_EUR;U_NP_0001;1447
2023;7.;SPECU_ABVAL;NACE04;UNIT_EUR;U_NP_0001;2305
2023;7.;SPECU_ABVAL;NACE05;UNIT_EUR;U_NP_0001;1373
2023;7.;SPECU_ABVAL;NACE06;UNIT_EUR;U_NP_0001;1033
2023;7.;SPECU_ABVAL;NACE07;UNIT_EUR;U_NP_0001;1386
2023;7.;SPECU_ABVAL;NACE08;UNIT_EUR;U_NP_0001;1538
2023;7.;SPECU_ABVAL;NACE09;UNIT_EUR;U_NP_0001;1135
2023;7.;SPECU_ABVAL;NACE10;UNIT_EUR;U_NP_0001;1083
2023;7.;SPECU_ABVAL;NACE11;UNIT_EUR;U_NP_0001;690
2023;7.;SPECU_ABVAL;NACE12;UNIT_EUR;U_NP_0001;1283
2023;7.;SPECU_ABVAL;NACE13;UNIT_EUR;U_NP_0001;1116
2023;7.;SPECU_ABVAL;NACE14;UNIT_EUR;U_NP_0001;2234
2023;7.;SPECU_ABVAL;NACE15;UNIT_EUR;U_NP_0001;1400
2023;8.;SPECU_ABVAL;NACE01;UNIT_EUR;U_NP_0001;1484
2023;8.;SPECU_ABVAL;NACE02;UNIT_EUR;U_NP_0001;1546
2023;8.;SPECU_ABVAL;NACE03;UNIT_EUR;U_NP_0001;1466
2023;8.;SPECU_ABVAL;NACE04;UNIT_EUR;U_NP_0001;2096
2023;8.;SPECU_ABVAL;NACE05;UNIT_EUR;U_NP_0001;1367
2023;8.;SPECU_ABVAL;NACE06;UNIT_EUR;U_NP_0001;1042
2023;8.;SPECU_ABVAL;NACE07;UNIT_EUR;U_NP_0001;1382
2023;8.;SPECU_ABVAL;NACE08;UNIT_EUR;U_NP_0001;1533
2023;8.;SPECU_ABVAL;NACE09;UNIT_EUR;U_NP_0001;1141
2023;8.;SPECU_ABVAL;NACE10;UNIT_EUR;U_NP_0001;1097
2023;8.;SPECU_ABVAL;NACE11;UNIT_EUR;U_NP_0001;718
2023;8.;SPECU_ABVAL;NACE12;UNIT_EUR;U_NP_0001;1284
2023;8.;SPECU_ABVAL;NACE13;UNIT_EUR;U_NP_0001;1159
2023;8.;SPECU_ABVAL;NACE14;UNIT_EUR;U_NP_0001;2292
2023;8.;SPECU_ABVAL;NACE15;UNIT_EUR;U_NP_0001;1394
2023;9.;SPECU_ABVAL;NACE01;UNIT_EUR;U_NP_0001;1456
2023;9.;SPECU_ABVAL;NACE02;UNIT_EUR;U_NP_0001;1515
2023;9.;SPECU_ABVAL;NACE03;UNIT_EUR;U_NP_0001;1436
2023;9.;SPECU_ABVAL;NACE04;UNIT_EUR;U_NP_0001;2127
2023;9.;SPECU_ABVAL;NACE05;UNIT_EUR;U_NP_0001;1321
2023;9.;SPECU_ABVAL;NACE06;UNIT_EUR;U_NP_0001;1036
2023;9.;SPECU_ABVAL;NACE07;UNIT_EUR;U_NP_0001;1367
2023;9.;SPECU_ABVAL;NACE08;UNIT_EUR;U_NP_0001;1507
2023;9.;SPECU_ABVAL;NACE09;UNIT_EUR;U_NP_0001;1185
2023;9.;SPECU_ABVAL;NACE10;UNIT_EUR;U_NP_0001;1107
2023;9.;SPECU_ABVAL;NACE11;UNIT_EUR;U_NP_0001;706
2023;9.;SPECU_ABVAL;NACE12;UNIT_EUR;U_NP_0001;1266
2023;9.;SPECU_ABVAL;NACE13;UNIT_EUR;U_NP_0001;1115
2023;9.;SPECU_ABVAL;NACE14;UNIT_EUR;U_NP_0001;2291
2023;9.;SPECU_ABVAL;NACE15;UNIT_EUR;U_NP_0001;1403
2023;10.;SPECU_ABVAL;NACE01;UNIT_EUR;U_NP_0001;1477
2023;10.;SPECU_ABVAL;NACE02;UNIT_EUR;U_NP_0001;1520
2023;10.;SPECU_ABVAL;NACE03;UNIT_EUR;U_NP_0001;1447
2023;10.;SPECU_ABVAL;NACE04;UNIT_EUR;U_NP_0001;2256
2023;10.;SPECU_ABVAL;NACE05;UNIT_EUR;U_NP_0001;1505
2023;10.;SPECU_ABVAL;NACE06;UNIT_EUR;U_NP_0001;1029
2023;10.;SPECU_ABVAL;NACE07;UNIT_EUR;U_NP_0001;1383
2023;10.;SPECU_ABVAL;NACE08;UNIT_EUR;U_NP_0001;1540
2023;10.;SPECU_ABVAL;NACE09;UNIT_EUR;U_NP_0001;1130
2023;10.;SPECU_ABVAL;NACE10;UNIT_EUR;U_NP_0001;1083
2023;10.;SPECU_ABVAL;NACE11;UNIT_EUR;U_NP_0001;720
2023;10.;SPECU_ABVAL;NACE12;UNIT_EUR;U_NP_0001;1268
2023;10.;SPECU_ABVAL;NACE13;UNIT_EUR;U_NP_0001;1112
2023;10.;SPECU_ABVAL;NACE14;UNIT_EUR;U_NP_0001;2270
2023;10.;SPECU_ABVAL;NACE15;UNIT_EUR;U_NP_0001;1392
2023;11.;SPECU_ABVAL;NACE01;UNIT_EUR;U_NP_0001;1891
2023;11.;SPECU_ABVAL;NACE02;UNIT_EUR;U_NP_0001;1885
2023;11.;SPECU_ABVAL;NACE03;UNIT_EUR;U_NP_0001;1876
2023;11.;SPECU_ABVAL;NACE04;UNIT_EUR;U_NP_0001;2484
2023;11.;SPECU_ABVAL;NACE05;UNIT_EUR;U_NP_0001;1711
2023;11.;SPECU_ABVAL;NACE06;UNIT_EUR;U_NP_0001;1149
2023;11.;SPECU_ABVAL;NACE07;UNIT_EUR;U_NP_0001;1594
2023;11.;SPECU_ABVAL;NACE08;UNIT_EUR;U_NP_0001;1846
2023;11.;SPECU_ABVAL;NACE09;UNIT_EUR;U_NP_0001;1227
2023;11.;SPECU_ABVAL;NACE10;UNIT_EUR;U_NP_0001;1137
2023;11.;SPECU_ABVAL;NACE11;UNIT_EUR;U_NP_0001;727
2023;11.;SPECU_ABVAL;NACE12;UNIT_EUR;U_NP_0001;1471
2023;11.;SPECU_ABVAL;NACE13;UNIT_EUR;U_NP_0001;1223
2023;11.;SPECU_ABVAL;NACE14;UNIT_EUR;U_NP_0001;2687
2023;11.;SPECU_ABVAL;NACE15;UNIT_EUR;U_NP_0001;1529
2023;12.;SPECU_ABVAL;NACE01;UNIT_EUR;U_NP_0001;1615
2023;12.;SPECU_ABVAL;NACE02;UNIT_EUR;U_NP_0001;1665
2023;12.;SPECU_ABVAL;NACE03;UNIT_EUR;U_NP_0001;1584
2023;12.;SPECU_ABVAL;NACE04;UNIT_EUR;U_NP_0001;2560
2023;12.;SPECU_ABVAL;NACE05;UNIT_EUR;U_NP_0001;1534
2023;12.;SPECU_ABVAL;NACE06;UNIT_EUR;U_NP_0001;1066
2023;12.;SPECU_ABVAL;NACE07;UNIT_EUR;U_NP_0001;1469
2023;12.;SPECU_ABVAL;NACE08;UNIT_EUR;U_NP_0001;1823
2023;12.;SPECU_ABVAL;NACE09;UNIT_EUR;U_NP_0001;1222
2023;12.;SPECU_ABVAL;NACE10;UNIT_EUR;U_NP_0001;1129
2023;12.;SPECU_ABVAL;NACE11;UNIT_EUR;U_NP_0001;718
2023;12.;SPECU_ABVAL;NACE12;UNIT_EUR;U_NP_0001;1393
2023;12.;SPECU_ABVAL;NACE13;UNIT_EUR;U_NP_0001;1127
2023;12.;SPECU_ABVAL;NACE14;UNIT_EUR;U_NP_0001;2675
2023;12.;SPECU_ABVAL;NACE15;UNIT_EUR;U_NP_0001;1530
2023;1. - 12.;SPECU_ABVAL;NACE01;UNIT_EUR;U_NP_0001;1511
2023;1. - 12.;SPECU_ABVAL;NACE02;UNIT_EUR;U_NP_0001;1513
2023;1. - 12.;SPECU_ABVAL;NACE03;UNIT_EUR;U_NP_0001;1487
2023;1. - 12.;SPECU_ABVAL;NACE04;UNIT_EUR;U_NP_0001;2333
2023;1. - 12.;SPECU_ABVAL;NACE05;UNIT_EUR;U_NP_0001;1384
2023;1. - 12.;SPECU_ABVAL;NACE06;UNIT_EUR;U_NP_0001;1026
2023;1. - 12.;SPECU_ABVAL;NACE07;UNIT_EUR;U_NP_0001;1403
2023;1. - 12.;SPECU_ABVAL;NACE08;UNIT_EUR;U_NP_0001;1577
2023;1. - 12.;SPECU_ABVAL;NACE09;UNIT_EUR;U_NP_0001;1137
2023;1. - 12.;SPECU_ABVAL;NACE10;UNIT_EUR;U_NP_0001;1076
2023;1. - 12.;SPECU_ABVAL;NACE11;UNIT_EUR;U_NP_0001;701
2023;1. - 12.;SPECU_ABVAL;NACE12;UNIT_EUR;U_NP_0001;1283
2023;1. - 12.;SPECU_ABVAL;NACE13;UNIT_EUR;U_NP_0001;1103
2023;1. - 12.;SPECU_ABVAL;NACE14;UNIT_EUR;U_NP_0001;2389
2023;1. - 12.;SPECU_ABVAL;NACE15;UNIT_EUR;U_NP_0001;1422
2022;1.;SPECU_ABVAL;NACE01;UNIT_EUR;U_NP_0001;1261
2022;1.;SPECU_ABVAL;NACE02;UNIT_EUR;U_NP_0001;1268
2022;1.;SPECU_ABVAL;NACE03;UNIT_EUR;U_NP_0001;1243
2022;1.;SPECU_ABVAL;NACE04;UNIT_EUR;U_NP_0001;1928
2022;1.;SPECU_ABVAL;NACE05;UNIT_EUR;U_NP_0001;1125
2022;1.;SPECU_ABVAL;NACE06;UNIT_EUR;U_NP_0001;831
2022;1.;SPECU_ABVAL;NACE07;UNIT_EUR;U_NP_0001;1201
2022;1.;SPECU_ABVAL;NACE08;UNIT_EUR;U_NP_0001;1335
2022;1.;SPECU_ABVAL;NACE09;UNIT_EUR;U_NP_0001;987
2022;1.;SPECU_ABVAL;NACE10;UNIT_EUR;U_NP_0001;816
2022;1.;SPECU_ABVAL;NACE11;UNIT_EUR;U_NP_0001;581
2022;1.;SPECU_ABVAL;NACE12;UNIT_EUR;U_NP_0001;1107
2022;1.;SPECU_ABVAL;NACE13;UNIT_EUR;U_NP_0001;998
2022;1.;SPECU_ABVAL;NACE14;UNIT_EUR;U_NP_0001;2101
2022;1.;SPECU_ABVAL;NACE15;UNIT_EUR;U_NP_0001;1212
2022;2.;SPECU_ABVAL;NACE01;UNIT_EUR;U_NP_0001;1212
2022;2.;SPECU_ABVAL;NACE02;UNIT_EUR;U_NP_0001;1426
2022;2.;SPECU_ABVAL;NACE03;UNIT_EUR;U_NP_0001;1185
2022;2.;SPECU_ABVAL;NACE04;UNIT_EUR;U_NP_0001;2128
2022;2.;SPECU_ABVAL;NACE05;UNIT_EUR;U_NP_0001;1040
2022;2.;SPECU_ABVAL;NACE06;UNIT_EUR;U_NP_0001;806
2022;2.;SPECU_ABVAL;NACE07;UNIT_EUR;U_NP_0001;1160
2022;2.;SPECU_ABVAL;NACE08;UNIT_EUR;U_NP_0001;1275
2022;2.;SPECU_ABVAL;NACE09;UNIT_EUR;U_NP_0001;969
2022;2.;SPECU_ABVAL;NACE10;UNIT_EUR;U_NP_0001;815
2022;2.;SPECU_ABVAL;NACE11;UNIT_EUR;U_NP_0001;583
2022;2.;SPECU_ABVAL;NACE12;UNIT_EUR;U_NP_0001;1086
2022;2.;SPECU_ABVAL;NACE13;UNIT_EUR;U_NP_0001;950
2022;2.;SPECU_ABVAL;NACE14;UNIT_EUR;U_NP_0001;2075
2022;2.;SPECU_ABVAL;NACE15;UNIT_EUR;U_NP_0001;1197
2022;3.;SPECU_ABVAL;NACE01;UNIT_EUR;U_NP_0001;1342
2022;3.;SPECU_ABVAL;NACE02;UNIT_EUR;U_NP_0001;1304
2022;3.;SPECU_ABVAL;NACE03;UNIT_EUR;U_NP_0001;1316
2022;3.;SPECU_ABVAL;NACE04;UNIT_EUR;U_NP_0001;2264
2022;3.;SPECU_ABVAL;NACE05;UNIT_EUR;U_NP_0001;1187
2022;3.;SPECU_ABVAL;NACE06;UNIT_EUR;U_NP_0001;876
2022;3.;SPECU_ABVAL;NACE07;UNIT_EUR;U_NP_0001;1258
2022;3.;SPECU_ABVAL;NACE08;UNIT_EUR;U_NP_0001;1436
2022;3.;SPECU_ABVAL;NACE09;UNIT_EUR;U_NP_0001;1005
2022;3.;SPECU_ABVAL;NACE10;UNIT_EUR;U_NP_0001;896
2022;3.;SPECU_ABVAL;NACE11;UNIT_EUR;U_NP_0001;590
2022;3.;SPECU_ABVAL;NACE12;UNIT_EUR;U_NP_0001;1153
2022;3.;SPECU_ABVAL;NACE13;UNIT_EUR;U_NP_0001;1021
2022;3.;SPECU_ABVAL;NACE14;UNIT_EUR;U_NP_0001;2406
2022;3.;SPECU_ABVAL;NACE15;UNIT_EUR;U_NP_0001;1281
2022;4.;SPECU_ABVAL;NACE01;UNIT_EUR;U_NP_0001;1333
2022;4.;SPECU_ABVAL;NACE02;UNIT_EUR;U_NP_0001;1323
2022;4.;SPECU_ABVAL;NACE03;UNIT_EUR;U_NP_0001;1316
2022;4.;SPECU_ABVAL;NACE04;UNIT_EUR;U_NP_0001;1964
2022;4.;SPECU_ABVAL;NACE05;UNIT_EUR;U_NP_0001;1176
2022;4.;SPECU_ABVAL;NACE06;UNIT_EUR;U_NP_0001;894
2022;4.;SPECU_ABVAL;NACE07;UNIT_EUR;U_NP_0001;1233
2022;4.;SPECU_ABVAL;NACE08;UNIT_EUR;U_NP_0001;1351
2022;4.;SPECU_ABVAL;NACE09;UNIT_EUR;U_NP_0001;1013
2022;4.;SPECU_ABVAL;NACE10;UNIT_EUR;U_NP_0001;915
2022;4.;SPECU_ABVAL;NACE11;UNIT_EUR;U_NP_0001;625
2022;4.;SPECU_ABVAL;NACE12;UNIT_EUR;U_NP_0001;1166
2022;4.;SPECU_ABVAL;NACE13;UNIT_EUR;U_NP_0001;1026
2022;4.;SPECU_ABVAL;NACE14;UNIT_EUR;U_NP_0001;2219
2022;4.;SPECU_ABVAL;NACE15;UNIT_EUR;U_NP_0001;1257
2022;5.;SPECU_ABVAL;NACE01;UNIT_EUR;U_NP_0001;1441
2022;5.;SPECU_ABVAL;NACE02;UNIT_EUR;U_NP_0001;1410
2022;5.;SPECU_ABVAL;NACE03;UNIT_EUR;U_NP_0001;1433
2022;5.;SPECU_ABVAL;NACE04;UNIT_EUR;U_NP_0001;1928
2022;5.;SPECU_ABVAL;NACE05;UNIT_EUR;U_NP_0001;1221
2022;5.;SPECU_ABVAL;NACE06;UNIT_EUR;U_NP_0001;909
2022;5.;SPECU_ABVAL;NACE07;UNIT_EUR;U_NP_0001;1273
2022;5.;SPECU_ABVAL;NACE08;UNIT_EUR;U_NP_0001;1408
2022;5.;SPECU_ABVAL;NACE09;UNIT_EUR;U_NP_0001;1058
2022;5.;SPECU_ABVAL;NACE10;UNIT_EUR;U_NP_0001;945
2022;5.;SPECU_ABVAL;NACE11;UNIT_EUR;U_NP_0001;626
2022;5.;SPECU_ABVAL;NACE12;UNIT_EUR;U_NP_0001;1186
2022;5.;SPECU_ABVAL;NACE13;UNIT_EUR;U_NP_0001;1020
2022;5.;SPECU_ABVAL;NACE14;UNIT_EUR;U_NP_0001;2274
2022;5.;SPECU_ABVAL;NACE15;UNIT_EUR;U_NP_0001;1234
2022;6.;SPECU_ABVAL;NACE01;UNIT_EUR;U_NP_0001;1376
2022;6.;SPECU_ABVAL;NACE02;UNIT_EUR;U_NP_0001;1365
2022;6.;SPECU_ABVAL;NACE03;UNIT_EUR;U_NP_0001;1342
2022;6.;SPECU_ABVAL;NACE04;UNIT_EUR;U_NP_0001;2519
2022;6.;SPECU_ABVAL;NACE05;UNIT_EUR;U_NP_0001;1193
2022;6.;SPECU_ABVAL;NACE06;UNIT_EUR;U_NP_0001;930
2022;6.;SPECU_ABVAL;NACE07;UNIT_EUR;U_NP_0001;1273
2022;6.;SPECU_ABVAL;NACE08;UNIT_EUR;U_NP_0001;1422
2022;6.;SPECU_ABVAL;NACE09;UNIT_EUR;U_NP_0001;1035
2022;6.;SPECU_ABVAL;NACE10;UNIT_EUR;U_NP_0001;943
2022;6.;SPECU_ABVAL;NACE11;UNIT_EUR;U_NP_0001;637
2022;6.;SPECU_ABVAL;NACE12;UNIT_EUR;U_NP_0001;1183
2022;6.;SPECU_ABVAL;NACE13;UNIT_EUR;U_NP_0001;1026
2022;6.;SPECU_ABVAL;NACE14;UNIT_EUR;U_NP_0001;2180
2022;6.;SPECU_ABVAL;NACE15;UNIT_EUR;U_NP_0001;1285
2022;7.;SPECU_ABVAL;NACE01;UNIT_EUR;U_NP_0001;1327
2022;7.;SPECU_ABVAL;NACE02;UNIT_EUR;U_NP_0001;1381
2022;7.;SPECU_ABVAL;NACE03;UNIT_EUR;U_NP_0001;1304
2022;7.;SPECU_ABVAL;NACE04;UNIT_EUR;U_NP_0001;2038
2022;7.;SPECU_ABVAL;NACE05;UNIT_EUR;U_NP_0001;1243
2022;7.;SPECU_ABVAL;NACE06;UNIT_EUR;U_NP_0001;918
2022;7.;SPECU_ABVAL;NACE07;UNIT_EUR;U_NP_0001;1265
2022;7.;SPECU_ABVAL;NACE08;UNIT_EUR;U_NP_0001;1367
2022;7.;SPECU_ABVAL;NACE09;UNIT_EUR;U_NP_0001;1029
2022;7.;SPECU_ABVAL;NACE10;UNIT_EUR;U_NP_0001;969
2022;7.;SPECU_ABVAL;NACE11;UNIT_EUR;U_NP_0001;622
2022;7.;SPECU_ABVAL;NACE12;UNIT_EUR;U_NP_0001;1195
2022;7.;SPECU_ABVAL;NACE13;UNIT_EUR;U_NP_0001;1046
2022;7.;SPECU_ABVAL;NACE14;UNIT_EUR;U_NP_0001;2113
2022;7.;SPECU_ABVAL;NACE15;UNIT_EUR;U_NP_0001;1242
2022;8.;SPECU_ABVAL;NACE01;UNIT_EUR;U_NP_0001;1351
2022;8.;SPECU_ABVAL;NACE02;UNIT_EUR;U_NP_0001;1388
2022;8.;SPECU_ABVAL;NACE03;UNIT_EUR;U_NP_0001;1336
2022;8.;SPECU_ABVAL;NACE04;UNIT_EUR;U_NP_0001;1917
2022;8.;SPECU_ABVAL;NACE05;UNIT_EUR;U_NP_0001;1193
2022;8.;SPECU_ABVAL;NACE06;UNIT_EUR;U_NP_0001;927
2022;8.;SPECU_ABVAL;NACE07;UNIT_EUR;U_NP_0001;1241
2022;8.;SPECU_ABVAL;NACE08;UNIT_EUR;U_NP_0001;1370
2022;8.;SPECU_ABVAL;NACE09;UNIT_EUR;U_NP_0001;1042
2022;8.;SPECU_ABVAL;NACE10;UNIT_EUR;U_NP_0001;1006
2022;8.;SPECU_ABVAL;NACE11;UNIT_EUR;U_NP_0001;617
2022;8.;SPECU_ABVAL;NACE12;UNIT_EUR;U_NP_0001;1176
2022;8.;SPECU_ABVAL;NACE13;UNIT_EUR;U_NP_0001;1032
2022;8.;SPECU_ABVAL;NACE14;UNIT_EUR;U_NP_0001;2138
2022;8.;SPECU_ABVAL;NACE15;UNIT_EUR;U_NP_0001;1245
2022;9.;SPECU_ABVAL;NACE01;UNIT_EUR;U_NP_0001;1357
2022;9.;SPECU_ABVAL;NACE02;UNIT_EUR;U_NP_0001;1360
2022;9.;SPECU_ABVAL;NACE03;UNIT_EUR;U_NP_0001;1340
2022;9.;SPECU_ABVAL;NACE04;UNIT_EUR;U_NP_0001;1996
2022;9.;SPECU_ABVAL;NACE05;UNIT_EUR;U_NP_0001;1195
2022;9.;SPECU_ABVAL;NACE06;UNIT_EUR;U_NP_0001;953
2022;9.;SPECU_ABVAL;NACE07;UNIT_EUR;U_NP_0001;1239
2022;9.;SPECU_ABVAL;NACE08;UNIT_EUR;U_NP_0001;1403
2022;9.;SPECU_ABVAL;NACE09;UNIT_EUR;U_NP_0001;1029
2022;9.;SPECU_ABVAL;NACE10;UNIT_EUR;U_NP_0001;1017
2022;9.;SPECU_ABVAL;NACE11;UNIT_EUR;U_NP_0001;624
2022;9.;SPECU_ABVAL;NACE12;UNIT_EUR;U_NP_0001;1177
2022;9.;SPECU_ABVAL;NACE13;UNIT_EUR;U_NP_0001;1044
2022;9.;SPECU_ABVAL;NACE14;UNIT_EUR;U_NP_0001;2145
2022;9.;SPECU_ABVAL;NACE15;UNIT_EUR;U_NP_0001;1248
2022;10.;SPECU_ABVAL;NACE01;UNIT_EUR;U_NP_0001;1326
2022;10.;SPECU_ABVAL;NACE02;UNIT_EUR;U_NP_0001;1333
2022;10.;SPECU_ABVAL;NACE03;UNIT_EUR;U_NP_0001;1299
2022;10.;SPECU_ABVAL;NACE04;UNIT_EUR;U_NP_0001;2054
2022;10.;SPECU_ABVAL;NACE05;UNIT_EUR;U_NP_0001;1363
2022;10.;SPECU_ABVAL;NACE06;UNIT_EUR;U_NP_0001;946
2022;10.;SPECU_ABVAL;NACE07;UNIT_EUR;U_NP_0001;1273
2022;10.;SPECU_ABVAL;NACE08;UNIT_EUR;U_NP_0001;1395
2022;10.;SPECU_ABVAL;NACE09;UNIT_EUR;U_NP_0001;1032
2022;10.;SPECU_ABVAL;NACE10;UNIT_EUR;U_NP_0001;978
2022;10.;SPECU_ABVAL;NACE11;UNIT_EUR;U_NP_0001;609
2022;10.;SPECU_ABVAL;NACE12;UNIT_EUR;U_NP_0001;1182
2022;10.;SPECU_ABVAL;NACE13;UNIT_EUR;U_NP_0001;1030
2022;10.;SPECU_ABVAL;NACE14;UNIT_EUR;U_NP_0001;2095
2022;10.;SPECU_ABVAL;NACE15;UNIT_EUR;U_NP_0001;1266
2022;11.;SPECU_ABVAL;NACE01;UNIT_EUR;U_NP_0001;1708
2022;11.;SPECU_ABVAL;NACE02;UNIT_EUR;U_NP_0001;1655
2022;11.;SPECU_ABVAL;NACE03;UNIT_EUR;U_NP_0001;1693
2022;11.;SPECU_ABVAL;NACE04;UNIT_EUR;U_NP_0001;2316
2022;11.;SPECU_ABVAL;NACE05;UNIT_EUR;U_NP_0001;1542
2022;11.;SPECU_ABVAL;NACE06;UNIT_EUR;U_NP_0001;1025
2022;11.;SPECU_ABVAL;NACE07;UNIT_EUR;U_NP_0001;1457
2022;11.;SPECU_ABVAL;NACE08;UNIT_EUR;U_NP_0001;1705
2022;11.;SPECU_ABVAL;NACE09;UNIT_EUR;U_NP_0001;1129
2022;11.;SPECU_ABVAL;NACE10;UNIT_EUR;U_NP_0001;1046
2022;11.;SPECU_ABVAL;NACE11;UNIT_EUR;U_NP_0001;632
2022;11.;SPECU_ABVAL;NACE12;UNIT_EUR;U_NP_0001;1339
2022;11.;SPECU_ABVAL;NACE13;UNIT_EUR;U_NP_0001;1184
2022;11.;SPECU_ABVAL;NACE14;UNIT_EUR;U_NP_0001;2492
2022;11.;SPECU_ABVAL;NACE15;UNIT_EUR;U_NP_0001;1394
2022;12.;SPECU_ABVAL;NACE01;UNIT_EUR;U_NP_0001;1445
2022;12.;SPECU_ABVAL;NACE02;UNIT_EUR;U_NP_0001;1961
2022;12.;SPECU_ABVAL;NACE03;UNIT_EUR;U_NP_0001;1418
2022;12.;SPECU_ABVAL;NACE04;UNIT_EUR;U_NP_0001;2263
2022;12.;SPECU_ABVAL;NACE05;UNIT_EUR;U_NP_0001;1260
2022;12.;SPECU_ABVAL;NACE06;UNIT_EUR;U_NP_0001;989
2022;12.;SPECU_ABVAL;NACE07;UNIT_EUR;U_NP_0001;1367
2022;12.;SPECU_ABVAL;NACE08;UNIT_EUR;U_NP_0001;1627
2022;12.;SPECU_ABVAL;NACE09;UNIT_EUR;U_NP_0001;1096
2022;12.;SPECU_ABVAL;NACE10;UNIT_EUR;U_NP_0001;1012
2022;12.;SPECU_ABVAL;NACE11;UNIT_EUR;U_NP_0001;627
2022;12.;SPECU_ABVAL;NACE12;UNIT_EUR;U_NP_0001;1311
2022;12.;SPECU_ABVAL;NACE13;UNIT_EUR;U_NP_0001;1043
2022;12.;SPECU_ABVAL;NACE14;UNIT_EUR;U_NP_0001;2427
2022;12.;SPECU_ABVAL;NACE15;UNIT_EUR;U_NP_0001;1403
2022;1. - 12.;SPECU_ABVAL;NACE01;UNIT_EUR;U_NP_0001;1373
2022;1. - 12.;SPECU_ABVAL;NACE02;UNIT_EUR;U_NP_0001;1427
2022;1. - 12.;SPECU_ABVAL;NACE03;UNIT_EUR;U_NP_0001;1352
2022;1. - 12.;SPECU_ABVAL;NACE04;UNIT_EUR;U_NP_0001;2110
2022;1. - 12.;SPECU_ABVAL;NACE05;UNIT_EUR;U_NP_0001;1225
2022;1. - 12.;SPECU_ABVAL;NACE06;UNIT_EUR;U_NP_0001;915
2022;1. - 12.;SPECU_ABVAL;NACE07;UNIT_EUR;U_NP_0001;1271
2022;1. - 12.;SPECU_ABVAL;NACE08;UNIT_EUR;U_NP_0001;1424
2022;1. - 12.;SPECU_ABVAL;NACE09;UNIT_EUR;U_NP_0001;1035
2022;1. - 12.;SPECU_ABVAL;NACE10;UNIT_EUR;U_NP_0001;949
2022;1. - 12.;SPECU_ABVAL;NACE11;UNIT_EUR;U_NP_0001;613
2022;1. - 12.;SPECU_ABVAL;NACE12;UNIT_EUR;U_NP_0001;1188
2022;1. - 12.;SPECU_ABVAL;NACE13;UNIT_EUR;U_NP_0001;1035
2022;1. - 12.;SPECU_ABVAL;NACE14;UNIT_EUR;U_NP_0001;2222
2022;1. - 12.;SPECU_ABVAL;NACE15;UNIT_EUR;U_NP_0001;1272
2021;1.;SPECU_ABVAL;NACE01;UNIT_EUR;U_NP_0001;1168
2021;1.;SPECU_ABVAL;NACE02;UNIT_EUR;U_NP_0001;1205
2021;1.;SPECU_ABVAL;NACE03;UNIT_EUR;U_NP_0001;1149
2021;1.;SPECU_ABVAL;NACE04;UNIT_EUR;U_NP_0001;1807
2021;1.;SPECU_ABVAL;NACE05;UNIT_EUR;U_NP_0001;1069
2021;1.;SPECU_ABVAL;NACE06;UNIT_EUR;U_NP_0001;759
2021;1.;SPECU_ABVAL;NACE07;UNIT_EUR;U_NP_0001;1072
2021;1.;SPECU_ABVAL;NACE08;UNIT_EUR;U_NP_0001;1155
2021;1.;SPECU_ABVAL;NACE09;UNIT_EUR;U_NP_0001;890
2021;1.;SPECU_ABVAL;NACE10;UNIT_EUR;U_NP_0001;646
2021;1.;SPECU_ABVAL;NACE11;UNIT_EUR;U_NP_0001;518
2021;1.;SPECU_ABVAL;NACE12;UNIT_EUR;U_NP_0001;1017
2021;1.;SPECU_ABVAL;NACE13;UNIT_EUR;U_NP_0001;895
2021;1.;SPECU_ABVAL;NACE14;UNIT_EUR;U_NP_0001;1937
2021;1.;SPECU_ABVAL;NACE15;UNIT_EUR;U_NP_0001;1177
2021;2.;SPECU_ABVAL;NACE01;UNIT_EUR;U_NP_0001;1144
2021;2.;SPECU_ABVAL;NACE02;UNIT_EUR;U_NP_0001;1607
2021;2.;SPECU_ABVAL;NACE03;UNIT_EUR;U_NP_0001;1112
2021;2.;SPECU_ABVAL;NACE04;UNIT_EUR;U_NP_0001;1986
2021;2.;SPECU_ABVAL;NACE05;UNIT_EUR;U_NP_0001;1043
2021;2.;SPECU_ABVAL;NACE06;UNIT_EUR;U_NP_0001;745
2021;2.;SPECU_ABVAL;NACE07;UNIT_EUR;U_NP_0001;1020
2021;2.;SPECU_ABVAL;NACE08;UNIT_EUR;U_NP_0001;1177
2021;2.;SPECU_ABVAL;NACE09;UNIT_EUR;U_NP_0001;887
2021;2.;SPECU_ABVAL;NACE10;UNIT_EUR;U_NP_0001;640
2021;2.;SPECU_ABVAL;NACE11;UNIT_EUR;U_NP_0001;524
2021;2.;SPECU_ABVAL;NACE12;UNIT_EUR;U_NP_0001;1030
2021;2.;SPECU_ABVAL;NACE13;UNIT_EUR;U_NP_0001;881
2021;2.;SPECU_ABVAL;NACE14;UNIT_EUR;U_NP_0001;1887
2021;2.;SPECU_ABVAL;NACE15;UNIT_EUR;U_NP_0001;1141
2021;3.;SPECU_ABVAL;NACE01;UNIT_EUR;U_NP_0001;1222
2021;3.;SPECU_ABVAL;NACE02;UNIT_EUR;U_NP_0001;1223
2021;3.;SPECU_ABVAL;NACE03;UNIT_EUR;U_NP_0001;1194
2021;3.;SPECU_ABVAL;NACE04;UNIT_EUR;U_NP_0001;2159
2021;3.;SPECU_ABVAL;NACE05;UNIT_EUR;U_NP_0001;1087
2021;3.;SPECU_ABVAL;NACE06;UNIT_EUR;U_NP_0001;791
2021;3.;SPECU_ABVAL;NACE07;UNIT_EUR;U_NP_0001;1088
2021;3.;SPECU_ABVAL;NACE08;UNIT_EUR;U_NP_0001;1287
2021;3.;SPECU_ABVAL;NACE09;UNIT_EUR;U_NP_0001;913
2021;3.;SPECU_ABVAL;NACE10;UNIT_EUR;U_NP_0001;704
2021;3.;SPECU_ABVAL;NACE11;UNIT_EUR;U_NP_0001;544
2021;3.;SPECU_ABVAL;NACE12;UNIT_EUR;U_NP_0001;1057
2021;3.;SPECU_ABVAL;NACE13;UNIT_EUR;U_NP_0001;927
2021;3.;SPECU_ABVAL;NACE14;UNIT_EUR;U_NP_0001;2326
2021;3.;SPECU_ABVAL;NACE15;UNIT_EUR;U_NP_0001;1219
2021;4.;SPECU_ABVAL;NACE01;UNIT_EUR;U_NP_0001;1247
2021;4.;SPECU_ABVAL;NACE02;UNIT_EUR;U_NP_0001;1327
2021;4.;SPECU_ABVAL;NACE03;UNIT_EUR;U_NP_0001;1228
2021;4.;SPECU_ABVAL;NACE04;UNIT_EUR;U_NP_0001;1875
2021;4.;SPECU_ABVAL;NACE05;UNIT_EUR;U_NP_0001;1129
2021;4.;SPECU_ABVAL;NACE06;UNIT_EUR;U_NP_0001;802
2021;4.;SPECU_ABVAL;NACE07;UNIT_EUR;U_NP_0001;1105
2021;4.;SPECU_ABVAL;NACE08;UNIT_EUR;U_NP_0001;1259
2021;4.;SPECU_ABVAL;NACE09;UNIT_EUR;U_NP_0001;932
2021;4.;SPECU_ABVAL;NACE10;UNIT_EUR;U_NP_0001;692
2021;4.;SPECU_ABVAL;NACE11;UNIT_EUR;U_NP_0001;554
2021;4.;SPECU_ABVAL;NACE12;UNIT_EUR;U_NP_0001;1092
2021;4.;SPECU_ABVAL;NACE13;UNIT_EUR;U_NP_0001;1034
2021;4.;SPECU_ABVAL;NACE14;UNIT_EUR;U_NP_0001;2129
2021;4.;SPECU_ABVAL;NACE15;UNIT_EUR;U_NP_0001;1198
2021;5.;SPECU_ABVAL;NACE01;UNIT_EUR;U_NP_0001;1351
2021;5.;SPECU_ABVAL;NACE02;UNIT_EUR;U_NP_0001;1357
2021;5.;SPECU_ABVAL;NACE03;UNIT_EUR;U_NP_0001;1315
2021;5.;SPECU_ABVAL;NACE04;UNIT_EUR;U_NP_0001;2650
2021;5.;SPECU_ABVAL;NACE05;UNIT_EUR;U_NP_0001;1108
2021;5.;SPECU_ABVAL;NACE06;UNIT_EUR;U_NP_0001;809
2021;5.;SPECU_ABVAL;NACE07;UNIT_EUR;U_NP_0001;1159
2021;5.;SPECU_ABVAL;NACE08;UNIT_EUR;U_NP_0001;1420
2021;5.;SPECU_ABVAL;NACE09;UNIT_EUR;U_NP_0001;982
2021;5.;SPECU_ABVAL;NACE10;UNIT_EUR;U_NP_0001;736
2021;5.;SPECU_ABVAL;NACE11;UNIT_EUR;U_NP_0001;571
2021;5.;SPECU_ABVAL;NACE12;UNIT_EUR;U_NP_0001;1096
2021;5.;SPECU_ABVAL;NACE13;UNIT_EUR;U_NP_0001;939
2021;5.;SPECU_ABVAL;NACE14;UNIT_EUR;U_NP_0001;2216
2021;5.;SPECU_ABVAL;NACE15;UNIT_EUR;U_NP_0001;1183
2021;6.;SPECU_ABVAL;NACE01;UNIT_EUR;U_NP_0001;1256
2021;6.;SPECU_ABVAL;NACE02;UNIT_EUR;U_NP_0001;1383
2021;6.;SPECU_ABVAL;NACE03;UNIT_EUR;U_NP_0001;1239
2021;6.;SPECU_ABVAL;NACE04;UNIT_EUR;U_NP_0001;1848
2021;6.;SPECU_ABVAL;NACE05;UNIT_EUR;U_NP_0001;1137
2021;6.;SPECU_ABVAL;NACE06;UNIT_EUR;U_NP_0001;822
2021;6.;SPECU_ABVAL;NACE07;UNIT_EUR;U_NP_0001;1211
2021;6.;SPECU_ABVAL;NACE08;UNIT_EUR;U_NP_0001;1338
2021;6.;SPECU_ABVAL;NACE09;UNIT_EUR;U_NP_0001;958
2021;6.;SPECU_ABVAL;NACE10;UNIT_EUR;U_NP_0001;817
2021;6.;SPECU_ABVAL;NACE11;UNIT_EUR;U_NP_0001;612
2021;6.;SPECU_ABVAL;NACE12;UNIT_EUR;U_NP_0001;1099
2021;6.;SPECU_ABVAL;NACE13;UNIT_EUR;U_NP_0001;990
2021;6.;SPECU_ABVAL;NACE14;UNIT_EUR;U_NP_0001;2065
2021;6.;SPECU_ABVAL;NACE15;UNIT_EUR;U_NP_0001;1245
2021;7.;SPECU_ABVAL;NACE01;UNIT_EUR;U_NP_0001;1240
2021;7.;SPECU_ABVAL;NACE02;UNIT_EUR;U_NP_0001;1367
2021;7.;SPECU_ABVAL;NACE03;UNIT_EUR;U_NP_0001;1217
2021;7.;SPECU_ABVAL;NACE04;UNIT_EUR;U_NP_0001;1935
2021;7.;SPECU_ABVAL;NACE05;UNIT_EUR;U_NP_0001;1171
2021;7.;SPECU_ABVAL;NACE06;UNIT_EUR;U_NP_0001;827
2021;7.;SPECU_ABVAL;NACE07;UNIT_EUR;U_NP_0001;1188
2021;7.;SPECU_ABVAL;NACE08;UNIT_EUR;U_NP_0001;1328
2021;7.;SPECU_ABVAL;NACE09;UNIT_EUR;U_NP_0001;987
2021;7.;SPECU_ABVAL;NACE10;UNIT_EUR;U_NP_0001;869
2021;7.;SPECU_ABVAL;NACE11;UNIT_EUR;U_NP_0001;609
2021;7.;SPECU_ABVAL;NACE12;UNIT_EUR;U_NP_0001;1107
2021;7.;SPECU_ABVAL;NACE13;UNIT_EUR;U_NP_0001;966
2021;7.;SPECU_ABVAL;NACE14;UNIT_EUR;U_NP_0001;2014
2021;7.;SPECU_ABVAL;NACE15;UNIT_EUR;U_NP_0001;1201
2021;8.;SPECU_ABVAL;NACE01;UNIT_EUR;U_NP_0001;1238
2021;8.;SPECU_ABVAL;NACE02;UNIT_EUR;U_NP_0001;1383
2021;8.;SPECU_ABVAL;NACE03;UNIT_EUR;U_NP_0001;1224
2021;8.;SPECU_ABVAL;NACE04;UNIT_EUR;U_NP_0001;1760
2021;8.;SPECU_ABVAL;NACE05;UNIT_EUR;U_NP_0001;1107
2021;8.;SPECU_ABVAL;NACE06;UNIT_EUR;U_NP_0001;818
2021;8.;SPECU_ABVAL;NACE07;UNIT_EUR;U_NP_0001;1185
2021;8.;SPECU_ABVAL;NACE08;UNIT_EUR;U_NP_0001;1314
2021;8.;SPECU_ABVAL;NACE09;UNIT_EUR;U_NP_0001;979
2021;8.;SPECU_ABVAL;NACE10;UNIT_EUR;U_NP_0001;886
2021;8.;SPECU_ABVAL;NACE11;UNIT_EUR;U_NP_0001;612
2021;8.;SPECU_ABVAL;NACE12;UNIT_EUR;U_NP_0001;1092
2021;8.;SPECU_ABVAL;NACE13;UNIT_EUR;U_NP_0001;957
2021;8.;SPECU_ABVAL;NACE14;UNIT_EUR;U_NP_0001;2027
2021;8.;SPECU_ABVAL;NACE15;UNIT_EUR;U_NP_0001;1203
2021;9.;SPECU_ABVAL;NACE01;UNIT_EUR;U_NP_0001;1241
2021;9.;SPECU_ABVAL;NACE02;UNIT_EUR;U_NP_0001;1343
2021;9.;SPECU_ABVAL;NACE03;UNIT_EUR;U_NP_0001;1223
2021;9.;SPECU_ABVAL;NACE04;UNIT_EUR;U_NP_0001;1831
2021;9.;SPECU_ABVAL;NACE05;UNIT_EUR;U_NP_0001;1138
2021;9.;SPECU_ABVAL;NACE06;UNIT_EUR;U_NP_0001;844
2021;9.;SPECU_ABVAL;NACE07;UNIT_EUR;U_NP_0001;1198
2021;9.;SPECU_ABVAL;NACE08;UNIT_EUR;U_NP_0001;1324
2021;9.;SPECU_ABVAL;NACE09;UNIT_EUR;U_NP_0001;959
2021;9.;SPECU_ABVAL;NACE10;UNIT_EUR;U_NP_0001;878
2021;9.;SPECU_ABVAL;NACE11;UNIT_EUR;U_NP_0001;598
2021;9.;SPECU_ABVAL;NACE12;UNIT_EUR;U_NP_0001;1083
2021;9.;SPECU_ABVAL;NACE13;UNIT_EUR;U_NP_0001;959
2021;9.;SPECU_ABVAL;NACE14;UNIT_EUR;U_NP_0001;2093
2021;9.;SPECU_ABVAL;NACE15;UNIT_EUR;U_NP_0001;1178
2021;10.;SPECU_ABVAL;NACE01;UNIT_EUR;U_NP_0001;1214
2021;10.;SPECU_ABVAL;NACE02;UNIT_EUR;U_NP_0001;1303
2021;10.;SPECU_ABVAL;NACE03;UNIT_EUR;U_NP_0001;1189
2021;10.;SPECU_ABVAL;NACE04;UNIT_EUR;U_NP_0001;1980
2021;10.;SPECU_ABVAL;NACE05;UNIT_EUR;U_NP_0001;1122
2021;10.;SPECU_ABVAL;NACE06;UNIT_EUR;U_NP_0001;831
2021;10.;SPECU_ABVAL;NACE07;UNIT_EUR;U_NP_0001;1204
2021;10.;SPECU_ABVAL;NACE08;UNIT_EUR;U_NP_0001;1350
2021;10.;SPECU_ABVAL;NACE09;UNIT_EUR;U_NP_0001;979
2021;10.;SPECU_ABVAL;NACE10;UNIT_EUR;U_NP_0001;849
2021;10.;SPECU_ABVAL;NACE11;UNIT_EUR;U_NP_0001;592
2021;10.;SPECU_ABVAL;NACE12;UNIT_EUR;U_NP_0001;1094
2021;10.;SPECU_ABVAL;NACE13;UNIT_EUR;U_NP_0001;939
2021;10.;SPECU_ABVAL;NACE14;UNIT_EUR;U_NP_0001;2004
2021;10.;SPECU_ABVAL;NACE15;UNIT_EUR;U_NP_0001;1187
2021;11.;SPECU_ABVAL;NACE01;UNIT_EUR;U_NP_0001;1563
2021;11.;SPECU_ABVAL;NACE02;UNIT_EUR;U_NP_0001;1540
2021;11.;SPECU_ABVAL;NACE03;UNIT_EUR;U_NP_0001;1549
2021;11.;SPECU_ABVAL;NACE04;UNIT_EUR;U_NP_0001;2051
2021;11.;SPECU_ABVAL;NACE05;UNIT_EUR;U_NP_0001;1478
2021;11.;SPECU_ABVAL;NACE06;UNIT_EUR;U_NP_0001;897
2021;11.;SPECU_ABVAL;NACE07;UNIT_EUR;U_NP_0001;1341
2021;11.;SPECU_ABVAL;NACE08;UNIT_EUR;U_NP_0001;1562
2021;11.;SPECU_ABVAL;NACE09;UNIT_EUR;U_NP_0001;1031
2021;11.;SPECU_ABVAL;NACE10;UNIT_EUR;U_NP_0001;821
2021;11.;SPECU_ABVAL;NACE11;UNIT_EUR;U_NP_0001;585
2021;11.;SPECU_ABVAL;NACE12;UNIT_EUR;U_NP_0001;1205
2021;11.;SPECU_ABVAL;NACE13;UNIT_EUR;U_NP_0001;1028
2021;11.;SPECU_ABVAL;NACE14;UNIT_EUR;U_NP_0001;2381
2021;11.;SPECU_ABVAL;NACE15;UNIT_EUR;U_NP_0001;1276
2021;12.;SPECU_ABVAL;NACE01;UNIT_EUR;U_NP_0001;1371
2021;12.;SPECU_ABVAL;NACE02;UNIT_EUR;U_NP_0001;1444
2021;12.;SPECU_ABVAL;NACE03;UNIT_EUR;U_NP_0001;1351
2021;12.;SPECU_ABVAL;NACE04;UNIT_EUR;U_NP_0001;1991
2021;12.;SPECU_ABVAL;NACE05;UNIT_EUR;U_NP_0001;1291
2021;12.;SPECU_ABVAL;NACE06;UNIT_EUR;U_NP_0001;883
2021;12.;SPECU_ABVAL;NACE07;UNIT_EUR;U_NP_0001;1330
2021;12.;SPECU_ABVAL;NACE08;UNIT_EUR;U_NP_0001;1623
2021;12.;SPECU_ABVAL;NACE09;UNIT_EUR;U_NP_0001;1033
2021;12.;SPECU_ABVAL;NACE10;UNIT_EUR;U_NP_0001;803
2021;12.;SPECU_ABVAL;NACE11;UNIT_EUR;U_NP_0001;576
2021;12.;SPECU_ABVAL;NACE12;UNIT_EUR;U_NP_0001;1185
2021;12.;SPECU_ABVAL;NACE13;UNIT_EUR;U_NP_0001;983
2021;12.;SPECU_ABVAL;NACE14;UNIT_EUR;U_NP_0001;2376
2021;12.;SPECU_ABVAL;NACE15;UNIT_EUR;U_NP_0001;1346
2021;1. - 12.;SPECU_ABVAL;NACE01;UNIT_EUR;U_NP_0001;1271
2021;1. - 12.;SPECU_ABVAL;NACE02;UNIT_EUR;U_NP_0001;1373
2021;1. - 12.;SPECU_ABVAL;NACE03;UNIT_EUR;U_NP_0001;1249
2021;1. - 12.;SPECU_ABVAL;NACE04;UNIT_EUR;U_NP_0001;1990
2021;1. - 12.;SPECU_ABVAL;NACE05;UNIT_EUR;U_NP_0001;1158
2021;1. - 12.;SPECU_ABVAL;NACE06;UNIT_EUR;U_NP_0001;818
2021;1. - 12.;SPECU_ABVAL;NACE07;UNIT_EUR;U_NP_0001;1174
2021;1. - 12.;SPECU_ABVAL;NACE08;UNIT_EUR;U_NP_0001;1345
2021;1. - 12.;SPECU_ABVAL;NACE09;UNIT_EUR;U_NP_0001;961
2021;1. - 12.;SPECU_ABVAL;NACE10;UNIT_EUR;U_NP_0001;781
2021;1. - 12.;SPECU_ABVAL;NACE11;UNIT_EUR;U_NP_0001;575
2021;1. - 12.;SPECU_ABVAL;NACE12;UNIT_EUR;U_NP_0001;1096
2021;1. - 12.;SPECU_ABVAL;NACE13;UNIT_EUR;U_NP_0001;958
2021;1. - 12.;SPECU_ABVAL;NACE14;UNIT_EUR;U_NP_0001;2121
2021;1. - 12.;SPECU_ABVAL;NACE15;UNIT_EUR;U_NP_0001;1213
2020;1.;SPECU_ABVAL;NACE01;UNIT_EUR;U_NP_0001;1165
2020;1.;SPECU_ABVAL;NACE02;UNIT_EUR;U_NP_0001;1213
2020;1.;SPECU_ABVAL;NACE03;UNIT_EUR;U_NP_0001;1148
2020;1.;SPECU_ABVAL;NACE04;UNIT_EUR;U_NP_0001;1803
2020;1.;SPECU_ABVAL;NACE05;UNIT_EUR;U_NP_0001;1036
2020;1.;SPECU_ABVAL;NACE06;UNIT_EUR;U_NP_0001;741
2020;1.;SPECU_ABVAL;NACE07;UNIT_EUR;U_NP_0001;1090
2020;1.;SPECU_ABVAL;NACE08;UNIT_EUR;U_NP_0001;1181
2020;1.;SPECU_ABVAL;NACE09;UNIT_EUR;U_NP_0001;894
2020;1.;SPECU_ABVAL;NACE10;UNIT_EUR;U_NP_0001;790
2020;1.;SPECU_ABVAL;NACE11;UNIT_EUR;U_NP_0001;562
2020;1.;SPECU_ABVAL;NACE12;UNIT_EUR;U_NP_0001;1049
2020;1.;SPECU_ABVAL;NACE13;UNIT_EUR;U_NP_0001;894
2020;1.;SPECU_ABVAL;NACE14;UNIT_EUR;U_NP_0001;1975
2020;1.;SPECU_ABVAL;NACE15;UNIT_EUR;U_NP_0001;1067
2020;2.;SPECU_ABVAL;NACE01;UNIT_EUR;U_NP_0001;1121
2020;2.;SPECU_ABVAL;NACE02;UNIT_EUR;U_NP_0001;1306
2020;2.;SPECU_ABVAL;NACE03;UNIT_EUR;U_NP_0001;1096
2020;2.;SPECU_ABVAL;NACE04;UNIT_EUR;U_NP_0001;1930
2020;2.;SPECU_ABVAL;NACE05;UNIT_EUR;U_NP_0001;993
2020;2.;SPECU_ABVAL;NACE06;UNIT_EUR;U_NP_0001;715
2020;2.;SPECU_ABVAL;NACE07;UNIT_EUR;U_NP_0001;1069
2020;2.;SPECU_ABVAL;NACE08;UNIT_EUR;U_NP_0001;1142
2020;2.;SPECU_ABVAL;NACE09;UNIT_EUR;U_NP_0001;873
2020;2.;SPECU_ABVAL;NACE10;UNIT_EUR;U_NP_0001;798
2020;2.;SPECU_ABVAL;NACE11;UNIT_EUR;U_NP_0001;555
2020;2.;SPECU_ABVAL;NACE12;UNIT_EUR;U_NP_0001;1021
2020;2.;SPECU_ABVAL;NACE13;UNIT_EUR;U_NP_0001;858
2020;2.;SPECU_ABVAL;NACE14;UNIT_EUR;U_NP_0001;1888
2020;2.;SPECU_ABVAL;NACE15;UNIT_EUR;U_NP_0001;1111
2020;3.;SPECU_ABVAL;NACE01;UNIT_EUR;U_NP_0001;1144
2020;3.;SPECU_ABVAL;NACE02;UNIT_EUR;U_NP_0001;1118
2020;3.;SPECU_ABVAL;NACE03;UNIT_EUR;U_NP_0001;1105
2020;3.;SPECU_ABVAL;NACE04;UNIT_EUR;U_NP_0001;2471
2020;3.;SPECU_ABVAL;NACE05;UNIT_EUR;U_NP_0001;1005
2020;3.;SPECU_ABVAL;NACE06;UNIT_EUR;U_NP_0001;712
2020;3.;SPECU_ABVAL;NACE07;UNIT_EUR;U_NP_0001;1001
2020;3.;SPECU_ABVAL;NACE08;UNIT_EUR;U_NP_0001;1193
2020;3.;SPECU_ABVAL;NACE09;UNIT_EUR;U_NP_0001;861
2020;3.;SPECU_ABVAL;NACE10;UNIT_EUR;U_NP_0001;698
2020;3.;SPECU_ABVAL;NACE11;UNIT_EUR;U_NP_0001;525
2020;3.;SPECU_ABVAL;NACE12;UNIT_EUR;U_NP_0001;978
2020;3.;SPECU_ABVAL;NACE13;UNIT_EUR;U_NP_0001;858
2020;3.;SPECU_ABVAL;NACE14;UNIT_EUR;U_NP_0001;2205
2020;3.;SPECU_ABVAL;NACE15;UNIT_EUR;U_NP_0001;1107
2020;4.;SPECU_ABVAL;NACE01;UNIT_EUR;U_NP_0001;1083
2020;4.;SPECU_ABVAL;NACE02;UNIT_EUR;U_NP_0001;1182
2020;4.;SPECU_ABVAL;NACE03;UNIT_EUR;U_NP_0001;1060
2020;4.;SPECU_ABVAL;NACE04;UNIT_EUR;U_NP_0001;1769
2020;4.;SPECU_ABVAL;NACE05;UNIT_EUR;U_NP_0001;1024
2020;4.;SPECU_ABVAL;NACE06;UNIT_EUR;U_NP_0001;722
2020;4.;SPECU_ABVAL;NACE07;UNIT_EUR;U_NP_0001;984
2020;4.;SPECU_ABVAL;NACE08;UNIT_EUR;U_NP_0001;1114
2020;4.;SPECU_ABVAL;NACE09;UNIT_EUR;U_NP_0001;837
2020;4.;SPECU_ABVAL;NACE10;UNIT_EUR;U_NP_0001;535
2020;4.;SPECU_ABVAL;NACE11;UNIT_EUR;U_NP_0001;457
2020;4.;SPECU_ABVAL;NACE12;UNIT_EUR;U_NP_0001;946
2020;4.;SPECU_ABVAL;NACE13;UNIT_EUR;U_NP_0001;881
2020;4.;SPECU_ABVAL;NACE14;UNIT_EUR;U_NP_0001;1963
2020;4.;SPECU_ABVAL;NACE15;UNIT_EUR;U_NP_0001;1083
2020;5.;SPECU_ABVAL;NACE01;UNIT_EUR;U_NP_0001;1212
2020;5.;SPECU_ABVAL;NACE02;UNIT_EUR;U_NP_0001;1173
2020;5.;SPECU_ABVAL;NACE03;UNIT_EUR;U_NP_0001;1190
2020;5.;SPECU_ABVAL;NACE04;UNIT_EUR;U_NP_0001;2057
2020;5.;SPECU_ABVAL;NACE05;UNIT_EUR;U_NP_0001;1044
2020;5.;SPECU_ABVAL;NACE06;UNIT_EUR;U_NP_0001;726
2020;5.;SPECU_ABVAL;NACE07;UNIT_EUR;U_NP_0001;970
2020;5.;SPECU_ABVAL;NACE08;UNIT_EUR;U_NP_0001;1206
2020;5.;SPECU_ABVAL;NACE09;UNIT_EUR;U_NP_0001;876
2020;5.;SPECU_ABVAL;NACE10;UNIT_EUR;U_NP_0001;531
2020;5.;SPECU_ABVAL;NACE11;UNIT_EUR;U_NP_0001;475
2020;5.;SPECU_ABVAL;NACE12;UNIT_EUR;U_NP_0001;967
2020;5.;SPECU_ABVAL;NACE13;UNIT_EUR;U_NP_0001;882
2020;5.;SPECU_ABVAL;NACE14;UNIT_EUR;U_NP_0001;1952
2020;5.;SPECU_ABVAL;NACE15;UNIT_EUR;U_NP_0001;1057
2020;6.;SPECU_ABVAL;NACE01;UNIT_EUR;U_NP_0001;1133
2020;6.;SPECU_ABVAL;NACE02;UNIT_EUR;U_NP_0001;1190
2020;6.;SPECU_ABVAL;NACE03;UNIT_EUR;U_NP_0001;1114
2020;6.;SPECU_ABVAL;NACE04;UNIT_EUR;U_NP_0001;1763
2020;6.;SPECU_ABVAL;NACE05;UNIT_EUR;U_NP_0001;1033
2020;6.;SPECU_ABVAL;NACE06;UNIT_EUR;U_NP_0001;746
2020;6.;SPECU_ABVAL;NACE07;UNIT_EUR;U_NP_0001;1034
2020;6.;SPECU_ABVAL;NACE08;UNIT_EUR;U_NP_0001;1260
2020;6.;SPECU_ABVAL;NACE09;UNIT_EUR;U_NP_0001;887
2020;6.;SPECU_ABVAL;NACE10;UNIT_EUR;U_NP_0001;630
2020;6.;SPECU_ABVAL;NACE11;UNIT_EUR;U_NP_0001;526
2020;6.;SPECU_ABVAL;NACE12;UNIT_EUR;U_NP_0001;1001
2020;6.;SPECU_ABVAL;NACE13;UNIT_EUR;U_NP_0001;905
2020;6.;SPECU_ABVAL;NACE14;UNIT_EUR;U_NP_0001;1932
2020;6.;SPECU_ABVAL;NACE15;UNIT_EUR;U_NP_0001;1093
2020;7.;SPECU_ABVAL;NACE01;UNIT_EUR;U_NP_0001;1165
2020;7.;SPECU_ABVAL;NACE02;UNIT_EUR;U_NP_0001;1238
2020;7.;SPECU_ABVAL;NACE03;UNIT_EUR;U_NP_0001;1140
2020;7.;SPECU_ABVAL;NACE04;UNIT_EUR;U_NP_0001;1912
2020;7.;SPECU_ABVAL;NACE05;UNIT_EUR;U_NP_0001;1110
2020;7.;SPECU_ABVAL;NACE06;UNIT_EUR;U_NP_0001;782
2020;7.;SPECU_ABVAL;NACE07;UNIT_EUR;U_NP_0001;1066
2020;7.;SPECU_ABVAL;NACE08;UNIT_EUR;U_NP_0001;1210
2020;7.;SPECU_ABVAL;NACE09;UNIT_EUR;U_NP_0001;907
2020;7.;SPECU_ABVAL;NACE10;UNIT_EUR;U_NP_0001;747
2020;7.;SPECU_ABVAL;NACE11;UNIT_EUR;U_NP_0001;554
2020;7.;SPECU_ABVAL;NACE12;UNIT_EUR;U_NP_0001;1030
2020;7.;SPECU_ABVAL;NACE13;UNIT_EUR;U_NP_0001;924
2020;7.;SPECU_ABVAL;NACE14;UNIT_EUR;U_NP_0001;1931
2020;7.;SPECU_ABVAL;NACE15;UNIT_EUR;U_NP_0001;1084
2020;8.;SPECU_ABVAL;NACE01;UNIT_EUR;U_NP_0001;1126
2020;8.;SPECU_ABVAL;NACE02;UNIT_EUR;U_NP_0001;1211
2020;8.;SPECU_ABVAL;NACE03;UNIT_EUR;U_NP_0001;1107
2020;8.;SPECU_ABVAL;NACE04;UNIT_EUR;U_NP_0001;1712
2020;8.;SPECU_ABVAL;NACE05;UNIT_EUR;U_NP_0001;1039
2020;8.;SPECU_ABVAL;NACE06;UNIT_EUR;U_NP_0001;761
2020;8.;SPECU_ABVAL;NACE07;UNIT_EUR;U_NP_0001;1054
2020;8.;SPECU_ABVAL;NACE08;UNIT_EUR;U_NP_0001;1167
2020;8.;SPECU_ABVAL;NACE09;UNIT_EUR;U_NP_0001;899
2020;8.;SPECU_ABVAL;NACE10;UNIT_EUR;U_NP_0001;745
2020;8.;SPECU_ABVAL;NACE11;UNIT_EUR;U_NP_0001;549
2020;8.;SPECU_ABVAL;NACE12;UNIT_EUR;U_NP_0001;1000
2020;8.;SPECU_ABVAL;NACE13;UNIT_EUR;U_NP_0001;897
2020;8.;SPECU_ABVAL;NACE14;UNIT_EUR;U_NP_0001;1902
2020;8.;SPECU_ABVAL;NACE15;UNIT_EUR;U_NP_0001;1076
2020;9.;SPECU_ABVAL;NACE01;UNIT_EUR;U_NP_0001;1189
2020;9.;SPECU_ABVAL;NACE02;UNIT_EUR;U_NP_0001;1202
2020;9.;SPECU_ABVAL;NACE03;UNIT_EUR;U_NP_0001;1170
2020;9.;SPECU_ABVAL;NACE04;UNIT_EUR;U_NP_0001;1824
2020;9.;SPECU_ABVAL;NACE05;UNIT_EUR;U_NP_0001;1098
2020;9.;SPECU_ABVAL;NACE06;UNIT_EUR;U_NP_0001;775
2020;9.;SPECU_ABVAL;NACE07;UNIT_EUR;U_NP_0001;1072
2020;9.;SPECU_ABVAL;NACE08;UNIT_EUR;U_NP_0001;1188
2020;9.;SPECU_ABVAL;NACE09;UNIT_EUR;U_NP_0001;897
2020;9.;SPECU_ABVAL;NACE10;UNIT_EUR;U_NP_0001;775
2020;9.;SPECU_ABVAL;NACE11;UNIT_EUR;U_NP_0001;549
2020;9.;SPECU_ABVAL;NACE12;UNIT_EUR;U_NP_0001;1030
2020;9.;SPECU_ABVAL;NACE13;UNIT_EUR;U_NP_0001;959
2020;9.;SPECU_ABVAL;NACE14;UNIT_EUR;U_NP_0001;1920
2020;9.;SPECU_ABVAL;NACE15;UNIT_EUR;U_NP_0001;1088
2020;10.;SPECU_ABVAL;NACE01;UNIT_EUR;U_NP_0001;1164
2020;10.;SPECU_ABVAL;NACE02;UNIT_EUR;U_NP_0001;1183
2020;10.;SPECU_ABVAL;NACE03;UNIT_EUR;U_NP_0001;1139
2020;10.;SPECU_ABVAL;NACE04;UNIT_EUR;U_NP_0001;1930
2020;10.;SPECU_ABVAL;NACE05;UNIT_EUR;U_NP_0001;1114
2020;10.;SPECU_ABVAL;NACE06;UNIT_EUR;U_NP_0001;766
2020;10.;SPECU_ABVAL;NACE07;UNIT_EUR;U_NP_0001;1075
2020;10.;SPECU_ABVAL;NACE08;UNIT_EUR;U_NP_0001;1237
2020;10.;SPECU_ABVAL;NACE09;UNIT_EUR;U_NP_0001;915
2020;10.;SPECU_ABVAL;NACE10;UNIT_EUR;U_NP_0001;707
2020;10.;SPECU_ABVAL;NACE11;UNIT_EUR;U_NP_0001;545
2020;10.;SPECU_ABVAL;NACE12;UNIT_EUR;U_NP_0001;1030
2020;10.;SPECU_ABVAL;NACE13;UNIT_EUR;U_NP_0001;914
2020;10.;SPECU_ABVAL;NACE14;UNIT_EUR;U_NP_0001;1839
2020;10.;SPECU_ABVAL;NACE15;UNIT_EUR;U_NP_0001;1090
2020;11.;SPECU_ABVAL;NACE01;UNIT_EUR;U_NP_0001;1471
2020;11.;SPECU_ABVAL;NACE02;UNIT_EUR;U_NP_0001;1347
2020;11.;SPECU_ABVAL;NACE03;UNIT_EUR;U_NP_0001;1457
2020;11.;SPECU_ABVAL;NACE04;UNIT_EUR;U_NP_0001;2026
2020;11.;SPECU_ABVAL;NACE05;UNIT_EUR;U_NP_0001;1371
2020;11.;SPECU_ABVAL;NACE06;UNIT_EUR;U_NP_0001;847
2020;11.;SPECU_ABVAL;NACE07;UNIT_EUR;U_NP_0001;1184
2020;11.;SPECU_ABVAL;NACE08;UNIT_EUR;U_NP_0001;1362
2020;11.;SPECU_ABVAL;NACE09;UNIT_EUR;U_NP_0001;973
2020;11.;SPECU_ABVAL;NACE10;UNIT_EUR;U_NP_0001;684
2020;11.;SPECU_ABVAL;NACE11;UNIT_EUR;U_NP_0001;530
2020;11.;SPECU_ABVAL;NACE12;UNIT_EUR;U_NP_0001;1128
2020;11.;SPECU_ABVAL;NACE13;UNIT_EUR;U_NP_0001;1004
2020;11.;SPECU_ABVAL;NACE14;UNIT_EUR;U_NP_0001;2283
2020;11.;SPECU_ABVAL;NACE15;UNIT_EUR;U_NP_0001;1198
2020;12.;SPECU_ABVAL;NACE01;UNIT_EUR;U_NP_0001;1283
2020;12.;SPECU_ABVAL;NACE02;UNIT_EUR;U_NP_0001;1369
2020;12.;SPECU_ABVAL;NACE03;UNIT_EUR;U_NP_0001;1261
2020;12.;SPECU_ABVAL;NACE04;UNIT_EUR;U_NP_0001;1916
2020;12.;SPECU_ABVAL;NACE05;UNIT_EUR;U_NP_0001;1237
2020;12.;SPECU_ABVAL;NACE06;UNIT_EUR;U_NP_0001;833
2020;12.;SPECU_ABVAL;NACE07;UNIT_EUR;U_NP_0001;1135
2020;12.;SPECU_ABVAL;NACE08;UNIT_EUR;U_NP_0001;1399
2020;12.;SPECU_ABVAL;NACE09;UNIT_EUR;U_NP_0001;962
2020;12.;SPECU_ABVAL;NACE10;UNIT_EUR;U_NP_0001;724
2020;12.;SPECU_ABVAL;NACE11;UNIT_EUR;U_NP_0001;539
2020;12.;SPECU_ABVAL;NACE12;UNIT_EUR;U_NP_0001;1120
2020;12.;SPECU_ABVAL;NACE13;UNIT_EUR;U_NP_0001;954
2020;12.;SPECU_ABVAL;NACE14;UNIT_EUR;U_NP_0001;2205
2020;12.;SPECU_ABVAL;NACE15;UNIT_EUR;U_NP_0001;1211
2020;1. - 12.;SPECU_ABVAL;NACE01;UNIT_EUR;U_NP_0001;1187
2020;1. - 12.;SPECU_ABVAL;NACE02;UNIT_EUR;U_NP_0001;1227
2020;1. - 12.;SPECU_ABVAL;NACE03;UNIT_EUR;U_NP_0001;1165
2020;1. - 12.;SPECU_ABVAL;NACE04;UNIT_EUR;U_NP_0001;1926
2020;1. - 12.;SPECU_ABVAL;NACE05;UNIT_EUR;U_NP_0001;1092
2020;1. - 12.;SPECU_ABVAL;NACE06;UNIT_EUR;U_NP_0001;760
2020;1. - 12.;SPECU_ABVAL;NACE07;UNIT_EUR;U_NP_0001;1061
2020;1. - 12.;SPECU_ABVAL;NACE08;UNIT_EUR;U_NP_0001;1221
2020;1. - 12.;SPECU_ABVAL;NACE09;UNIT_EUR;U_NP_0001;898
2020;1. - 12.;SPECU_ABVAL;NACE10;UNIT_EUR;U_NP_0001;699
2020;1. - 12.;SPECU_ABVAL;NACE11;UNIT_EUR;U_NP_0001;531
2020;1. - 12.;SPECU_ABVAL;NACE12;UNIT_EUR;U_NP_0001;1025
2020;1. - 12.;SPECU_ABVAL;NACE13;UNIT_EUR;U_NP_0001;911
2020;1. - 12.;SPECU_ABVAL;NACE14;UNIT_EUR;U_NP_0001;2000
2020;1. - 12.;SPECU_ABVAL;NACE15;UNIT_EUR;U_NP_0001;1106
2019;1.;SPECU_ABVAL;NACE01;UNIT_EUR;U_NP_0001;1108
2019;1.;SPECU_ABVAL;NACE02;UNIT_EUR;U_NP_0001;1136
2019;1.;SPECU_ABVAL;NACE03;UNIT_EUR;U_NP_0001;1092
2019;1.;SPECU_ABVAL;NACE04;UNIT_EUR;U_NP_0001;1727
2019;1.;SPECU_ABVAL;NACE05;UNIT_EUR;U_NP_0001;993
2019;1.;SPECU_ABVAL;NACE06;UNIT_EUR;U_NP_0001;710
2019;1.;SPECU_ABVAL;NACE07;UNIT_EUR;U_NP_0001;1095
2019;1.;SPECU_ABVAL;NACE08;UNIT_EUR;U_NP_0001;1159
2019;1.;SPECU_ABVAL;NACE09;UNIT_EUR;U_NP_0001;812
2019;1.;SPECU_ABVAL;NACE10;UNIT_EUR;U_NP_0001;770
2019;1.;SPECU_ABVAL;NACE11;UNIT_EUR;U_NP_0001;498
2019;1.;SPECU_ABVAL;NACE12;UNIT_EUR;U_NP_0001;987
2019;1.;SPECU_ABVAL;NACE13;UNIT_EUR;U_NP_0001;827
2019;1.;SPECU_ABVAL;NACE14;UNIT_EUR;U_NP_0001;1854
2019;1.;SPECU_ABVAL;NACE15;UNIT_EUR;U_NP_0001;1017
2019;2.;SPECU_ABVAL;NACE01;UNIT_EUR;U_NP_0001;1065
2019;2.;SPECU_ABVAL;NACE02;UNIT_EUR;U_NP_0001;988
2019;2.;SPECU_ABVAL;NACE03;UNIT_EUR;U_NP_0001;1048
2019;2.;SPECU_ABVAL;NACE04;UNIT_EUR;U_NP_0001;1804
2019;2.;SPECU_ABVAL;NACE05;UNIT_EUR;U_NP_0001;902
2019;2.;SPECU_ABVAL;NACE06;UNIT_EUR;U_NP_0001;684
2019;2.;SPECU_ABVAL;NACE07;UNIT_EUR;U_NP_0001;998
2019;2.;SPECU_ABVAL;NACE08;UNIT_EUR;U_NP_0001;1055
2019;2.;SPECU_ABVAL;NACE09;UNIT_EUR;U_NP_0001;793
2019;2.;SPECU_ABVAL;NACE10;UNIT_EUR;U_NP_0001;705
2019;2.;SPECU_ABVAL;NACE11;UNIT_EUR;U_NP_0001;492
2019;2.;SPECU_ABVAL;NACE12;UNIT_EUR;U_NP_0001;965
2019;2.;SPECU_ABVAL;NACE13;UNIT_EUR;U_NP_0001;786
2019;2.;SPECU_ABVAL;NACE14;UNIT_EUR;U_NP_0001;1784
2019;2.;SPECU_ABVAL;NACE15;UNIT_EUR;U_NP_0001;1027
2019;3.;SPECU_ABVAL;NACE01;UNIT_EUR;U_NP_0001;1128
2019;3.;SPECU_ABVAL;NACE02;UNIT_EUR;U_NP_0001;1052
2019;3.;SPECU_ABVAL;NACE03;UNIT_EUR;U_NP_0001;1108
2019;3.;SPECU_ABVAL;NACE04;UNIT_EUR;U_NP_0001;1919
2019;3.;SPECU_ABVAL;NACE05;UNIT_EUR;U_NP_0001;995
2019;3.;SPECU_ABVAL;NACE06;UNIT_EUR;U_NP_0001;727
2019;3.;SPECU_ABVAL;NACE07;UNIT_EUR;U_NP_0001;1024
2019;3.;SPECU_ABVAL;NACE08;UNIT_EUR;U_NP_0001;1140
2019;3.;SPECU_ABVAL;NACE09;UNIT_EUR;U_NP_0001;821
2019;3.;SPECU_ABVAL;NACE10;UNIT_EUR;U_NP_0001;749
2019;3.;SPECU_ABVAL;NACE11;UNIT_EUR;U_NP_0001;488
2019;3.;SPECU_ABVAL;NACE12;UNIT_EUR;U_NP_0001;991
2019;3.;SPECU_ABVAL;NACE13;UNIT_EUR;U_NP_0001;814
2019;3.;SPECU_ABVAL;NACE14;UNIT_EUR;U_NP_0001;2131
2019;3.;SPECU_ABVAL;NACE15;UNIT_EUR;U_NP_0001;1113
2019;4.;SPECU_ABVAL;NACE01;UNIT_EUR;U_NP_0001;1187
2019;4.;SPECU_ABVAL;NACE02;UNIT_EUR;U_NP_0001;1144
2019;4.;SPECU_ABVAL;NACE03;UNIT_EUR;U_NP_0001;1162
2019;4.;SPECU_ABVAL;NACE04;UNIT_EUR;U_NP_0001;2170
2019;4.;SPECU_ABVAL;NACE05;UNIT_EUR;U_NP_0001;1020
2019;4.;SPECU_ABVAL;NACE06;UNIT_EUR;U_NP_0001;732
2019;4.;SPECU_ABVAL;NACE07;UNIT_EUR;U_NP_0001;1035
2019;4.;SPECU_ABVAL;NACE08;UNIT_EUR;U_NP_0001;1099
2019;4.;SPECU_ABVAL;NACE09;UNIT_EUR;U_NP_0001;816
2019;4.;SPECU_ABVAL;NACE10;UNIT_EUR;U_NP_0001;734
2019;4.;SPECU_ABVAL;NACE11;UNIT_EUR;U_NP_0001;507
2019;4.;SPECU_ABVAL;NACE12;UNIT_EUR;U_NP_0001;1006
2019;4.;SPECU_ABVAL;NACE13;UNIT_EUR;U_NP_0001;830
2019;4.;SPECU_ABVAL;NACE14;UNIT_EUR;U_NP_0001;2005
2019;4.;SPECU_ABVAL;NACE15;UNIT_EUR;U_NP_0001;1057
2019;5.;SPECU_ABVAL;NACE01;UNIT_EUR;U_NP_0001;1265
2019;5.;SPECU_ABVAL;NACE02;UNIT_EUR;U_NP_0001;1252
2019;5.;SPECU_ABVAL;NACE03;UNIT_EUR;U_NP_0001;1253
2019;5.;SPECU_ABVAL;NACE04;UNIT_EUR;U_NP_0001;1804
2019;5.;SPECU_ABVAL;NACE05;UNIT_EUR;U_NP_0001;1117
2019;5.;SPECU_ABVAL;NACE06;UNIT_EUR;U_NP_0001;744
2019;5.;SPECU_ABVAL;NACE07;UNIT_EUR;U_NP_0001;1056
2019;5.;SPECU_ABVAL;NACE08;UNIT_EUR;U_NP_0001;1237
2019;5.;SPECU_ABVAL;NACE09;UNIT_EUR;U_NP_0001;863
2019;5.;SPECU_ABVAL;NACE10;UNIT_EUR;U_NP_0001;784
2019;5.;SPECU_ABVAL;NACE11;UNIT_EUR;U_NP_0001;524
2019;5.;SPECU_ABVAL;NACE12;UNIT_EUR;U_NP_0001;1086
2019;5.;SPECU_ABVAL;NACE13;UNIT_EUR;U_NP_0001;925
2019;5.;SPECU_ABVAL;NACE14;UNIT_EUR;U_NP_0001;1937
2019;5.;SPECU_ABVAL;NACE15;UNIT_EUR;U_NP_0001;1080
2019;6.;SPECU_ABVAL;NACE01;UNIT_EUR;U_NP_0001;1131
2019;6.;SPECU_ABVAL;NACE02;UNIT_EUR;U_NP_0001;1105
2019;6.;SPECU_ABVAL;NACE03;UNIT_EUR;U_NP_0001;1117
2019;6.;SPECU_ABVAL;NACE04;UNIT_EUR;U_NP_0001;1717
2019;6.;SPECU_ABVAL;NACE05;UNIT_EUR;U_NP_0001;1013
2019;6.;SPECU_ABVAL;NACE06;UNIT_EUR;U_NP_0001;742
2019;6.;SPECU_ABVAL;NACE07;UNIT_EUR;U_NP_0001;1049
2019;6.;SPECU_ABVAL;NACE08;UNIT_EUR;U_NP_0001;1117
2019;6.;SPECU_ABVAL;NACE09;UNIT_EUR;U_NP_0001;835
2019;6.;SPECU_ABVAL;NACE10;UNIT_EUR;U_NP_0001;779
2019;6.;SPECU_ABVAL;NACE11;UNIT_EUR;U_NP_0001;517
2019;6.;SPECU_ABVAL;NACE12;UNIT_EUR;U_NP_0001;1008
2019;6.;SPECU_ABVAL;NACE13;UNIT_EUR;U_NP_0001;818
2019;6.;SPECU_ABVAL;NACE14;UNIT_EUR;U_NP_0001;1905
2019;6.;SPECU_ABVAL;NACE15;UNIT_EUR;U_NP_0001;1105
2019;7.;SPECU_ABVAL;NACE01;UNIT_EUR;U_NP_0001;1157
2019;7.;SPECU_ABVAL;NACE02;UNIT_EUR;U_NP_0001;1182
2019;7.;SPECU_ABVAL;NACE03;UNIT_EUR;U_NP_0001;1136
2019;7.;SPECU_ABVAL;NACE04;UNIT_EUR;U_NP_0001;1897
2019;7.;SPECU_ABVAL;NACE05;UNIT_EUR;U_NP_0001;1066
2019;7.;SPECU_ABVAL;NACE06;UNIT_EUR;U_NP_0001;765
2019;7.;SPECU_ABVAL;NACE07;UNIT_EUR;U_NP_0001;1037
2019;7.;SPECU_ABVAL;NACE08;UNIT_EUR;U_NP_0001;1128
2019;7.;SPECU_ABVAL;NACE09;UNIT_EUR;U_NP_0001;845
2019;7.;SPECU_ABVAL;NACE10;UNIT_EUR;U_NP_0001;790
2019;7.;SPECU_ABVAL;NACE11;UNIT_EUR;U_NP_0001;529
2019;7.;SPECU_ABVAL;NACE12;UNIT_EUR;U_NP_0001;1031
2019;7.;SPECU_ABVAL;NACE13;UNIT_EUR;U_NP_0001;837
2019;7.;SPECU_ABVAL;NACE14;UNIT_EUR;U_NP_0001;1874
2019;7.;SPECU_ABVAL;NACE15;UNIT_EUR;U_NP_0001;1080
2019;8.;SPECU_ABVAL;NACE01;UNIT_EUR;U_NP_0001;1123
2019;8.;SPECU_ABVAL;NACE02;UNIT_EUR;U_NP_0001;1178
2019;8.;SPECU_ABVAL;NACE03;UNIT_EUR;U_NP_0001;1109
2019;8.;SPECU_ABVAL;NACE04;UNIT_EUR;U_NP_0001;1651
2019;8.;SPECU_ABVAL;NACE05;UNIT_EUR;U_NP_0001;1014
2019;8.;SPECU_ABVAL;NACE06;UNIT_EUR;U_NP_0001;743
2019;8.;SPECU_ABVAL;NACE07;UNIT_EUR;U_NP_0001;1034
2019;8.;SPECU_ABVAL;NACE08;UNIT_EUR;U_NP_0001;1111
2019;8.;SPECU_ABVAL;NACE09;UNIT_EUR;U_NP_0001;839
2019;8.;SPECU_ABVAL;NACE10;UNIT_EUR;U_NP_0001;787
2019;8.;SPECU_ABVAL;NACE11;UNIT_EUR;U_NP_0001;522
2019;8.;SPECU_ABVAL;NACE12;UNIT_EUR;U_NP_0001;1014
2019;8.;SPECU_ABVAL;NACE13;UNIT_EUR;U_NP_0001;834
2019;8.;SPECU_ABVAL;NACE14;UNIT_EUR;U_NP_0001;1854
2019;8.;SPECU_ABVAL;NACE15;UNIT_EUR;U_NP_0001;1070
2019;9.;SPECU_ABVAL;NACE01;UNIT_EUR;U_NP_0001;1127
2019;9.;SPECU_ABVAL;NACE02;UNIT_EUR;U_NP_0001;1111
2019;9.;SPECU_ABVAL;NACE03;UNIT_EUR;U_NP_0001;1112
2019;9.;SPECU_ABVAL;NACE04;UNIT_EUR;U_NP_0001;1700
2019;9.;SPECU_ABVAL;NACE05;UNIT_EUR;U_NP_0001;1027
2019;9.;SPECU_ABVAL;NACE06;UNIT_EUR;U_NP_0001;738
2019;9.;SPECU_ABVAL;NACE07;UNIT_EUR;U_NP_0001;1079
2019;9.;SPECU_ABVAL;NACE08;UNIT_EUR;U_NP_0001;1118
2019;9.;SPECU_ABVAL;NACE09;UNIT_EUR;U_NP_0001;807
2019;9.;SPECU_ABVAL;NACE10;UNIT_EUR;U_NP_0001;806
2019;9.;SPECU_ABVAL;NACE11;UNIT_EUR;U_NP_0001;504
2019;9.;SPECU_ABVAL;NACE12;UNIT_EUR;U_NP_0001;997
2019;9.;SPECU_ABVAL;NACE13;UNIT_EUR;U_NP_0001;832
2019;9.;SPECU_ABVAL;NACE14;UNIT_EUR;U_NP_0001;1841
2019;9.;SPECU_ABVAL;NACE15;UNIT_EUR;U_NP_0001;1061
2019;10.;SPECU_ABVAL;NACE01;UNIT_EUR;U_NP_0001;1142
2019;10.;SPECU_ABVAL;NACE02;UNIT_EUR;U_NP_0001;1176
2019;10.;SPECU_ABVAL;NACE03;UNIT_EUR;U_NP_0001;1119
2019;10.;SPECU_ABVAL;NACE04;UNIT_EUR;U_NP_0001;1912
2019;10.;SPECU_ABVAL;NACE05;UNIT_EUR;U_NP_0001;1049
2019;10.;SPECU_ABVAL;NACE06;UNIT_EUR;U_NP_0001;769
2019;10.;SPECU_ABVAL;NACE07;UNIT_EUR;U_NP_0001;1053
2019;10.;SPECU_ABVAL;NACE08;UNIT_EUR;U_NP_0001;1118
2019;10.;SPECU_ABVAL;NACE09;UNIT_EUR;U_NP_0001;841
2019;10.;SPECU_ABVAL;NACE10;UNIT_EUR;U_NP_0001;764
2019;10.;SPECU_ABVAL;NACE11;UNIT_EUR;U_NP_0001;516
2019;10.;SPECU_ABVAL;NACE12;UNIT_EUR;U_NP_0001;1026
2019;10.;SPECU_ABVAL;NACE13;UNIT_EUR;U_NP_0001;859
2019;10.;SPECU_ABVAL;NACE14;UNIT_EUR;U_NP_0001;1819
2019;10.;SPECU_ABVAL;NACE15;UNIT_EUR;U_NP_0001;1067
2019;11.;SPECU_ABVAL;NACE01;UNIT_EUR;U_NP_0001;1381
2019;11.;SPECU_ABVAL;NACE02;UNIT_EUR;U_NP_0001;1390
2019;11.;SPECU_ABVAL;NACE03;UNIT_EUR;U_NP_0001;1365
2019;11.;SPECU_ABVAL;NACE04;UNIT_EUR;U_NP_0001;1908
2019;11.;SPECU_ABVAL;NACE05;UNIT_EUR;U_NP_0001;1334
2019;11.;SPECU_ABVAL;NACE06;UNIT_EUR;U_NP_0001;809
2019;11.;SPECU_ABVAL;NACE07;UNIT_EUR;U_NP_0001;1216
2019;11.;SPECU_ABVAL;NACE08;UNIT_EUR;U_NP_0001;1291
2019;11.;SPECU_ABVAL;NACE09;UNIT_EUR;U_NP_0001;878
2019;11.;SPECU_ABVAL;NACE10;UNIT_EUR;U_NP_0001;850
2019;11.;SPECU_ABVAL;NACE11;UNIT_EUR;U_NP_0001;529
2019;11.;SPECU_ABVAL;NACE12;UNIT_EUR;U_NP_0001;1112
2019;11.;SPECU_ABVAL;NACE13;UNIT_EUR;U_NP_0001;957
2019;11.;SPECU_ABVAL;NACE14;UNIT_EUR;U_NP_0001;2131
2019;11.;SPECU_ABVAL;NACE15;UNIT_EUR;U_NP_0001;1177
2019;12.;SPECU_ABVAL;NACE01;UNIT_EUR;U_NP_0001;1229
2019;12.;SPECU_ABVAL;NACE02;UNIT_EUR;U_NP_0001;1257
2019;12.;SPECU_ABVAL;NACE03;UNIT_EUR;U_NP_0001;1212
2019;12.;SPECU_ABVAL;NACE04;UNIT_EUR;U_NP_0001;1819
2019;12.;SPECU_ABVAL;NACE05;UNIT_EUR;U_NP_0001;1146
2019;12.;SPECU_ABVAL;NACE06;UNIT_EUR;U_NP_0001;785
2019;12.;SPECU_ABVAL;NACE07;UNIT_EUR;U_NP_0001;1127
2019;12.;SPECU_ABVAL;NACE08;UNIT_EUR;U_NP_0001;1284
2019;12.;SPECU_ABVAL;NACE09;UNIT_EUR;U_NP_0001;875
2019;12.;SPECU_ABVAL;NACE10;UNIT_EUR;U_NP_0001;807
2019;12.;SPECU_ABVAL;NACE11;UNIT_EUR;U_NP_0001;537
2019;12.;SPECU_ABVAL;NACE12;UNIT_EUR;U_NP_0001;1095
2019;12.;SPECU_ABVAL;NACE13;UNIT_EUR;U_NP_0001;860
2019;12.;SPECU_ABVAL;NACE14;UNIT_EUR;U_NP_0001;2110
2019;12.;SPECU_ABVAL;NACE15;UNIT_EUR;U_NP_0001;1183
2019;1. - 12.;SPECU_ABVAL;NACE01;UNIT_EUR;U_NP_0001;1170
2019;1. - 12.;SPECU_ABVAL;NACE02;UNIT_EUR;U_NP_0001;1162
2019;1. - 12.;SPECU_ABVAL;NACE03;UNIT_EUR;U_NP_0001;1153
2019;1. - 12.;SPECU_ABVAL;NACE04;UNIT_EUR;U_NP_0001;1836
2019;1. - 12.;SPECU_ABVAL;NACE05;UNIT_EUR;U_NP_0001;1056
2019;1. - 12.;SPECU_ABVAL;NACE06;UNIT_EUR;U_NP_0001;746
2019;1. - 12.;SPECU_ABVAL;NACE07;UNIT_EUR;U_NP_0001;1067
2019;1. - 12.;SPECU_ABVAL;NACE08;UNIT_EUR;U_NP_0001;1155
2019;1. - 12.;SPECU_ABVAL;NACE09;UNIT_EUR;U_NP_0001;835
2019;1. - 12.;SPECU_ABVAL;NACE10;UNIT_EUR;U_NP_0001;777
2019;1. - 12.;SPECU_ABVAL;NACE11;UNIT_EUR;U_NP_0001;513
2019;1. - 12.;SPECU_ABVAL;NACE12;UNIT_EUR;U_NP_0001;1026
2019;1. - 12.;SPECU_ABVAL;NACE13;UNIT_EUR;U_NP_0001;848
2019;1. - 12.;SPECU_ABVAL;NACE14;UNIT_EUR;U_NP_0001;1937
2019;1. - 12.;SPECU_ABVAL;NACE15;UNIT_EUR;U_NP_0001;1086
2018;1.;SPECU_ABVAL;NACE01;UNIT_EUR;U_NP_0001;1041
2018;1.;SPECU_ABVAL;NACE02;UNIT_EUR;U_NP_0001;1071
2018;1.;SPECU_ABVAL;NACE03;UNIT_EUR;U_NP_0001;1027
2018;1.;SPECU_ABVAL;NACE04;UNIT_EUR;U_NP_0001;1606
2018;1.;SPECU_ABVAL;NACE05;UNIT_EUR;U_NP_0001;919
2018;1.;SPECU_ABVAL;NACE06;UNIT_EUR;U_NP_0001;675
2018;1.;SPECU_ABVAL;NACE07;UNIT_EUR;U_NP_0001;942
2018;1.;SPECU_ABVAL;NACE08;UNIT_EUR;U_NP_0001;1001
2018;1.;SPECU_ABVAL;NACE09;UNIT_EUR;U_NP_0001;758
2018;1.;SPECU_ABVAL;NACE10;UNIT_EUR;U_NP_0001;665
2018;1.;SPECU_ABVAL;NACE11;UNIT_EUR;U_NP_0001;453
2018;1.;SPECU_ABVAL;NACE12;UNIT_EUR;U_NP_0001;905
2018;1.;SPECU_ABVAL;NACE13;UNIT_EUR;U_NP_0001;735
2018;1.;SPECU_ABVAL;NACE14;UNIT_EUR;U_NP_0001;1812
2018;1.;SPECU_ABVAL;NACE15;UNIT_EUR;U_NP_0001;953
2018;2.;SPECU_ABVAL;NACE01;UNIT_EUR;U_NP_0001;1001
2018;2.;SPECU_ABVAL;NACE02;UNIT_EUR;U_NP_0001;932
2018;2.;SPECU_ABVAL;NACE03;UNIT_EUR;U_NP_0001;985
2018;2.;SPECU_ABVAL;NACE04;UNIT_EUR;U_NP_0001;1743
2018;2.;SPECU_ABVAL;NACE05;UNIT_EUR;U_NP_0001;836
2018;2.;SPECU_ABVAL;NACE06;UNIT_EUR;U_NP_0001;632
2018;2.;SPECU_ABVAL;NACE07;UNIT_EUR;U_NP_0001;950
2018;2.;SPECU_ABVAL;NACE08;UNIT_EUR;U_NP_0001;1005
2018;2.;SPECU_ABVAL;NACE09;UNIT_EUR;U_NP_0001;746
2018;2.;SPECU_ABVAL;NACE10;UNIT_EUR;U_NP_0001;683
2018;2.;SPECU_ABVAL;NACE11;UNIT_EUR;U_NP_0001;455
2018;2.;SPECU_ABVAL;NACE12;UNIT_EUR;U_NP_0001;881
2018;2.;SPECU_ABVAL;NACE13;UNIT_EUR;U_NP_0001;710
2018;2.;SPECU_ABVAL;NACE14;UNIT_EUR;U_NP_0001;1717
2018;2.;SPECU_ABVAL;NACE15;UNIT_EUR;U_NP_0001;963
2018;3.;SPECU_ABVAL;NACE01;UNIT_EUR;U_NP_0001;1075
2018;3.;SPECU_ABVAL;NACE02;UNIT_EUR;U_NP_0001;1026
2018;3.;SPECU_ABVAL;NACE03;UNIT_EUR;U_NP_0001;1057
2018;3.;SPECU_ABVAL;NACE04;UNIT_EUR;U_NP_0001;1834
2018;3.;SPECU_ABVAL;NACE05;UNIT_EUR;U_NP_0001;930
2018;3.;SPECU_ABVAL;NACE06;UNIT_EUR;U_NP_0001;677
2018;3.;SPECU_ABVAL;NACE07;UNIT_EUR;U_NP_0001;984
2018;3.;SPECU_ABVAL;NACE08;UNIT_EUR;U_NP_0001;1045
2018;3.;SPECU_ABVAL;NACE09;UNIT_EUR;U_NP_0001;781
2018;3.;SPECU_ABVAL;NACE10;UNIT_EUR;U_NP_0001;707
2018;3.;SPECU_ABVAL;NACE11;UNIT_EUR;U_NP_0001;462
2018;3.;SPECU_ABVAL;NACE12;UNIT_EUR;U_NP_0001;912
2018;3.;SPECU_ABVAL;NACE13;UNIT_EUR;U_NP_0001;723
2018;3.;SPECU_ABVAL;NACE14;UNIT_EUR;U_NP_0001;2172
2018;3.;SPECU_ABVAL;NACE15;UNIT_EUR;U_NP_0001;986
2018;4.;SPECU_ABVAL;NACE01;UNIT_EUR;U_NP_0001;1098
2018;4.;SPECU_ABVAL;NACE02;UNIT_EUR;U_NP_0001;1046
2018;4.;SPECU_ABVAL;NACE03;UNIT_EUR;U_NP_0001;1087
2018;4.;SPECU_ABVAL;NACE04;UNIT_EUR;U_NP_0001;1611
2018;4.;SPECU_ABVAL;NACE05;UNIT_EUR;U_NP_0001;949
2018;4.;SPECU_ABVAL;NACE06;UNIT_EUR;U_NP_0001;702
2018;4.;SPECU_ABVAL;NACE07;UNIT_EUR;U_NP_0001;1024
2018;4.;SPECU_ABVAL;NACE08;UNIT_EUR;U_NP_0001;1048
2018;4.;SPECU_ABVAL;NACE09;UNIT_EUR;U_NP_0001;780
2018;4.;SPECU_ABVAL;NACE10;UNIT_EUR;U_NP_0001;692
2018;4.;SPECU_ABVAL;NACE11;UNIT_EUR;U_NP_0001;452
2018;4.;SPECU_ABVAL;NACE12;UNIT_EUR;U_NP_0001;940
2018;4.;SPECU_ABVAL;NACE13;UNIT_EUR;U_NP_0001;756
2018;4.;SPECU_ABVAL;NACE14;UNIT_EUR;U_NP_0001;1731
2018;4.;SPECU_ABVAL;NACE15;UNIT_EUR;U_NP_0001;983
2018;5.;SPECU_ABVAL;NACE01;UNIT_EUR;U_NP_0001;1144
2018;5.;SPECU_ABVAL;NACE02;UNIT_EUR;U_NP_0001;1138
2018;5.;SPECU_ABVAL;NACE03;UNIT_EUR;U_NP_0001;1136
2018;5.;SPECU_ABVAL;NACE04;UNIT_EUR;U_NP_0001;1611
2018;5.;SPECU_ABVAL;NACE05;UNIT_EUR;U_NP_0001;990
2018;5.;SPECU_ABVAL;NACE06;UNIT_EUR;U_NP_0001;712
2018;5.;SPECU_ABVAL;NACE07;UNIT_EUR;U_NP_0001;1040
2018;5.;SPECU_ABVAL;NACE08;UNIT_EUR;U_NP_0001;1123
2018;5.;SPECU_ABVAL;NACE09;UNIT_EUR;U_NP_0001;798
2018;5.;SPECU_ABVAL;NACE10;UNIT_EUR;U_NP_0001;717
2018;5.;SPECU_ABVAL;NACE11;UNIT_EUR;U_NP_0001;458
2018;5.;SPECU_ABVAL;NACE12;UNIT_EUR;U_NP_0001;955
2018;5.;SPECU_ABVAL;NACE13;UNIT_EUR;U_NP_0001;767
2018;5.;SPECU_ABVAL;NACE14;UNIT_EUR;U_NP_0001;1824
2018;5.;SPECU_ABVAL;NACE15;UNIT_EUR;U_NP_0001;971
2018;6.;SPECU_ABVAL;NACE01;UNIT_EUR;U_NP_0001;1137
2018;6.;SPECU_ABVAL;NACE02;UNIT_EUR;U_NP_0001;1125
2018;6.;SPECU_ABVAL;NACE03;UNIT_EUR;U_NP_0001;1128
2018;6.;SPECU_ABVAL;NACE04;UNIT_EUR;U_NP_0001;1658
2018;6.;SPECU_ABVAL;NACE05;UNIT_EUR;U_NP_0001;960
2018;6.;SPECU_ABVAL;NACE06;UNIT_EUR;U_NP_0001;730
2018;6.;SPECU_ABVAL;NACE07;UNIT_EUR;U_NP_0001;1010
2018;6.;SPECU_ABVAL;NACE08;UNIT_EUR;U_NP_0001;1082
2018;6.;SPECU_ABVAL;NACE09;UNIT_EUR;U_NP_0001;791
2018;6.;SPECU_ABVAL;NACE10;UNIT_EUR;U_NP_0001;729
2018;6.;SPECU_ABVAL;NACE11;UNIT_EUR;U_NP_0001;468
2018;6.;SPECU_ABVAL;NACE12;UNIT_EUR;U_NP_0001;997
2018;6.;SPECU_ABVAL;NACE13;UNIT_EUR;U_NP_0001;836
2018;6.;SPECU_ABVAL;NACE14;UNIT_EUR;U_NP_0001;1857
2018;6.;SPECU_ABVAL;NACE15;UNIT_EUR;U_NP_0001;1012
2018;7.;SPECU_ABVAL;NACE01;UNIT_EUR;U_NP_0001;1127
2018;7.;SPECU_ABVAL;NACE02;UNIT_EUR;U_NP_0001;1106
2018;7.;SPECU_ABVAL;NACE03;UNIT_EUR;U_NP_0001;1091
2018;7.;SPECU_ABVAL;NACE04;UNIT_EUR;U_NP_0001;2387
2018;7.;SPECU_ABVAL;NACE05;UNIT_EUR;U_NP_0001;986
2018;7.;SPECU_ABVAL;NACE06;UNIT_EUR;U_NP_0001;732
2018;7.;SPECU_ABVAL;NACE07;UNIT_EUR;U_NP_0001;1002
2018;7.;SPECU_ABVAL;NACE08;UNIT_EUR;U_NP_0001;1067
2018;7.;SPECU_ABVAL;NACE09;UNIT_EUR;U_NP_0001;804
2018;7.;SPECU_ABVAL;NACE10;UNIT_EUR;U_NP_0001;732
2018;7.;SPECU_ABVAL;NACE11;UNIT_EUR;U_NP_0001;467
2018;7.;SPECU_ABVAL;NACE12;UNIT_EUR;U_NP_0001;960
2018;7.;SPECU_ABVAL;NACE13;UNIT_EUR;U_NP_0001;782
2018;7.;SPECU_ABVAL;NACE14;UNIT_EUR;U_NP_0001;1775
2018;7.;SPECU_ABVAL;NACE15;UNIT_EUR;U_NP_0001;989
2018;8.;SPECU_ABVAL;NACE01;UNIT_EUR;U_NP_0001;1099
2018;8.;SPECU_ABVAL;NACE02;UNIT_EUR;U_NP_0001;1125
2018;8.;SPECU_ABVAL;NACE03;UNIT_EUR;U_NP_0001;1089
2018;8.;SPECU_ABVAL;NACE04;UNIT_EUR;U_NP_0001;1547
2018;8.;SPECU_ABVAL;NACE05;UNIT_EUR;U_NP_0001;984
2018;8.;SPECU_ABVAL;NACE06;UNIT_EUR;U_NP_0001;716
2018;8.;SPECU_ABVAL;NACE07;UNIT_EUR;U_NP_0001;977
2018;8.;SPECU_ABVAL;NACE08;UNIT_EUR;U_NP_0001;1043
2018;8.;SPECU_ABVAL;NACE09;UNIT_EUR;U_NP_0001;788
2018;8.;SPECU_ABVAL;NACE10;UNIT_EUR;U_NP_0001;763
2018;8.;SPECU_ABVAL;NACE11;UNIT_EUR;U_NP_0001;476
2018;8.;SPECU_ABVAL;NACE12;UNIT_EUR;U_NP_0001;956
2018;8.;SPECU_ABVAL;NACE13;UNIT_EUR;U_NP_0001;785
2018;8.;SPECU_ABVAL;NACE14;UNIT_EUR;U_NP_0001;1819
2018;8.;SPECU_ABVAL;NACE15;UNIT_EUR;U_NP_0001;988
2018;9.;SPECU_ABVAL;NACE01;UNIT_EUR;U_NP_0001;1070
2018;9.;SPECU_ABVAL;NACE02;UNIT_EUR;U_NP_0001;1064
2018;9.;SPECU_ABVAL;NACE03;UNIT_EUR;U_NP_0001;1058
2018;9.;SPECU_ABVAL;NACE04;UNIT_EUR;U_NP_0001;1576
2018;9.;SPECU_ABVAL;NACE05;UNIT_EUR;U_NP_0001;953
2018;9.;SPECU_ABVAL;NACE06;UNIT_EUR;U_NP_0001;704
2018;9.;SPECU_ABVAL;NACE07;UNIT_EUR;U_NP_0001;994
2018;9.;SPECU_ABVAL;NACE08;UNIT_EUR;U_NP_0001;1042
2018;9.;SPECU_ABVAL;NACE09;UNIT_EUR;U_NP_0001;759
2018;9.;SPECU_ABVAL;NACE10;UNIT_EUR;U_NP_0001;747
2018;9.;SPECU_ABVAL;NACE11;UNIT_EUR;U_NP_0001;467
2018;9.;SPECU_ABVAL;NACE12;UNIT_EUR;U_NP_0001;946
2018;9.;SPECU_ABVAL;NACE13;UNIT_EUR;U_NP_0001;758
2018;9.;SPECU_ABVAL;NACE14;UNIT_EUR;U_NP_0001;1777
2018;9.;SPECU_ABVAL;NACE15;UNIT_EUR;U_NP_0001;992
2018;10.;SPECU_ABVAL;NACE01;UNIT_EUR;U_NP_0001;1116
2018;10.;SPECU_ABVAL;NACE02;UNIT_EUR;U_NP_0001;1129
2018;10.;SPECU_ABVAL;NACE03;UNIT_EUR;U_NP_0001;1097
2018;10.;SPECU_ABVAL;NACE04;UNIT_EUR;U_NP_0001;1842
2018;10.;SPECU_ABVAL;NACE05;UNIT_EUR;U_NP_0001;1004
2018;10.;SPECU_ABVAL;NACE06;UNIT_EUR;U_NP_0001;729
2018;10.;SPECU_ABVAL;NACE07;UNIT_EUR;U_NP_0001;995
2018;10.;SPECU_ABVAL;NACE08;UNIT_EUR;U_NP_0001;1068
2018;10.;SPECU_ABVAL;NACE09;UNIT_EUR;U_NP_0001;804
2018;10.;SPECU_ABVAL;NACE10;UNIT_EUR;U_NP_0001;723
2018;10.;SPECU_ABVAL;NACE11;UNIT_EUR;U_NP_0001;478
2018;10.;SPECU_ABVAL;NACE12;UNIT_EUR;U_NP_0001;965
2018;10.;SPECU_ABVAL;NACE13;UNIT_EUR;U_NP_0001;781
2018;10.;SPECU_ABVAL;NACE14;UNIT_EUR;U_NP_0001;1763
2018;10.;SPECU_ABVAL;NACE15;UNIT_EUR;U_NP_0001;987
2018;11.;SPECU_ABVAL;NACE01;UNIT_EUR;U_NP_0001;1329
2018;11.;SPECU_ABVAL;NACE02;UNIT_EUR;U_NP_0001;1305
2018;11.;SPECU_ABVAL;NACE03;UNIT_EUR;U_NP_0001;1317
2018;11.;SPECU_ABVAL;NACE04;UNIT_EUR;U_NP_0001;1850
2018;11.;SPECU_ABVAL;NACE05;UNIT_EUR;U_NP_0001;1218
2018;11.;SPECU_ABVAL;NACE06;UNIT_EUR;U_NP_0001;782
2018;11.;SPECU_ABVAL;NACE07;UNIT_EUR;U_NP_0001;1104
2018;11.;SPECU_ABVAL;NACE08;UNIT_EUR;U_NP_0001;1236
2018;11.;SPECU_ABVAL;NACE09;UNIT_EUR;U_NP_0001;839
2018;11.;SPECU_ABVAL;NACE10;UNIT_EUR;U_NP_0001;787
2018;11.;SPECU_ABVAL;NACE11;UNIT_EUR;U_NP_0001;487
2018;11.;SPECU_ABVAL;NACE12;UNIT_EUR;U_NP_0001;1067
2018;11.;SPECU_ABVAL;NACE13;UNIT_EUR;U_NP_0001;856
2018;11.;SPECU_ABVAL;NACE14;UNIT_EUR;U_NP_0001;2051
2018;11.;SPECU_ABVAL;NACE15;UNIT_EUR;U_NP_0001;1085
2018;12.;SPECU_ABVAL;NACE01;UNIT_EUR;U_NP_0001;1173
2018;12.;SPECU_ABVAL;NACE02;UNIT_EUR;U_NP_0001;1156
2018;12.;SPECU_ABVAL;NACE03;UNIT_EUR;U_NP_0001;1157
2018;12.;SPECU_ABVAL;NACE04;UNIT_EUR;U_NP_0001;1726
2018;12.;SPECU_ABVAL;NACE05;UNIT_EUR;U_NP_0001;1140
2018;12.;SPECU_ABVAL;NACE06;UNIT_EUR;U_NP_0001;756
2018;12.;SPECU_ABVAL;NACE07;UNIT_EUR;U_NP_0001;1099
2018;12.;SPECU_ABVAL;NACE08;UNIT_EUR;U_NP_0001;1171
2018;12.;SPECU_ABVAL;NACE09;UNIT_EUR;U_NP_0001;821
2018;12.;SPECU_ABVAL;NACE10;UNIT_EUR;U_NP_0001;774
2018;12.;SPECU_ABVAL;NACE11;UNIT_EUR;U_NP_0001;505
2018;12.;SPECU_ABVAL;NACE12;UNIT_EUR;U_NP_0001;1031
2018;12.;SPECU_ABVAL;NACE13;UNIT_EUR;U_NP_0001;785
2018;12.;SPECU_ABVAL;NACE14;UNIT_EUR;U_NP_0001;1963
2018;12.;SPECU_ABVAL;NACE15;UNIT_EUR;U_NP_0001;1127
2018;1. - 12.;SPECU_ABVAL;NACE01;UNIT_EUR;U_NP_0001;1118
2018;1. - 12.;SPECU_ABVAL;NACE02;UNIT_EUR;U_NP_0001;1101
2018;1. - 12.;SPECU_ABVAL;NACE03;UNIT_EUR;U_NP_0001;1103
2018;1. - 12.;SPECU_ABVAL;NACE04;UNIT_EUR;U_NP_0001;1749
2018;1. - 12.;SPECU_ABVAL;NACE05;UNIT_EUR;U_NP_0001;989
2018;1. - 12.;SPECU_ABVAL;NACE06;UNIT_EUR;U_NP_0001;713
2018;1. - 12.;SPECU_ABVAL;NACE07;UNIT_EUR;U_NP_0001;1010
2018;1. - 12.;SPECU_ABVAL;NACE08;UNIT_EUR;U_NP_0001;1077
2018;1. - 12.;SPECU_ABVAL;NACE09;UNIT_EUR;U_NP_0001;789
2018;1. - 12.;SPECU_ABVAL;NACE10;UNIT_EUR;U_NP_0001;726
2018;1. - 12.;SPECU_ABVAL;NACE11;UNIT_EUR;U_NP_0001;469
2018;1. - 12.;SPECU_ABVAL;NACE12;UNIT_EUR;U_NP_0001;959
2018;1. - 12.;SPECU_ABVAL;NACE13;UNIT_EUR;U_NP_0001;773
2018;1. - 12.;SPECU_ABVAL;NACE14;UNIT_EUR;U_NP_0001;1855
2018;1. - 12.;SPECU_ABVAL;NACE15;UNIT_EUR;U_NP_0001;1003
2017;1.;SPECU_ABVAL;NACE01;UNIT_EUR;U_NP_0001;968
2017;1.;SPECU_ABVAL;NACE02;UNIT_EUR;U_NP_0001;969
2017;1.;SPECU_ABVAL;NACE03;UNIT_EUR;U_NP_0001;955
2017;1.;SPECU_ABVAL;NACE04;UNIT_EUR;U_NP_0001;1466
2017;1.;SPECU_ABVAL;NACE05;UNIT_EUR;U_NP_0001;867
2017;1.;SPECU_ABVAL;NACE06;UNIT_EUR;U_NP_0001;630
2017;1.;SPECU_ABVAL;NACE07;UNIT_EUR;U_NP_0001;926
2017;1.;SPECU_ABVAL;NACE08;UNIT_EUR;U_NP_0001;979
2017;1.;SPECU_ABVAL;NACE09;UNIT_EUR;U_NP_0001;712
2017;1.;SPECU_ABVAL;NACE10;UNIT_EUR;U_NP_0001;638
2017;1.;SPECU_ABVAL;NACE11;UNIT_EUR;U_NP_0001;437
2017;1.;SPECU_ABVAL;NACE12;UNIT_EUR;U_NP_0001;859
2017;1.;SPECU_ABVAL;NACE13;UNIT_EUR;U_NP_0001;731
2017;1.;SPECU_ABVAL;NACE14;UNIT_EUR;U_NP_0001;1684
2017;1.;SPECU_ABVAL;NACE15;UNIT_EUR;U_NP_0001;920
2017;2.;SPECU_ABVAL;NACE01;UNIT_EUR;U_NP_0001;954
2017;2.;SPECU_ABVAL;NACE02;UNIT_EUR;U_NP_0001;899
2017;2.;SPECU_ABVAL;NACE03;UNIT_EUR;U_NP_0001;941
2017;2.;SPECU_ABVAL;NACE04;UNIT_EUR;U_NP_0001;1534
2017;2.;SPECU_ABVAL;NACE05;UNIT_EUR;U_NP_0001;801
2017;2.;SPECU_ABVAL;NACE06;UNIT_EUR;U_NP_0001;606
2017;2.;SPECU_ABVAL;NACE07;UNIT_EUR;U_NP_0001;911
2017;2.;SPECU_ABVAL;NACE08;UNIT_EUR;U_NP_0001;934
2017;2.;SPECU_ABVAL;NACE09;UNIT_EUR;U_NP_0001;693
2017;2.;SPECU_ABVAL;NACE10;UNIT_EUR;U_NP_0001;626
2017;2.;SPECU_ABVAL;NACE11;UNIT_EUR;U_NP_0001;416
2017;2.;SPECU_ABVAL;NACE12;UNIT_EUR;U_NP_0001;843
2017;2.;SPECU_ABVAL;NACE13;UNIT_EUR;U_NP_0001;744
2017;2.;SPECU_ABVAL;NACE14;UNIT_EUR;U_NP_0001;1726
2017;2.;SPECU_ABVAL;NACE15;UNIT_EUR;U_NP_0001;927
2017;3.;SPECU_ABVAL;NACE01;UNIT_EUR;U_NP_0001;1017
2017;3.;SPECU_ABVAL;NACE02;UNIT_EUR;U_NP_0001;978
2017;3.;SPECU_ABVAL;NACE03;UNIT_EUR;U_NP_0001;997
2017;3.;SPECU_ABVAL;NACE04;UNIT_EUR;U_NP_0001;1821
2017;3.;SPECU_ABVAL;NACE05;UNIT_EUR;U_NP_0001;877
2017;3.;SPECU_ABVAL;NACE06;UNIT_EUR;U_NP_0001;648
2017;3.;SPECU_ABVAL;NACE07;UNIT_EUR;U_NP_0001;987
2017;3.;SPECU_ABVAL;NACE08;UNIT_EUR;U_NP_0001;1009
2017;3.;SPECU_ABVAL;NACE09;UNIT_EUR;U_NP_0001;723
2017;3.;SPECU_ABVAL;NACE10;UNIT_EUR;U_NP_0001;643
2017;3.;SPECU_ABVAL;NACE11;UNIT_EUR;U_NP_0001;424
2017;3.;SPECU_ABVAL;NACE12;UNIT_EUR;U_NP_0001;889
2017;3.;SPECU_ABVAL;NACE13;UNIT_EUR;U_NP_0001;723
2017;3.;SPECU_ABVAL;NACE14;UNIT_EUR;U_NP_0001;1830
2017;3.;SPECU_ABVAL;NACE15;UNIT_EUR;U_NP_0001;957
2017;4.;SPECU_ABVAL;NACE01;UNIT_EUR;U_NP_0001;1038
2017;4.;SPECU_ABVAL;NACE02;UNIT_EUR;U_NP_0001;966
2017;4.;SPECU_ABVAL;NACE03;UNIT_EUR;U_NP_0001;1024
2017;4.;SPECU_ABVAL;NACE04;UNIT_EUR;U_NP_0001;1660
2017;4.;SPECU_ABVAL;NACE05;UNIT_EUR;U_NP_0001;886
2017;4.;SPECU_ABVAL;NACE06;UNIT_EUR;U_NP_0001;660
2017;4.;SPECU_ABVAL;NACE07;UNIT_EUR;U_NP_0001;964
2017;4.;SPECU_ABVAL;NACE08;UNIT_EUR;U_NP_0001;954
2017;4.;SPECU_ABVAL;NACE09;UNIT_EUR;U_NP_0001;735
2017;4.;SPECU_ABVAL;NACE10;UNIT_EUR;U_NP_0001;648
2017;4.;SPECU_ABVAL;NACE11;UNIT_EUR;U_NP_0001;423
2017;4.;SPECU_ABVAL;NACE12;UNIT_EUR;U_NP_0001;891
2017;4.;SPECU_ABVAL;NACE13;UNIT_EUR;U_NP_0001;713
2017;4.;SPECU_ABVAL;NACE14;UNIT_EUR;U_NP_0001;1594
2017;4.;SPECU_ABVAL;NACE15;UNIT_EUR;U_NP_0001;944
2017;5.;SPECU_ABVAL;NACE01;UNIT_EUR;U_NP_0001;1041
2017;5.;SPECU_ABVAL;NACE02;UNIT_EUR;U_NP_0001;1034
2017;5.;SPECU_ABVAL;NACE03;UNIT_EUR;U_NP_0001;1031
2017;5.;SPECU_ABVAL;NACE04;UNIT_EUR;U_NP_0001;1529
2017;5.;SPECU_ABVAL;NACE05;UNIT_EUR;U_NP_0001;908
2017;5.;SPECU_ABVAL;NACE06;UNIT_EUR;U_NP_0001;662
2017;5.;SPECU_ABVAL;NACE07;UNIT_EUR;U_NP_0001;963
2017;5.;SPECU_ABVAL;NACE08;UNIT_EUR;U_NP_0001;1033
2017;5.;SPECU_ABVAL;NACE09;UNIT_EUR;U_NP_0001;746
2017;5.;SPECU_ABVAL;NACE10;UNIT_EUR;U_NP_0001;657
2017;5.;SPECU_ABVAL;NACE11;UNIT_EUR;U_NP_0001;425
2017;5.;SPECU_ABVAL;NACE12;UNIT_EUR;U_NP_0001;893
2017;5.;SPECU_ABVAL;NACE13;UNIT_EUR;U_NP_0001;733
2017;5.;SPECU_ABVAL;NACE14;UNIT_EUR;U_NP_0001;1639
2017;5.;SPECU_ABVAL;NACE15;UNIT_EUR;U_NP_0001;918
2017;6.;SPECU_ABVAL;NACE01;UNIT_EUR;U_NP_0001;1079
2017;6.;SPECU_ABVAL;NACE02;UNIT_EUR;U_NP_0001;1026
2017;6.;SPECU_ABVAL;NACE03;UNIT_EUR;U_NP_0001;1053
2017;6.;SPECU_ABVAL;NACE04;UNIT_EUR;U_NP_0001;2099
2017;6.;SPECU_ABVAL;NACE05;UNIT_EUR;U_NP_0001;923
2017;6.;SPECU_ABVAL;NACE06;UNIT_EUR;U_NP_0001;680
2017;6.;SPECU_ABVAL;NACE07;UNIT_EUR;U_NP_0001;1005
2017;6.;SPECU_ABVAL;NACE08;UNIT_EUR;U_NP_0001;990
2017;6.;SPECU_ABVAL;NACE09;UNIT_EUR;U_NP_0001;749
2017;6.;SPECU_ABVAL;NACE10;UNIT_EUR;U_NP_0001;668
2017;6.;SPECU_ABVAL;NACE11;UNIT_EUR;U_NP_0001;426
2017;6.;SPECU_ABVAL;NACE12;UNIT_EUR;U_NP_0001;946
2017;6.;SPECU_ABVAL;NACE13;UNIT_EUR;U_NP_0001;788
2017;6.;SPECU_ABVAL;NACE14;UNIT_EUR;U_NP_0001;1639
2017;6.;SPECU_ABVAL;NACE15;UNIT_EUR;U_NP_0001;974
2017;7.;SPECU_ABVAL;NACE01;UNIT_EUR;U_NP_0001;1017
2017;7.;SPECU_ABVAL;NACE02;UNIT_EUR;U_NP_0001;1020
2017;7.;SPECU_ABVAL;NACE03;UNIT_EUR;U_NP_0001;1000
2017;7.;SPECU_ABVAL;NACE04;UNIT_EUR;U_NP_0001;1672
2017;7.;SPECU_ABVAL;NACE05;UNIT_EUR;U_NP_0001;920
2017;7.;SPECU_ABVAL;NACE06;UNIT_EUR;U_NP_0001;679
2017;7.;SPECU_ABVAL;NACE07;UNIT_EUR;U_NP_0001;969
2017;7.;SPECU_ABVAL;NACE08;UNIT_EUR;U_NP_0001;992
2017;7.;SPECU_ABVAL;NACE09;UNIT_EUR;U_NP_0001;744
2017;7.;SPECU_ABVAL;NACE10;UNIT_EUR;U_NP_0001;682
2017;7.;SPECU_ABVAL;NACE11;UNIT_EUR;U_NP_0001;430
2017;7.;SPECU_ABVAL;NACE12;UNIT_EUR;U_NP_0001;905
2017;7.;SPECU_ABVAL;NACE13;UNIT_EUR;U_NP_0001;758
2017;7.;SPECU_ABVAL;NACE14;UNIT_EUR;U_NP_0001;1616
2017;7.;SPECU_ABVAL;NACE15;UNIT_EUR;U_NP_0001;931
2017;8.;SPECU_ABVAL;NACE01;UNIT_EUR;U_NP_0001;1022
2017;8.;SPECU_ABVAL;NACE02;UNIT_EUR;U_NP_0001;1048
2017;8.;SPECU_ABVAL;NACE03;UNIT_EUR;U_NP_0001;1012
2017;8.;SPECU_ABVAL;NACE04;UNIT_EUR;U_NP_0001;1482
2017;8.;SPECU_ABVAL;NACE05;UNIT_EUR;U_NP_0001;904
2017;8.;SPECU_ABVAL;NACE06;UNIT_EUR;U_NP_0001;676
2017;8.;SPECU_ABVAL;NACE07;UNIT_EUR;U_NP_0001;981
2017;8.;SPECU_ABVAL;NACE08;UNIT_EUR;U_NP_0001;971
2017;8.;SPECU_ABVAL;NACE09;UNIT_EUR;U_NP_0001;745
2017;8.;SPECU_ABVAL;NACE10;UNIT_EUR;U_NP_0001;693
2017;8.;SPECU_ABVAL;NACE11;UNIT_EUR;U_NP_0001;429
2017;8.;SPECU_ABVAL;NACE12;UNIT_EUR;U_NP_0001;900
2017;8.;SPECU_ABVAL;NACE13;UNIT_EUR;U_NP_0001;742
2017;8.;SPECU_ABVAL;NACE14;UNIT_EUR;U_NP_0001;1654
2017;8.;SPECU_ABVAL;NACE15;UNIT_EUR;U_NP_0001;937
2017;9.;SPECU_ABVAL;NACE01;UNIT_EUR;U_NP_0001;1018
2017;9.;SPECU_ABVAL;NACE02;UNIT_EUR;U_NP_0001;989
2017;9.;SPECU_ABVAL;NACE03;UNIT_EUR;U_NP_0001;1008
2017;9.;SPECU_ABVAL;NACE04;UNIT_EUR;U_NP_0001;1528
2017;9.;SPECU_ABVAL;NACE05;UNIT_EUR;U_NP_0001;867
2017;9.;SPECU_ABVAL;NACE06;UNIT_EUR;U_NP_0001;669
2017;9.;SPECU_ABVAL;NACE07;UNIT_EUR;U_NP_0001;978
2017;9.;SPECU_ABVAL;NACE08;UNIT_EUR;U_NP_0001;984
2017;9.;SPECU_ABVAL;NACE09;UNIT_EUR;U_NP_0001;712
2017;9.;SPECU_ABVAL;NACE10;UNIT_EUR;U_NP_0001;709
2017;9.;SPECU_ABVAL;NACE11;UNIT_EUR;U_NP_0001;418
2017;9.;SPECU_ABVAL;NACE12;UNIT_EUR;U_NP_0001;904
2017;9.;SPECU_ABVAL;NACE13;UNIT_EUR;U_NP_0001;733
2017;9.;SPECU_ABVAL;NACE14;UNIT_EUR;U_NP_0001;1627
2017;9.;SPECU_ABVAL;NACE15;UNIT_EUR;U_NP_0001;936
2017;10.;SPECU_ABVAL;NACE01;UNIT_EUR;U_NP_0001;1027
2017;10.;SPECU_ABVAL;NACE02;UNIT_EUR;U_NP_0001;1003
2017;10.;SPECU_ABVAL;NACE03;UNIT_EUR;U_NP_0001;1006
2017;10.;SPECU_ABVAL;NACE04;UNIT_EUR;U_NP_0001;1776
2017;10.;SPECU_ABVAL;NACE05;UNIT_EUR;U_NP_0001;932
2017;10.;SPECU_ABVAL;NACE06;UNIT_EUR;U_NP_0001;685
2017;10.;SPECU_ABVAL;NACE07;UNIT_EUR;U_NP_0001;966
2017;10.;SPECU_ABVAL;NACE08;UNIT_EUR;U_NP_0001;987
2017;10.;SPECU_ABVAL;NACE09;UNIT_EUR;U_NP_0001;721
2017;10.;SPECU_ABVAL;NACE10;UNIT_EUR;U_NP_0001;662
2017;10.;SPECU_ABVAL;NACE11;UNIT_EUR;U_NP_0001;434
2017;10.;SPECU_ABVAL;NACE12;UNIT_EUR;U_NP_0001;907
2017;10.;SPECU_ABVAL;NACE13;UNIT_EUR;U_NP_0001;740
2017;10.;SPECU_ABVAL;NACE14;UNIT_EUR;U_NP_0001;1655
2017;10.;SPECU_ABVAL;NACE15;UNIT_EUR;U_NP_0001;940
2017;11.;SPECU_ABVAL;NACE01;UNIT_EUR;U_NP_0001;1252
2017;11.;SPECU_ABVAL;NACE02;UNIT_EUR;U_NP_0001;1237
2017;11.;SPECU_ABVAL;NACE03;UNIT_EUR;U_NP_0001;1238
2017;11.;SPECU_ABVAL;NACE04;UNIT_EUR;U_NP_0001;1797
2017;11.;SPECU_ABVAL;NACE05;UNIT_EUR;U_NP_0001;1161
2017;11.;SPECU_ABVAL;NACE06;UNIT_EUR;U_NP_0001;734
2017;11.;SPECU_ABVAL;NACE07;UNIT_EUR;U_NP_0001;1074
2017;11.;SPECU_ABVAL;NACE08;UNIT_EUR;U_NP_0001;1128
2017;11.;SPECU_ABVAL;NACE09;UNIT_EUR;U_NP_0001;772
2017;11.;SPECU_ABVAL;NACE10;UNIT_EUR;U_NP_0001;730
2017;11.;SPECU_ABVAL;NACE11;UNIT_EUR;U_NP_0001;440
2017;11.;SPECU_ABVAL;NACE12;UNIT_EUR;U_NP_0001;1016
2017;11.;SPECU_ABVAL;NACE13;UNIT_EUR;U_NP_0001;843
2017;11.;SPECU_ABVAL;NACE14;UNIT_EUR;U_NP_0001;1831
2017;11.;SPECU_ABVAL;NACE15;UNIT_EUR;U_NP_0001;1026
2017;12.;SPECU_ABVAL;NACE01;UNIT_EUR;U_NP_0001;1108
2017;12.;SPECU_ABVAL;NACE02;UNIT_EUR;U_NP_0001;1070
2017;12.;SPECU_ABVAL;NACE03;UNIT_EUR;U_NP_0001;1097
2017;12.;SPECU_ABVAL;NACE04;UNIT_EUR;U_NP_0001;1570
2017;12.;SPECU_ABVAL;NACE05;UNIT_EUR;U_NP_0001;1013
2017;12.;SPECU_ABVAL;NACE06;UNIT_EUR;U_NP_0001;703
2017;12.;SPECU_ABVAL;NACE07;UNIT_EUR;U_NP_0001;1138
2017;12.;SPECU_ABVAL;NACE08;UNIT_EUR;U_NP_0001;1104
2017;12.;SPECU_ABVAL;NACE09;UNIT_EUR;U_NP_0001;777
2017;12.;SPECU_ABVAL;NACE10;UNIT_EUR;U_NP_0001;702
2017;12.;SPECU_ABVAL;NACE11;UNIT_EUR;U_NP_0001;442
2017;12.;SPECU_ABVAL;NACE12;UNIT_EUR;U_NP_0001;992
2017;12.;SPECU_ABVAL;NACE13;UNIT_EUR;U_NP_0001;743
2017;12.;SPECU_ABVAL;NACE14;UNIT_EUR;U_NP_0001;1791
2017;12.;SPECU_ABVAL;NACE15;UNIT_EUR;U_NP_0001;1036
2017;1. - 12.;SPECU_ABVAL;NACE01;UNIT_EUR;U_NP_0001;1046
2017;1. - 12.;SPECU_ABVAL;NACE02;UNIT_EUR;U_NP_0001;1019
2017;1. - 12.;SPECU_ABVAL;NACE03;UNIT_EUR;U_NP_0001;1031
2017;1. - 12.;SPECU_ABVAL;NACE04;UNIT_EUR;U_NP_0001;1661
2017;1. - 12.;SPECU_ABVAL;NACE05;UNIT_EUR;U_NP_0001;922
2017;1. - 12.;SPECU_ABVAL;NACE06;UNIT_EUR;U_NP_0001;670
2017;1. - 12.;SPECU_ABVAL;NACE07;UNIT_EUR;U_NP_0001;990
2017;1. - 12.;SPECU_ABVAL;NACE08;UNIT_EUR;U_NP_0001;1006
2017;1. - 12.;SPECU_ABVAL;NACE09;UNIT_EUR;U_NP_0001;736
2017;1. - 12.;SPECU_ABVAL;NACE10;UNIT_EUR;U_NP_0001;670
2017;1. - 12.;SPECU_ABVAL;NACE11;UNIT_EUR;U_NP_0001;428
2017;1. - 12.;SPECU_ABVAL;NACE12;UNIT_EUR;U_NP_0001;913
2017;1. - 12.;SPECU_ABVAL;NACE13;UNIT_EUR;U_NP_0001;749
2017;1. - 12.;SPECU_ABVAL;NACE14;UNIT_EUR;U_NP_0001;1691
2017;1. - 12.;SPECU_ABVAL;NACE15;UNIT_EUR;U_NP_0001;954
2016;1.;SPECU_ABVAL;NACE01;UNIT_EUR;U_NP_0001;931
2016;1.;SPECU_ABVAL;NACE02;UNIT_EUR;U_NP_0001;929
2016;1.;SPECU_ABVAL;NACE03;UNIT_EUR;U_NP_0001;916
2016;1.;SPECU_ABVAL;NACE04;UNIT_EUR;U_NP_0001;1430
2016;1.;SPECU_ABVAL;NACE05;UNIT_EUR;U_NP_0001;852
2016;1.;SPECU_ABVAL;NACE06;UNIT_EUR;U_NP_0001;618
2016;1.;SPECU_ABVAL;NACE07;UNIT_EUR;U_NP_0001;887
2016;1.;SPECU_ABVAL;NACE08;UNIT_EUR;U_NP_0001;943
2016;1.;SPECU_ABVAL;NACE09;UNIT_EUR;U_NP_0001;666
2016;1.;SPECU_ABVAL;NACE10;UNIT_EUR;U_NP_0001;682
2016;1.;SPECU_ABVAL;NACE11;UNIT_EUR;U_NP_0001;391
2016;1.;SPECU_ABVAL;NACE12;UNIT_EUR;U_NP_0001;807
2016;1.;SPECU_ABVAL;NACE13;UNIT_EUR;U_NP_0001;723
2016;1.;SPECU_ABVAL;NACE14;UNIT_EUR;U_NP_0001;1700
2016;1.;SPECU_ABVAL;NACE15;UNIT_EUR;U_NP_0001;868
2016;2.;SPECU_ABVAL;NACE01;UNIT_EUR;U_NP_0001;926
2016;2.;SPECU_ABVAL;NACE02;UNIT_EUR;U_NP_0001;910
2016;2.;SPECU_ABVAL;NACE03;UNIT_EUR;U_NP_0001;907
2016;2.;SPECU_ABVAL;NACE04;UNIT_EUR;U_NP_0001;1577
2016;2.;SPECU_ABVAL;NACE05;UNIT_EUR;U_NP_0001;841
2016;2.;SPECU_ABVAL;NACE06;UNIT_EUR;U_NP_0001;593
2016;2.;SPECU_ABVAL;NACE07;UNIT_EUR;U_NP_0001;932
2016;2.;SPECU_ABVAL;NACE08;UNIT_EUR;U_NP_0001;884
2016;2.;SPECU_ABVAL;NACE09;UNIT_EUR;U_NP_0001;657
2016;2.;SPECU_ABVAL;NACE10;UNIT_EUR;U_NP_0001;641
2016;2.;SPECU_ABVAL;NACE11;UNIT_EUR;U_NP_0001;383
2016;2.;SPECU_ABVAL;NACE12;UNIT_EUR;U_NP_0001;827
2016;2.;SPECU_ABVAL;NACE13;UNIT_EUR;U_NP_0001;679
2016;2.;SPECU_ABVAL;NACE14;UNIT_EUR;U_NP_0001;1820
2016;2.;SPECU_ABVAL;NACE15;UNIT_EUR;U_NP_0001;893
2016;3.;SPECU_ABVAL;NACE01;UNIT_EUR;U_NP_0001;988
2016;3.;SPECU_ABVAL;NACE02;UNIT_EUR;U_NP_0001;976
2016;3.;SPECU_ABVAL;NACE03;UNIT_EUR;U_NP_0001;965
2016;3.;SPECU_ABVAL;NACE04;UNIT_EUR;U_NP_0001;1744
2016;3.;SPECU_ABVAL;NACE05;UNIT_EUR;U_NP_0001;904
2016;3.;SPECU_ABVAL;NACE06;UNIT_EUR;U_NP_0001;617
2016;3.;SPECU_ABVAL;NACE07;UNIT_EUR;U_NP_0001;937
2016;3.;SPECU_ABVAL;NACE08;UNIT_EUR;U_NP_0001;952
2016;3.;SPECU_ABVAL;NACE09;UNIT_EUR;U_NP_0001;680
2016;3.;SPECU_ABVAL;NACE10;UNIT_EUR;U_NP_0001;670
2016;3.;SPECU_ABVAL;NACE11;UNIT_EUR;U_NP_0001;388
2016;3.;SPECU_ABVAL;NACE12;UNIT_EUR;U_NP_0001;850
2016;3.;SPECU_ABVAL;NACE13;UNIT_EUR;U_NP_0001;787
2016;3.;SPECU_ABVAL;NACE14;UNIT_EUR;U_NP_0001;2011
2016;3.;SPECU_ABVAL;NACE15;UNIT_EUR;U_NP_0001;955
2016;4.;SPECU_ABVAL;NACE01;UNIT_EUR;U_NP_0001;973
2016;4.;SPECU_ABVAL;NACE02;UNIT_EUR;U_NP_0001;944
2016;4.;SPECU_ABVAL;NACE03;UNIT_EUR;U_NP_0001;955
2016;4.;SPECU_ABVAL;NACE04;UNIT_EUR;U_NP_0001;1592
2016;4.;SPECU_ABVAL;NACE05;UNIT_EUR;U_NP_0001;894
2016;4.;SPECU_ABVAL;NACE06;UNIT_EUR;U_NP_0001;640
2016;4.;SPECU_ABVAL;NACE07;UNIT_EUR;U_NP_0001;915
2016;4.;SPECU_ABVAL;NACE08;UNIT_EUR;U_NP_0001;935
2016;4.;SPECU_ABVAL;NACE09;UNIT_EUR;U_NP_0001;662
2016;4.;SPECU_ABVAL;NACE10;UNIT_EUR;U_NP_0001;625
2016;4.;SPECU_ABVAL;NACE11;UNIT_EUR;U_NP_0001;388
2016;4.;SPECU_ABVAL;NACE12;UNIT_EUR;U_NP_0001;824
2016;4.;SPECU_ABVAL;NACE13;UNIT_EUR;U_NP_0001;679
2016;4.;SPECU_ABVAL;NACE14;UNIT_EUR;U_NP_0001;1606
2016;4.;SPECU_ABVAL;NACE15;UNIT_EUR;U_NP_0001;915
2016;5.;SPECU_ABVAL;NACE01;UNIT_EUR;U_NP_0001;1010
2016;5.;SPECU_ABVAL;NACE02;UNIT_EUR;U_NP_0001;992
2016;5.;SPECU_ABVAL;NACE03;UNIT_EUR;U_NP_0001;983
2016;5.;SPECU_ABVAL;NACE04;UNIT_EUR;U_NP_0001;1956
2016;5.;SPECU_ABVAL;NACE05;UNIT_EUR;U_NP_0001;884
2016;5.;SPECU_ABVAL;NACE06;UNIT_EUR;U_NP_0001;636
2016;5.;SPECU_ABVAL;NACE07;UNIT_EUR;U_NP_0001;926
2016;5.;SPECU_ABVAL;NACE08;UNIT_EUR;U_NP_0001;998
2016;5.;SPECU_ABVAL;NACE09;UNIT_EUR;U_NP_0001;708
2016;5.;SPECU_ABVAL;NACE10;UNIT_EUR;U_NP_0001;643
2016;5.;SPECU_ABVAL;NACE11;UNIT_EUR;U_NP_0001;388
2016;5.;SPECU_ABVAL;NACE12;UNIT_EUR;U_NP_0001;825
2016;5.;SPECU_ABVAL;NACE13;UNIT_EUR;U_NP_0001;688
2016;5.;SPECU_ABVAL;NACE14;UNIT_EUR;U_NP_0001;1647
2016;5.;SPECU_ABVAL;NACE15;UNIT_EUR;U_NP_0001;880
2016;6.;SPECU_ABVAL;NACE01;UNIT_EUR;U_NP_0001;999
2016;6.;SPECU_ABVAL;NACE02;UNIT_EUR;U_NP_0001;1011
2016;6.;SPECU_ABVAL;NACE03;UNIT_EUR;U_NP_0001;986
2016;6.;SPECU_ABVAL;NACE04;UNIT_EUR;U_NP_0001;1521
2016;6.;SPECU_ABVAL;NACE05;UNIT_EUR;U_NP_0001;894
2016;6.;SPECU_ABVAL;NACE06;UNIT_EUR;U_NP_0001;675
2016;6.;SPECU_ABVAL;NACE07;UNIT_EUR;U_NP_0001;922
2016;6.;SPECU_ABVAL;NACE08;UNIT_EUR;U_NP_0001;948
2016;6.;SPECU_ABVAL;NACE09;UNIT_EUR;U_NP_0001;679
2016;6.;SPECU_ABVAL;NACE10;UNIT_EUR;U_NP_0001;639
2016;6.;SPECU_ABVAL;NACE11;UNIT_EUR;U_NP_0001;401
2016;6.;SPECU_ABVAL;NACE12;UNIT_EUR;U_NP_0001;853
2016;6.;SPECU_ABVAL;NACE13;UNIT_EUR;U_NP_0001;693
2016;6.;SPECU_ABVAL;NACE14;UNIT_EUR;U_NP_0001;1720
2016;6.;SPECU_ABVAL;NACE15;UNIT_EUR;U_NP_0001;929
2016;7.;SPECU_ABVAL;NACE01;UNIT_EUR;U_NP_0001;968
2016;7.;SPECU_ABVAL;NACE02;UNIT_EUR;U_NP_0001;1018
2016;7.;SPECU_ABVAL;NACE03;UNIT_EUR;U_NP_0001;943
2016;7.;SPECU_ABVAL;NACE04;UNIT_EUR;U_NP_0001;1677
2016;7.;SPECU_ABVAL;NACE05;UNIT_EUR;U_NP_0001;965
2016;7.;SPECU_ABVAL;NACE06;UNIT_EUR;U_NP_0001;663
2016;7.;SPECU_ABVAL;NACE07;UNIT_EUR;U_NP_0001;948
2016;7.;SPECU_ABVAL;NACE08;UNIT_EUR;U_NP_0001;946
2016;7.;SPECU_ABVAL;NACE09;UNIT_EUR;U_NP_0001;693
2016;7.;SPECU_ABVAL;NACE10;UNIT_EUR;U_NP_0001;662
2016;7.;SPECU_ABVAL;NACE11;UNIT_EUR;U_NP_0001;389
2016;7.;SPECU_ABVAL;NACE12;UNIT_EUR;U_NP_0001;851
2016;7.;SPECU_ABVAL;NACE13;UNIT_EUR;U_NP_0001;742
2016;7.;SPECU_ABVAL;NACE14;UNIT_EUR;U_NP_0001;1659
2016;7.;SPECU_ABVAL;NACE15;UNIT_EUR;U_NP_0001;898
2016;8.;SPECU_ABVAL;NACE01;UNIT_EUR;U_NP_0001;963
2016;8.;SPECU_ABVAL;NACE02;UNIT_EUR;U_NP_0001;1035
2016;8.;SPECU_ABVAL;NACE03;UNIT_EUR;U_NP_0001;948
2016;8.;SPECU_ABVAL;NACE04;UNIT_EUR;U_NP_0001;1437
2016;8.;SPECU_ABVAL;NACE05;UNIT_EUR;U_NP_0001;896
2016;8.;SPECU_ABVAL;NACE06;UNIT_EUR;U_NP_0001;648
2016;8.;SPECU_ABVAL;NACE07;UNIT_EUR;U_NP_0001;920
2016;8.;SPECU_ABVAL;NACE08;UNIT_EUR;U_NP_0001;938
2016;8.;SPECU_ABVAL;NACE09;UNIT_EUR;U_NP_0001;694
2016;8.;SPECU_ABVAL;NACE10;UNIT_EUR;U_NP_0001;662
2016;8.;SPECU_ABVAL;NACE11;UNIT_EUR;U_NP_0001;400
2016;8.;SPECU_ABVAL;NACE12;UNIT_EUR;U_NP_0001;833
2016;8.;SPECU_ABVAL;NACE13;UNIT_EUR;U_NP_0001;699
2016;8.;SPECU_ABVAL;NACE14;UNIT_EUR;U_NP_0001;1727
2016;8.;SPECU_ABVAL;NACE15;UNIT_EUR;U_NP_0001;921
2016;9.;SPECU_ABVAL;NACE01;UNIT_EUR;U_NP_0001;973
2016;9.;SPECU_ABVAL;NACE02;UNIT_EUR;U_NP_0001;997
2016;9.;SPECU_ABVAL;NACE03;UNIT_EUR;U_NP_0001;962
2016;9.;SPECU_ABVAL;NACE04;UNIT_EUR;U_NP_0001;1436
2016;9.;SPECU_ABVAL;NACE05;UNIT_EUR;U_NP_0001;852
2016;9.;SPECU_ABVAL;NACE06;UNIT_EUR;U_NP_0001;652
2016;9.;SPECU_ABVAL;NACE07;UNIT_EUR;U_NP_0001;917
2016;9.;SPECU_ABVAL;NACE08;UNIT_EUR;U_NP_0001;960
2016;9.;SPECU_ABVAL;NACE09;UNIT_EUR;U_NP_0001;664
2016;9.;SPECU_ABVAL;NACE10;UNIT_EUR;U_NP_0001;682
2016;9.;SPECU_ABVAL;NACE11;UNIT_EUR;U_NP_0001;391
2016;9.;SPECU_ABVAL;NACE12;UNIT_EUR;U_NP_0001;846
2016;9.;SPECU_ABVAL;NACE13;UNIT_EUR;U_NP_0001;709
2016;9.;SPECU_ABVAL;NACE14;UNIT_EUR;U_NP_0001;1674
2016;9.;SPECU_ABVAL;NACE15;UNIT_EUR;U_NP_0001;908
2016;10.;SPECU_ABVAL;NACE01;UNIT_EUR;U_NP_0001;974
2016;10.;SPECU_ABVAL;NACE02;UNIT_EUR;U_NP_0001;995
2016;10.;SPECU_ABVAL;NACE03;UNIT_EUR;U_NP_0001;956
2016;10.;SPECU_ABVAL;NACE04;UNIT_EUR;U_NP_0001;1579
2016;10.;SPECU_ABVAL;NACE05;UNIT_EUR;U_NP_0001;896
2016;10.;SPECU_ABVAL;NACE06;UNIT_EUR;U_NP_0001;649
2016;10.;SPECU_ABVAL;NACE07;UNIT_EUR;U_NP_0001;915
2016;10.;SPECU_ABVAL;NACE08;UNIT_EUR;U_NP_0001;933
2016;10.;SPECU_ABVAL;NACE09;UNIT_EUR;U_NP_0001;688
2016;10.;SPECU_ABVAL;NACE10;UNIT_EUR;U_NP_0001;659
2016;10.;SPECU_ABVAL;NACE11;UNIT_EUR;U_NP_0001;393
2016;10.;SPECU_ABVAL;NACE12;UNIT_EUR;U_NP_0001;845
2016;10.;SPECU_ABVAL;NACE13;UNIT_EUR;U_NP_0001;695
2016;10.;SPECU_ABVAL;NACE14;UNIT_EUR;U_NP_0001;1706
2016;10.;SPECU_ABVAL;NACE15;UNIT_EUR;U_NP_0001;923
2016;11.;SPECU_ABVAL;NACE01;UNIT_EUR;U_NP_0001;1179
2016;11.;SPECU_ABVAL;NACE02;UNIT_EUR;U_NP_0001;1126
2016;11.;SPECU_ABVAL;NACE03;UNIT_EUR;U_NP_0001;1162
2016;11.;SPECU_ABVAL;NACE04;UNIT_EUR;U_NP_0001;1735
2016;11.;SPECU_ABVAL;NACE05;UNIT_EUR;U_NP_0001;1145
2016;11.;SPECU_ABVAL;NACE06;UNIT_EUR;U_NP_0001;717
2016;11.;SPECU_ABVAL;NACE07;UNIT_EUR;U_NP_0001;1037
2016;11.;SPECU_ABVAL;NACE08;UNIT_EUR;U_NP_0001;1068
2016;11.;SPECU_ABVAL;NACE09;UNIT_EUR;U_NP_0001;756
2016;11.;SPECU_ABVAL;NACE10;UNIT_EUR;U_NP_0001;714
2016;11.;SPECU_ABVAL;NACE11;UNIT_EUR;U_NP_0001;388
2016;11.;SPECU_ABVAL;NACE12;UNIT_EUR;U_NP_0001;942
2016;11.;SPECU_ABVAL;NACE13;UNIT_EUR;U_NP_0001;826
2016;11.;SPECU_ABVAL;NACE14;UNIT_EUR;U_NP_0001;1829
2016;11.;SPECU_ABVAL;NACE15;UNIT_EUR;U_NP_0001;957
2016;12.;SPECU_ABVAL;NACE01;UNIT_EUR;U_NP_0001;1077
2016;12.;SPECU_ABVAL;NACE02;UNIT_EUR;U_NP_0001;1067
2016;12.;SPECU_ABVAL;NACE03;UNIT_EUR;U_NP_0001;1056
2016;12.;SPECU_ABVAL;NACE04;UNIT_EUR;U_NP_0001;1823
2016;12.;SPECU_ABVAL;NACE05;UNIT_EUR;U_NP_0001;967
2016;12.;SPECU_ABVAL;NACE06;UNIT_EUR;U_NP_0001;700
2016;12.;SPECU_ABVAL;NACE07;UNIT_EUR;U_NP_0001;1124
2016;12.;SPECU_ABVAL;NACE08;UNIT_EUR;U_NP_0001;1096
2016;12.;SPECU_ABVAL;NACE09;UNIT_EUR;U_NP_0001;730
2016;12.;SPECU_ABVAL;NACE10;UNIT_EUR;U_NP_0001;712
2016;12.;SPECU_ABVAL;NACE11;UNIT_EUR;U_NP_0001;401
2016;12.;SPECU_ABVAL;NACE12;UNIT_EUR;U_NP_0001;975
2016;12.;SPECU_ABVAL;NACE13;UNIT_EUR;U_NP_0001;703
2016;12.;SPECU_ABVAL;NACE14;UNIT_EUR;U_NP_0001;1877
2016;12.;SPECU_ABVAL;NACE15;UNIT_EUR;U_NP_0001;1020
2016;1. - 12.;SPECU_ABVAL;NACE01;UNIT_EUR;U_NP_0001;997
2016;1. - 12.;SPECU_ABVAL;NACE02;UNIT_EUR;U_NP_0001;999
2016;1. - 12.;SPECU_ABVAL;NACE03;UNIT_EUR;U_NP_0001;979
2016;1. - 12.;SPECU_ABVAL;NACE04;UNIT_EUR;U_NP_0001;1626
2016;1. - 12.;SPECU_ABVAL;NACE05;UNIT_EUR;U_NP_0001;916
2016;1. - 12.;SPECU_ABVAL;NACE06;UNIT_EUR;U_NP_0001;651
2016;1. - 12.;SPECU_ABVAL;NACE07;UNIT_EUR;U_NP_0001;950
2016;1. - 12.;SPECU_ABVAL;NACE08;UNIT_EUR;U_NP_0001;967
2016;1. - 12.;SPECU_ABVAL;NACE09;UNIT_EUR;U_NP_0001;691
2016;1. - 12.;SPECU_ABVAL;NACE10;UNIT_EUR;U_NP_0001;665
2016;1. - 12.;SPECU_ABVAL;NACE11;UNIT_EUR;U_NP_0001;391
2016;1. - 12.;SPECU_ABVAL;NACE12;UNIT_EUR;U_NP_0001;857
2016;1. - 12.;SPECU_ABVAL;NACE13;UNIT_EUR;U_NP_0001;719
2016;1. - 12.;SPECU_ABVAL;NACE14;UNIT_EUR;U_NP_0001;1748
2016;1. - 12.;SPECU_ABVAL;NACE15;UNIT_EUR;U_NP_0001;923
2015;1.;SPECU_ABVAL;NACE01;UNIT_EUR;U_NP_0001;905
2015;1.;SPECU_ABVAL;NACE02;UNIT_EUR;U_NP_0001;917
2015;1.;SPECU_ABVAL;NACE03;UNIT_EUR;U_NP_0001;884
2015;1.;SPECU_ABVAL;NACE04;UNIT_EUR;U_NP_0001;1480
2015;1.;SPECU_ABVAL;NACE05;UNIT_EUR;U_NP_0001;852
2015;1.;SPECU_ABVAL;NACE06;UNIT_EUR;U_NP_0001;578
2015;1.;SPECU_ABVAL;NACE07;UNIT_EUR;U_NP_0001;857
2015;1.;SPECU_ABVAL;NACE08;UNIT_EUR;U_NP_0001;888
2015;1.;SPECU_ABVAL;NACE09;UNIT_EUR;U_NP_0001;650
2015;1.;SPECU_ABVAL;NACE10;UNIT_EUR;U_NP_0001;632
2015;1.;SPECU_ABVAL;NACE11;UNIT_EUR;U_NP_0001;372
2015;1.;SPECU_ABVAL;NACE12;UNIT_EUR;U_NP_0001;754
2015;1.;SPECU_ABVAL;NACE13;UNIT_EUR;U_NP_0001;667
2015;1.;SPECU_ABVAL;NACE14;UNIT_EUR;U_NP_0001;1693
2015;1.;SPECU_ABVAL;NACE15;UNIT_EUR;U_NP_0001;862
2015;2.;SPECU_ABVAL;NACE01;UNIT_EUR;U_NP_0001;882
2015;2.;SPECU_ABVAL;NACE02;UNIT_EUR;U_NP_0001;820
2015;2.;SPECU_ABVAL;NACE03;UNIT_EUR;U_NP_0001;862
2015;2.;SPECU_ABVAL;NACE04;UNIT_EUR;U_NP_0001;1560
2015;2.;SPECU_ABVAL;NACE05;UNIT_EUR;U_NP_0001;774
2015;2.;SPECU_ABVAL;NACE06;UNIT_EUR;U_NP_0001;562
2015;2.;SPECU_ABVAL;NACE07;UNIT_EUR;U_NP_0001;811
2015;2.;SPECU_ABVAL;NACE08;UNIT_EUR;U_NP_0001;843
2015;2.;SPECU_ABVAL;NACE09;UNIT_EUR;U_NP_0001;629
2015;2.;SPECU_ABVAL;NACE10;UNIT_EUR;U_NP_0001;618
2015;2.;SPECU_ABVAL;NACE11;UNIT_EUR;U_NP_0001;363
2015;2.;SPECU_ABVAL;NACE12;UNIT_EUR;U_NP_0001;744
2015;2.;SPECU_ABVAL;NACE13;UNIT_EUR;U_NP_0001;621
2015;2.;SPECU_ABVAL;NACE14;UNIT_EUR;U_NP_0001;1759
2015;2.;SPECU_ABVAL;NACE15;UNIT_EUR;U_NP_0001;855
2015;3.;SPECU_ABVAL;NACE01;UNIT_EUR;U_NP_0001;927
2015;3.;SPECU_ABVAL;NACE02;UNIT_EUR;U_NP_0001;891
2015;3.;SPECU_ABVAL;NACE03;UNIT_EUR;U_NP_0001;910
2015;3.;SPECU_ABVAL;NACE04;UNIT_EUR;U_NP_0001;1491
2015;3.;SPECU_ABVAL;NACE05;UNIT_EUR;U_NP_0001;836
2015;3.;SPECU_ABVAL;NACE06;UNIT_EUR;U_NP_0001;592
2015;3.;SPECU_ABVAL;NACE07;UNIT_EUR;U_NP_0001;854
2015;3.;SPECU_ABVAL;NACE08;UNIT_EUR;U_NP_0001;914
2015;3.;SPECU_ABVAL;NACE09;UNIT_EUR;U_NP_0001;640
2015;3.;SPECU_ABVAL;NACE10;UNIT_EUR;U_NP_0001;615
2015;3.;SPECU_ABVAL;NACE11;UNIT_EUR;U_NP_0001;382
2015;3.;SPECU_ABVAL;NACE12;UNIT_EUR;U_NP_0001;775
2015;3.;SPECU_ABVAL;NACE13;UNIT_EUR;U_NP_0001;674
2015;3.;SPECU_ABVAL;NACE14;UNIT_EUR;U_NP_0001;1952
2015;3.;SPECU_ABVAL;NACE15;UNIT_EUR;U_NP_0001;865
2015;4.;SPECU_ABVAL;NACE01;UNIT_EUR;U_NP_0001;957
2015;4.;SPECU_ABVAL;NACE02;UNIT_EUR;U_NP_0001;942
2015;4.;SPECU_ABVAL;NACE03;UNIT_EUR;U_NP_0001;937
2015;4.;SPECU_ABVAL;NACE04;UNIT_EUR;U_NP_0001;1536
2015;4.;SPECU_ABVAL;NACE05;UNIT_EUR;U_NP_0001;921
2015;4.;SPECU_ABVAL;NACE06;UNIT_EUR;U_NP_0001;607
2015;4.;SPECU_ABVAL;NACE07;UNIT_EUR;U_NP_0001;846
2015;4.;SPECU_ABVAL;NACE08;UNIT_EUR;U_NP_0001;889
2015;4.;SPECU_ABVAL;NACE09;UNIT_EUR;U_NP_0001;636
2015;4.;SPECU_ABVAL;NACE10;UNIT_EUR;U_NP_0001;608
2015;4.;SPECU_ABVAL;NACE11;UNIT_EUR;U_NP_0001;369
2015;4.;SPECU_ABVAL;NACE12;UNIT_EUR;U_NP_0001;809
2015;4.;SPECU_ABVAL;NACE13;UNIT_EUR;U_NP_0001;760
2015;4.;SPECU_ABVAL;NACE14;UNIT_EUR;U_NP_0001;1655
2015;4.;SPECU_ABVAL;NACE15;UNIT_EUR;U_NP_0001;891
2015;5.;SPECU_ABVAL;NACE01;UNIT_EUR;U_NP_0001;980
2015;5.;SPECU_ABVAL;NACE02;UNIT_EUR;U_NP_0001;943
2015;5.;SPECU_ABVAL;NACE03;UNIT_EUR;U_NP_0001;955
2015;5.;SPECU_ABVAL;NACE04;UNIT_EUR;U_NP_0001;1800
2015;5.;SPECU_ABVAL;NACE05;UNIT_EUR;U_NP_0001;852
2015;5.;SPECU_ABVAL;NACE06;UNIT_EUR;U_NP_0001;604
2015;5.;SPECU_ABVAL;NACE07;UNIT_EUR;U_NP_0001;861
2015;5.;SPECU_ABVAL;NACE08;UNIT_EUR;U_NP_0001;946
2015;5.;SPECU_ABVAL;NACE09;UNIT_EUR;U_NP_0001;671
2015;5.;SPECU_ABVAL;NACE10;UNIT_EUR;U_NP_0001;618
2015;5.;SPECU_ABVAL;NACE11;UNIT_EUR;U_NP_0001;371
2015;5.;SPECU_ABVAL;NACE12;UNIT_EUR;U_NP_0001;805
2015;5.;SPECU_ABVAL;NACE13;UNIT_EUR;U_NP_0001;664
2015;5.;SPECU_ABVAL;NACE14;UNIT_EUR;U_NP_0001;1735
2015;5.;SPECU_ABVAL;NACE15;UNIT_EUR;U_NP_0001;836
2015;6.;SPECU_ABVAL;NACE01;UNIT_EUR;U_NP_0001;980
2015;6.;SPECU_ABVAL;NACE02;UNIT_EUR;U_NP_0001;963
2015;6.;SPECU_ABVAL;NACE03;UNIT_EUR;U_NP_0001;965
2015;6.;SPECU_ABVAL;NACE04;UNIT_EUR;U_NP_0001;1490
2015;6.;SPECU_ABVAL;NACE05;UNIT_EUR;U_NP_0001;868
2015;6.;SPECU_ABVAL;NACE06;UNIT_EUR;U_NP_0001;628
2015;6.;SPECU_ABVAL;NACE07;UNIT_EUR;U_NP_0001;869
2015;6.;SPECU_ABVAL;NACE08;UNIT_EUR;U_NP_0001;897
2015;6.;SPECU_ABVAL;NACE09;UNIT_EUR;U_NP_0001;650
2015;6.;SPECU_ABVAL;NACE10;UNIT_EUR;U_NP_0001;617
2015;6.;SPECU_ABVAL;NACE11;UNIT_EUR;U_NP_0001;377
2015;6.;SPECU_ABVAL;NACE12;UNIT_EUR;U_NP_0001;835
2015;6.;SPECU_ABVAL;NACE13;UNIT_EUR;U_NP_0001;690
2015;6.;SPECU_ABVAL;NACE14;UNIT_EUR;U_NP_0001;1740
2015;6.;SPECU_ABVAL;NACE15;UNIT_EUR;U_NP_0001;877
2015;7.;SPECU_ABVAL;NACE01;UNIT_EUR;U_NP_0001;955
2015;7.;SPECU_ABVAL;NACE02;UNIT_EUR;U_NP_0001;1009
2015;7.;SPECU_ABVAL;NACE03;UNIT_EUR;U_NP_0001;930
2015;7.;SPECU_ABVAL;NACE04;UNIT_EUR;U_NP_0001;1577
2015;7.;SPECU_ABVAL;NACE05;UNIT_EUR;U_NP_0001;955
2015;7.;SPECU_ABVAL;NACE06;UNIT_EUR;U_NP_0001;642
2015;7.;SPECU_ABVAL;NACE07;UNIT_EUR;U_NP_0001;882
2015;7.;SPECU_ABVAL;NACE08;UNIT_EUR;U_NP_0001;899
2015;7.;SPECU_ABVAL;NACE09;UNIT_EUR;U_NP_0001;661
2015;7.;SPECU_ABVAL;NACE10;UNIT_EUR;U_NP_0001;618
2015;7.;SPECU_ABVAL;NACE11;UNIT_EUR;U_NP_0001;382
2015;7.;SPECU_ABVAL;NACE12;UNIT_EUR;U_NP_0001;831
2015;7.;SPECU_ABVAL;NACE13;UNIT_EUR;U_NP_0001;767
2015;7.;SPECU_ABVAL;NACE14;UNIT_EUR;U_NP_0001;1709
2015;7.;SPECU_ABVAL;NACE15;UNIT_EUR;U_NP_0001;853
2015;8.;SPECU_ABVAL;NACE01;UNIT_EUR;U_NP_0001;918
2015;8.;SPECU_ABVAL;NACE02;UNIT_EUR;U_NP_0001;942
2015;8.;SPECU_ABVAL;NACE03;UNIT_EUR;U_NP_0001;904
2015;8.;SPECU_ABVAL;NACE04;UNIT_EUR;U_NP_0001;1361
2015;8.;SPECU_ABVAL;NACE05;UNIT_EUR;U_NP_0001;836
2015;8.;SPECU_ABVAL;NACE06;UNIT_EUR;U_NP_0001;620
2015;8.;SPECU_ABVAL;NACE07;UNIT_EUR;U_NP_0001;853
2015;8.;SPECU_ABVAL;NACE08;UNIT_EUR;U_NP_0001;892
2015;8.;SPECU_ABVAL;NACE09;UNIT_EUR;U_NP_0001;658
2015;8.;SPECU_ABVAL;NACE10;UNIT_EUR;U_NP_0001;627
2015;8.;SPECU_ABVAL;NACE11;UNIT_EUR;U_NP_0001;372
2015;8.;SPECU_ABVAL;NACE12;UNIT_EUR;U_NP_0001;800
2015;8.;SPECU_ABVAL;NACE13;UNIT_EUR;U_NP_0001;688
2015;8.;SPECU_ABVAL;NACE14;UNIT_EUR;U_NP_0001;1716
2015;8.;SPECU_ABVAL;NACE15;UNIT_EUR;U_NP_0001;860
2015;9.;SPECU_ABVAL;NACE01;UNIT_EUR;U_NP_0001;948
2015;9.;SPECU_ABVAL;NACE02;UNIT_EUR;U_NP_0001;957
2015;9.;SPECU_ABVAL;NACE03;UNIT_EUR;U_NP_0001;935
2015;9.;SPECU_ABVAL;NACE04;UNIT_EUR;U_NP_0001;1399
2015;9.;SPECU_ABVAL;NACE05;UNIT_EUR;U_NP_0001;856
2015;9.;SPECU_ABVAL;NACE06;UNIT_EUR;U_NP_0001;644
2015;9.;SPECU_ABVAL;NACE07;UNIT_EUR;U_NP_0001;879
2015;9.;SPECU_ABVAL;NACE08;UNIT_EUR;U_NP_0001;917
2015;9.;SPECU_ABVAL;NACE09;UNIT_EUR;U_NP_0001;637
2015;9.;SPECU_ABVAL;NACE10;UNIT_EUR;U_NP_0001;646
2015;9.;SPECU_ABVAL;NACE11;UNIT_EUR;U_NP_0001;370
2015;9.;SPECU_ABVAL;NACE12;UNIT_EUR;U_NP_0001;815
2015;9.;SPECU_ABVAL;NACE13;UNIT_EUR;U_NP_0001;698
2015;9.;SPECU_ABVAL;NACE14;UNIT_EUR;U_NP_0001;1703
2015;9.;SPECU_ABVAL;NACE15;UNIT_EUR;U_NP_0001;872
2015;10.;SPECU_ABVAL;NACE01;UNIT_EUR;U_NP_0001;945
2015;10.;SPECU_ABVAL;NACE02;UNIT_EUR;U_NP_0001;971
2015;10.;SPECU_ABVAL;NACE03;UNIT_EUR;U_NP_0001;924
2015;10.;SPECU_ABVAL;NACE04;UNIT_EUR;U_NP_0001;1548
2015;10.;SPECU_ABVAL;NACE05;UNIT_EUR;U_NP_0001;914
2015;10.;SPECU_ABVAL;NACE06;UNIT_EUR;U_NP_0001;660
2015;10.;SPECU_ABVAL;NACE07;UNIT_EUR;U_NP_0001;916
2015;10.;SPECU_ABVAL;NACE08;UNIT_EUR;U_NP_0001;879
2015;10.;SPECU_ABVAL;NACE09;UNIT_EUR;U_NP_0001;657
2015;10.;SPECU_ABVAL;NACE10;UNIT_EUR;U_NP_0001;626
2015;10.;SPECU_ABVAL;NACE11;UNIT_EUR;U_NP_0001;384
2015;10.;SPECU_ABVAL;NACE12;UNIT_EUR;U_NP_0001;821
2015;10.;SPECU_ABVAL;NACE13;UNIT_EUR;U_NP_0001;691
2015;10.;SPECU_ABVAL;NACE14;UNIT_EUR;U_NP_0001;1759
2015;10.;SPECU_ABVAL;NACE15;UNIT_EUR;U_NP_0001;886
2015;11.;SPECU_ABVAL;NACE01;UNIT_EUR;U_NP_0001;1119
2015;11.;SPECU_ABVAL;NACE02;UNIT_EUR;U_NP_0001;1056
2015;11.;SPECU_ABVAL;NACE03;UNIT_EUR;U_NP_0001;1102
2015;11.;SPECU_ABVAL;NACE04;UNIT_EUR;U_NP_0001;1620
2015;11.;SPECU_ABVAL;NACE05;UNIT_EUR;U_NP_0001;1086
2015;11.;SPECU_ABVAL;NACE06;UNIT_EUR;U_NP_0001;714
2015;11.;SPECU_ABVAL;NACE07;UNIT_EUR;U_NP_0001;1040
2015;11.;SPECU_ABVAL;NACE08;UNIT_EUR;U_NP_0001;962
2015;11.;SPECU_ABVAL;NACE09;UNIT_EUR;U_NP_0001;708
2015;11.;SPECU_ABVAL;NACE10;UNIT_EUR;U_NP_0001;663
2015;11.;SPECU_ABVAL;NACE11;UNIT_EUR;U_NP_0001;381
2015;11.;SPECU_ABVAL;NACE12;UNIT_EUR;U_NP_0001;889
2015;11.;SPECU_ABVAL;NACE13;UNIT_EUR;U_NP_0001;736
2015;11.;SPECU_ABVAL;NACE14;UNIT_EUR;U_NP_0001;1944
2015;11.;SPECU_ABVAL;NACE15;UNIT_EUR;U_NP_0001;940
2015;12.;SPECU_ABVAL;NACE01;UNIT_EUR;U_NP_0001;1044
2015;12.;SPECU_ABVAL;NACE02;UNIT_EUR;U_NP_0001;1027
2015;12.;SPECU_ABVAL;NACE03;UNIT_EUR;U_NP_0001;1030
2015;12.;SPECU_ABVAL;NACE04;UNIT_EUR;U_NP_0001;1513
2015;12.;SPECU_ABVAL;NACE05;UNIT_EUR;U_NP_0001;962
2015;12.;SPECU_ABVAL;NACE06;UNIT_EUR;U_NP_0001;724
2015;12.;SPECU_ABVAL;NACE07;UNIT_EUR;U_NP_0001;960
2015;12.;SPECU_ABVAL;NACE08;UNIT_EUR;U_NP_0001;1044
2015;12.;SPECU_ABVAL;NACE09;UNIT_EUR;U_NP_0001;688
2015;12.;SPECU_ABVAL;NACE10;UNIT_EUR;U_NP_0001;636
2015;12.;SPECU_ABVAL;NACE11;UNIT_EUR;U_NP_0001;379
2015;12.;SPECU_ABVAL;NACE12;UNIT_EUR;U_NP_0001;912
2015;12.;SPECU_ABVAL;NACE13;UNIT_EUR;U_NP_0001;721
2015;12.;SPECU_ABVAL;NACE14;UNIT_EUR;U_NP_0001;2063
2015;12.;SPECU_ABVAL;NACE15;UNIT_EUR;U_NP_0001;951
2015;1. - 12.;SPECU_ABVAL;NACE01;UNIT_EUR;U_NP_0001;964
2015;1. - 12.;SPECU_ABVAL;NACE02;UNIT_EUR;U_NP_0001;953
2015;1. - 12.;SPECU_ABVAL;NACE03;UNIT_EUR;U_NP_0001;945
2015;1. - 12.;SPECU_ABVAL;NACE04;UNIT_EUR;U_NP_0001;1531
2015;1. - 12.;SPECU_ABVAL;NACE05;UNIT_EUR;U_NP_0001;893
2015;1. - 12.;SPECU_ABVAL;NACE06;UNIT_EUR;U_NP_0001;632
2015;1. - 12.;SPECU_ABVAL;NACE07;UNIT_EUR;U_NP_0001;886
2015;1. - 12.;SPECU_ABVAL;NACE08;UNIT_EUR;U_NP_0001;914
2015;1. - 12.;SPECU_ABVAL;NACE09;UNIT_EUR;U_NP_0001;657
2015;1. - 12.;SPECU_ABVAL;NACE10;UNIT_EUR;U_NP_0001;626
2015;1. - 12.;SPECU_ABVAL;NACE11;UNIT_EUR;U_NP_0001;376
2015;1. - 12.;SPECU_ABVAL;NACE12;UNIT_EUR;U_NP_0001;816
2015;1. - 12.;SPECU_ABVAL;NACE13;UNIT_EUR;U_NP_0001;698
2015;1. - 12.;SPECU_ABVAL;NACE14;UNIT_EUR;U_NP_0001;1786
2015;1. - 12.;SPECU_ABVAL;NACE15;UNIT_EUR;U_NP_0001;879
2014;1.;SPECU_ABVAL;NACE01;UNIT_EUR;U_NP_0001;890
2014;1.;SPECU_ABVAL;NACE02;UNIT_EUR;U_NP_0001;908
2014;1.;SPECU_ABVAL;NACE03;UNIT_EUR;U_NP_0001;873
2014;1.;SPECU_ABVAL;NACE04;UNIT_EUR;U_NP_0001;1328
2014;1.;SPECU_ABVAL;NACE05;UNIT_EUR;U_NP_0001;838
2014;1.;SPECU_ABVAL;NACE06;UNIT_EUR;U_NP_0001;581
2014;1.;SPECU_ABVAL;NACE07;UNIT_EUR;U_NP_0001;837
2014;1.;SPECU_ABVAL;NACE08;UNIT_EUR;U_NP_0001;905
2014;1.;SPECU_ABVAL;NACE09;UNIT_EUR;U_NP_0001;636
2014;1.;SPECU_ABVAL;NACE10;UNIT_EUR;U_NP_0001;580
2014;1.;SPECU_ABVAL;NACE11;UNIT_EUR;U_NP_0001;361
2014;1.;SPECU_ABVAL;NACE12;UNIT_EUR;U_NP_0001;756
2014;1.;SPECU_ABVAL;NACE13;UNIT_EUR;U_NP_0001;660
2014;1.;SPECU_ABVAL;NACE14;UNIT_EUR;U_NP_0001;1799
2014;1.;SPECU_ABVAL;NACE15;UNIT_EUR;U_NP_0001;879
2014;2.;SPECU_ABVAL;NACE01;UNIT_EUR;U_NP_0001;844
2014;2.;SPECU_ABVAL;NACE02;UNIT_EUR;U_NP_0001;815
2014;2.;SPECU_ABVAL;NACE03;UNIT_EUR;U_NP_0001;831
2014;2.;SPECU_ABVAL;NACE04;UNIT_EUR;U_NP_0001;1267
2014;2.;SPECU_ABVAL;NACE05;UNIT_EUR;U_NP_0001;745
2014;2.;SPECU_ABVAL;NACE06;UNIT_EUR;U_NP_0001;548
2014;2.;SPECU_ABVAL;NACE07;UNIT_EUR;U_NP_0001;797
2014;2.;SPECU_ABVAL;NACE08;UNIT_EUR;U_NP_0001;863
2014;2.;SPECU_ABVAL;NACE09;UNIT_EUR;U_NP_0001;616
2014;2.;SPECU_ABVAL;NACE10;UNIT_EUR;U_NP_0001;573
2014;2.;SPECU_ABVAL;NACE11;UNIT_EUR;U_NP_0001;355
2014;2.;SPECU_ABVAL;NACE12;UNIT_EUR;U_NP_0001;742
2014;2.;SPECU_ABVAL;NACE13;UNIT_EUR;U_NP_0001;639
2014;2.;SPECU_ABVAL;NACE14;UNIT_EUR;U_NP_0001;1830
2014;2.;SPECU_ABVAL;NACE15;UNIT_EUR;U_NP_0001;890
2014;3.;SPECU_ABVAL;NACE01;UNIT_EUR;U_NP_0001;904
2014;3.;SPECU_ABVAL;NACE02;UNIT_EUR;U_NP_0001;843
2014;3.;SPECU_ABVAL;NACE03;UNIT_EUR;U_NP_0001;885
2014;3.;SPECU_ABVAL;NACE04;UNIT_EUR;U_NP_0001;1479
2014;3.;SPECU_ABVAL;NACE05;UNIT_EUR;U_NP_0001;843
2014;3.;SPECU_ABVAL;NACE06;UNIT_EUR;U_NP_0001;572
2014;3.;SPECU_ABVAL;NACE07;UNIT_EUR;U_NP_0001;802
2014;3.;SPECU_ABVAL;NACE08;UNIT_EUR;U_NP_0001;915
2014;3.;SPECU_ABVAL;NACE09;UNIT_EUR;U_NP_0001;630
2014;3.;SPECU_ABVAL;NACE10;UNIT_EUR;U_NP_0001;577
2014;3.;SPECU_ABVAL;NACE11;UNIT_EUR;U_NP_0001;364
2014;3.;SPECU_ABVAL;NACE12;UNIT_EUR;U_NP_0001;773
2014;3.;SPECU_ABVAL;NACE13;UNIT_EUR;U_NP_0001;647
2014;3.;SPECU_ABVAL;NACE14;UNIT_EUR;U_NP_0001;1820
2014;3.;SPECU_ABVAL;NACE15;UNIT_EUR;U_NP_0001;870
2014;4.;SPECU_ABVAL;NACE01;UNIT_EUR;U_NP_0001;933
2014;4.;SPECU_ABVAL;NACE02;UNIT_EUR;U_NP_0001;927
2014;4.;SPECU_ABVAL;NACE03;UNIT_EUR;U_NP_0001;909
2014;4.;SPECU_ABVAL;NACE04;UNIT_EUR;U_NP_0001;1553
2014;4.;SPECU_ABVAL;NACE05;UNIT_EUR;U_NP_0001;895
2014;4.;SPECU_ABVAL;NACE06;UNIT_EUR;U_NP_0001;603
2014;4.;SPECU_ABVAL;NACE07;UNIT_EUR;U_NP_0001;822
2014;4.;SPECU_ABVAL;NACE08;UNIT_EUR;U_NP_0001;902
2014;4.;SPECU_ABVAL;NACE09;UNIT_EUR;U_NP_0001;633
2014;4.;SPECU_ABVAL;NACE10;UNIT_EUR;U_NP_0001;594
2014;4.;SPECU_ABVAL;NACE11;UNIT_EUR;U_NP_0001;364
2014;4.;SPECU_ABVAL;NACE12;UNIT_EUR;U_NP_0001;777
2014;4.;SPECU_ABVAL;NACE13;UNIT_EUR;U_NP_0001;695
2014;4.;SPECU_ABVAL;NACE14;UNIT_EUR;U_NP_0001;1712
2014;4.;SPECU_ABVAL;NACE15;UNIT_EUR;U_NP_0001;864
2014;5.;SPECU_ABVAL;NACE01;UNIT_EUR;U_NP_0001;982
2014;5.;SPECU_ABVAL;NACE02;UNIT_EUR;U_NP_0001;908
2014;5.;SPECU_ABVAL;NACE03;UNIT_EUR;U_NP_0001;945
2014;5.;SPECU_ABVAL;NACE04;UNIT_EUR;U_NP_0001;2092
2014;5.;SPECU_ABVAL;NACE05;UNIT_EUR;U_NP_0001;847
2014;5.;SPECU_ABVAL;NACE06;UNIT_EUR;U_NP_0001;593
2014;5.;SPECU_ABVAL;NACE07;UNIT_EUR;U_NP_0001;827
2014;5.;SPECU_ABVAL;NACE08;UNIT_EUR;U_NP_0001;953
2014;5.;SPECU_ABVAL;NACE09;UNIT_EUR;U_NP_0001;653
2014;5.;SPECU_ABVAL;NACE10;UNIT_EUR;U_NP_0001;593
2014;5.;SPECU_ABVAL;NACE11;UNIT_EUR;U_NP_0001;366
2014;5.;SPECU_ABVAL;NACE12;UNIT_EUR;U_NP_0001;786
2014;5.;SPECU_ABVAL;NACE13;UNIT_EUR;U_NP_0001;650
2014;5.;SPECU_ABVAL;NACE14;UNIT_EUR;U_NP_0001;1687
2014;5.;SPECU_ABVAL;NACE15;UNIT_EUR;U_NP_0001;839
2014;6.;SPECU_ABVAL;NACE01;UNIT_EUR;U_NP_0001;938
2014;6.;SPECU_ABVAL;NACE02;UNIT_EUR;U_NP_0001;889
2014;6.;SPECU_ABVAL;NACE03;UNIT_EUR;U_NP_0001;924
2014;6.;SPECU_ABVAL;NACE04;UNIT_EUR;U_NP_0001;1408
2014;6.;SPECU_ABVAL;NACE05;UNIT_EUR;U_NP_0001;828
2014;6.;SPECU_ABVAL;NACE06;UNIT_EUR;U_NP_0001;592
2014;6.;SPECU_ABVAL;NACE07;UNIT_EUR;U_NP_0001;834
2014;6.;SPECU_ABVAL;NACE08;UNIT_EUR;U_NP_0001;913
2014;6.;SPECU_ABVAL;NACE09;UNIT_EUR;U_NP_0001;625
2014;6.;SPECU_ABVAL;NACE10;UNIT_EUR;U_NP_0001;619
2014;6.;SPECU_ABVAL;NACE11;UNIT_EUR;U_NP_0001;368
2014;6.;SPECU_ABVAL;NACE12;UNIT_EUR;U_NP_0001;805
2014;6.;SPECU_ABVAL;NACE13;UNIT_EUR;U_NP_0001;662
2014;6.;SPECU_ABVAL;NACE14;UNIT_EUR;U_NP_0001;1685
2014;6.;SPECU_ABVAL;NACE15;UNIT_EUR;U_NP_0001;862
2014;7.;SPECU_ABVAL;NACE01;UNIT_EUR;U_NP_0001;927
2014;7.;SPECU_ABVAL;NACE02;UNIT_EUR;U_NP_0001;937
2014;7.;SPECU_ABVAL;NACE03;UNIT_EUR;U_NP_0001;899
2014;7.;SPECU_ABVAL;NACE04;UNIT_EUR;U_NP_0001;1628
2014;7.;SPECU_ABVAL;NACE05;UNIT_EUR;U_NP_0001;919
2014;7.;SPECU_ABVAL;NACE06;UNIT_EUR;U_NP_0001;617
2014;7.;SPECU_ABVAL;NACE07;UNIT_EUR;U_NP_0001;840
2014;7.;SPECU_ABVAL;NACE08;UNIT_EUR;U_NP_0001;903
2014;7.;SPECU_ABVAL;NACE09;UNIT_EUR;U_NP_0001;638
2014;7.;SPECU_ABVAL;NACE10;UNIT_EUR;U_NP_0001;593
2014;7.;SPECU_ABVAL;NACE11;UNIT_EUR;U_NP_0001;363
2014;7.;SPECU_ABVAL;NACE12;UNIT_EUR;U_NP_0001;784
2014;7.;SPECU_ABVAL;NACE13;UNIT_EUR;U_NP_0001;691
2014;7.;SPECU_ABVAL;NACE14;UNIT_EUR;U_NP_0001;1654
2014;7.;SPECU_ABVAL;NACE15;UNIT_EUR;U_NP_0001;861
2014;8.;SPECU_ABVAL;NACE01;UNIT_EUR;U_NP_0001;885
2014;8.;SPECU_ABVAL;NACE02;UNIT_EUR;U_NP_0001;894
2014;8.;SPECU_ABVAL;NACE03;UNIT_EUR;U_NP_0001;869
2014;8.;SPECU_ABVAL;NACE04;UNIT_EUR;U_NP_0001;1339
2014;8.;SPECU_ABVAL;NACE05;UNIT_EUR;U_NP_0001;818
2014;8.;SPECU_ABVAL;NACE06;UNIT_EUR;U_NP_0001;588
2014;8.;SPECU_ABVAL;NACE07;UNIT_EUR;U_NP_0001;818
2014;8.;SPECU_ABVAL;NACE08;UNIT_EUR;U_NP_0001;877
2014;8.;SPECU_ABVAL;NACE09;UNIT_EUR;U_NP_0001;631
2014;8.;SPECU_ABVAL;NACE10;UNIT_EUR;U_NP_0001;585
2014;8.;SPECU_ABVAL;NACE11;UNIT_EUR;U_NP_0001;359
2014;8.;SPECU_ABVAL;NACE12;UNIT_EUR;U_NP_0001;765
2014;8.;SPECU_ABVAL;NACE13;UNIT_EUR;U_NP_0001;659
2014;8.;SPECU_ABVAL;NACE14;UNIT_EUR;U_NP_0001;1661
2014;8.;SPECU_ABVAL;NACE15;UNIT_EUR;U_NP_0001;853
2014;9.;SPECU_ABVAL;NACE01;UNIT_EUR;U_NP_0001;913
2014;9.;SPECU_ABVAL;NACE02;UNIT_EUR;U_NP_0001;918
2014;9.;SPECU_ABVAL;NACE03;UNIT_EUR;U_NP_0001;896
2014;9.;SPECU_ABVAL;NACE04;UNIT_EUR;U_NP_0001;1418
2014;9.;SPECU_ABVAL;NACE05;UNIT_EUR;U_NP_0001;835
2014;9.;SPECU_ABVAL;NACE06;UNIT_EUR;U_NP_0001;598
2014;9.;SPECU_ABVAL;NACE07;UNIT_EUR;U_NP_0001;827
2014;9.;SPECU_ABVAL;NACE08;UNIT_EUR;U_NP_0001;911
2014;9.;SPECU_ABVAL;NACE09;UNIT_EUR;U_NP_0001;610
2014;9.;SPECU_ABVAL;NACE10;UNIT_EUR;U_NP_0001;610
2014;9.;SPECU_ABVAL;NACE11;UNIT_EUR;U_NP_0001;354
2014;9.;SPECU_ABVAL;NACE12;UNIT_EUR;U_NP_0001;776
2014;9.;SPECU_ABVAL;NACE13;UNIT_EUR;U_NP_0001;659
2014;9.;SPECU_ABVAL;NACE14;UNIT_EUR;U_NP_0001;1663
2014;9.;SPECU_ABVAL;NACE15;UNIT_EUR;U_NP_0001;846
2014;10.;SPECU_ABVAL;NACE01;UNIT_EUR;U_NP_0001;917
2014;10.;SPECU_ABVAL;NACE02;UNIT_EUR;U_NP_0001;920
2014;10.;SPECU_ABVAL;NACE03;UNIT_EUR;U_NP_0001;893
2014;10.;SPECU_ABVAL;NACE04;UNIT_EUR;U_NP_0001;1548
2014;10.;SPECU_ABVAL;NACE05;UNIT_EUR;U_NP_0001;903
2014;10.;SPECU_ABVAL;NACE06;UNIT_EUR;U_NP_0001;610
2014;10.;SPECU_ABVAL;NACE07;UNIT_EUR;U_NP_0001;836
2014;10.;SPECU_ABVAL;NACE08;UNIT_EUR;U_NP_0001;900
2014;10.;SPECU_ABVAL;NACE09;UNIT_EUR;U_NP_0001;625
2014;10.;SPECU_ABVAL;NACE10;UNIT_EUR;U_NP_0001;589
2014;10.;SPECU_ABVAL;NACE11;UNIT_EUR;U_NP_0001;364
2014;10.;SPECU_ABVAL;NACE12;UNIT_EUR;U_NP_0001;793
2014;10.;SPECU_ABVAL;NACE13;UNIT_EUR;U_NP_0001;655
2014;10.;SPECU_ABVAL;NACE14;UNIT_EUR;U_NP_0001;1582
2014;10.;SPECU_ABVAL;NACE15;UNIT_EUR;U_NP_0001;861
2014;11.;SPECU_ABVAL;NACE01;UNIT_EUR;U_NP_0001;1064
2014;11.;SPECU_ABVAL;NACE02;UNIT_EUR;U_NP_0001;992
2014;11.;SPECU_ABVAL;NACE03;UNIT_EUR;U_NP_0001;1051
2014;11.;SPECU_ABVAL;NACE04;UNIT_EUR;U_NP_0001;1535
2014;11.;SPECU_ABVAL;NACE05;UNIT_EUR;U_NP_0001;985
2014;11.;SPECU_ABVAL;NACE06;UNIT_EUR;U_NP_0001;650
2014;11.;SPECU_ABVAL;NACE07;UNIT_EUR;U_NP_0001;889
2014;11.;SPECU_ABVAL;NACE08;UNIT_EUR;U_NP_0001;1001
2014;11.;SPECU_ABVAL;NACE09;UNIT_EUR;U_NP_0001;682
2014;11.;SPECU_ABVAL;NACE10;UNIT_EUR;U_NP_0001;620
2014;11.;SPECU_ABVAL;NACE11;UNIT_EUR;U_NP_0001;366
2014;11.;SPECU_ABVAL;NACE12;UNIT_EUR;U_NP_0001;848
2014;11.;SPECU_ABVAL;NACE13;UNIT_EUR;U_NP_0001;742
2014;11.;SPECU_ABVAL;NACE14;UNIT_EUR;U_NP_0001;1852
2014;11.;SPECU_ABVAL;NACE15;UNIT_EUR;U_NP_0001;898
2014;12.;SPECU_ABVAL;NACE01;UNIT_EUR;U_NP_0001;1011
2014;12.;SPECU_ABVAL;NACE02;UNIT_EUR;U_NP_0001;987
2014;12.;SPECU_ABVAL;NACE03;UNIT_EUR;U_NP_0001;989
2014;12.;SPECU_ABVAL;NACE04;UNIT_EUR;U_NP_0001;1673
2014;12.;SPECU_ABVAL;NACE05;UNIT_EUR;U_NP_0001;941
2014;12.;SPECU_ABVAL;NACE06;UNIT_EUR;U_NP_0001;653
2014;12.;SPECU_ABVAL;NACE07;UNIT_EUR;U_NP_0001;944
2014;12.;SPECU_ABVAL;NACE08;UNIT_EUR;U_NP_0001;1024
2014;12.;SPECU_ABVAL;NACE09;UNIT_EUR;U_NP_0001;651
2014;12.;SPECU_ABVAL;NACE10;UNIT_EUR;U_NP_0001;605
2014;12.;SPECU_ABVAL;NACE11;UNIT_EUR;U_NP_0001;363
2014;12.;SPECU_ABVAL;NACE12;UNIT_EUR;U_NP_0001;859
2014;12.;SPECU_ABVAL;NACE13;UNIT_EUR;U_NP_0001;677
2014;12.;SPECU_ABVAL;NACE14;UNIT_EUR;U_NP_0001;1987
2014;12.;SPECU_ABVAL;NACE15;UNIT_EUR;U_NP_0001;974
2014;1. - 12.;SPECU_ABVAL;NACE01;UNIT_EUR;U_NP_0001;934
2014;1. - 12.;SPECU_ABVAL;NACE02;UNIT_EUR;U_NP_0001;911
2014;1. - 12.;SPECU_ABVAL;NACE03;UNIT_EUR;U_NP_0001;914
2014;1. - 12.;SPECU_ABVAL;NACE04;UNIT_EUR;U_NP_0001;1521
2014;1. - 12.;SPECU_ABVAL;NACE05;UNIT_EUR;U_NP_0001;866
2014;1. - 12.;SPECU_ABVAL;NACE06;UNIT_EUR;U_NP_0001;601
2014;1. - 12.;SPECU_ABVAL;NACE07;UNIT_EUR;U_NP_0001;840
2014;1. - 12.;SPECU_ABVAL;NACE08;UNIT_EUR;U_NP_0001;922
2014;1. - 12.;SPECU_ABVAL;NACE09;UNIT_EUR;U_NP_0001;637
2014;1. - 12.;SPECU_ABVAL;NACE10;UNIT_EUR;U_NP_0001;594
2014;1. - 12.;SPECU_ABVAL;NACE11;UNIT_EUR;U_NP_0001;362
2014;1. - 12.;SPECU_ABVAL;NACE12;UNIT_EUR;U_NP_0001;789
2014;1. - 12.;SPECU_ABVAL;NACE13;UNIT_EUR;U_NP_0001;670
2014;1. - 12.;SPECU_ABVAL;NACE14;UNIT_EUR;U_NP_0001;1744
2014;1. - 12.;SPECU_ABVAL;NACE15;UNIT_EUR;U_NP_0001;875
2013;1.;SPECU_ABVAL;NACE01;UNIT_EUR;U_NP_0001;842
2013;1.;SPECU_ABVAL;NACE02;UNIT_EUR;U_NP_0001;861
2013;1.;SPECU_ABVAL;NACE03;UNIT_EUR;U_NP_0001;823
2013;1.;SPECU_ABVAL;NACE04;UNIT_EUR;U_NP_0001;1302
2013;1.;SPECU_ABVAL;NACE05;UNIT_EUR;U_NP_0001;844
2013;1.;SPECU_ABVAL;NACE06;UNIT_EUR;U_NP_0001;581
2013;1.;SPECU_ABVAL;NACE07;UNIT_EUR;U_NP_0001;774
2013;1.;SPECU_ABVAL;NACE08;UNIT_EUR;U_NP_0001;821
2013;1.;SPECU_ABVAL;NACE09;UNIT_EUR;U_NP_0001;616
2013;1.;SPECU_ABVAL;NACE10;UNIT_EUR;U_NP_0001;573
2013;1.;SPECU_ABVAL;NACE11;UNIT_EUR;U_NP_0001;368
2013;1.;SPECU_ABVAL;NACE12;UNIT_EUR;U_NP_0001;708
2013;1.;SPECU_ABVAL;NACE13;UNIT_EUR;U_NP_0001;611
2013;1.;SPECU_ABVAL;NACE14;UNIT_EUR;U_NP_0001;1647
2013;1.;SPECU_ABVAL;NACE15;UNIT_EUR;U_NP_0001;862
2013;2.;SPECU_ABVAL;NACE01;UNIT_EUR;U_NP_0001;801
2013;2.;SPECU_ABVAL;NACE02;UNIT_EUR;U_NP_0001;760
2013;2.;SPECU_ABVAL;NACE03;UNIT_EUR;U_NP_0001;787
2013;2.;SPECU_ABVAL;NACE04;UNIT_EUR;U_NP_0001;1186
2013;2.;SPECU_ABVAL;NACE05;UNIT_EUR;U_NP_0001;778
2013;2.;SPECU_ABVAL;NACE06;UNIT_EUR;U_NP_0001;559
2013;2.;SPECU_ABVAL;NACE07;UNIT_EUR;U_NP_0001;760
2013;2.;SPECU_ABVAL;NACE08;UNIT_EUR;U_NP_0001;808
2013;2.;SPECU_ABVAL;NACE09;UNIT_EUR;U_NP_0001;606
2013;2.;SPECU_ABVAL;NACE10;UNIT_EUR;U_NP_0001;559
2013;2.;SPECU_ABVAL;NACE11;UNIT_EUR;U_NP_0001;364
2013;2.;SPECU_ABVAL;NACE12;UNIT_EUR;U_NP_0001;676
2013;2.;SPECU_ABVAL;NACE13;UNIT_EUR;U_NP_0001;589
2013;2.;SPECU_ABVAL;NACE14;UNIT_EUR;U_NP_0001;1677
2013;2.;SPECU_ABVAL;NACE15;UNIT_EUR;U_NP_0001;904
2013;3.;SPECU_ABVAL;NACE01;UNIT_EUR;U_NP_0001;868
2013;3.;SPECU_ABVAL;NACE02;UNIT_EUR;U_NP_0001;840
2013;3.;SPECU_ABVAL;NACE03;UNIT_EUR;U_NP_0001;849
2013;3.;SPECU_ABVAL;NACE04;UNIT_EUR;U_NP_0001;1390
2013;3.;SPECU_ABVAL;NACE05;UNIT_EUR;U_NP_0001;836
2013;3.;SPECU_ABVAL;NACE06;UNIT_EUR;U_NP_0001;592
2013;3.;SPECU_ABVAL;NACE07;UNIT_EUR;U_NP_0001;784
2013;3.;SPECU_ABVAL;NACE08;UNIT_EUR;U_NP_0001;847
2013;3.;SPECU_ABVAL;NACE09;UNIT_EUR;U_NP_0001;623
2013;3.;SPECU_ABVAL;NACE10;UNIT_EUR;U_NP_0001;574
2013;3.;SPECU_ABVAL;NACE11;UNIT_EUR;U_NP_0001;368
2013;3.;SPECU_ABVAL;NACE12;UNIT_EUR;U_NP_0001;727
2013;3.;SPECU_ABVAL;NACE13;UNIT_EUR;U_NP_0001;614
2013;3.;SPECU_ABVAL;NACE14;UNIT_EUR;U_NP_0001;1798
2013;3.;SPECU_ABVAL;NACE15;UNIT_EUR;U_NP_0001;881
2013;4.;SPECU_ABVAL;NACE01;UNIT_EUR;U_NP_0001;856
2013;4.;SPECU_ABVAL;NACE02;UNIT_EUR;U_NP_0001;856
2013;4.;SPECU_ABVAL;NACE03;UNIT_EUR;U_NP_0001;830
2013;4.;SPECU_ABVAL;NACE04;UNIT_EUR;U_NP_0001;1419
2013;4.;SPECU_ABVAL;NACE05;UNIT_EUR;U_NP_0001;931
2013;4.;SPECU_ABVAL;NACE06;UNIT_EUR;U_NP_0001;613
2013;4.;SPECU_ABVAL;NACE07;UNIT_EUR;U_NP_0001;797
2013;4.;SPECU_ABVAL;NACE08;UNIT_EUR;U_NP_0001;842
2013;4.;SPECU_ABVAL;NACE09;UNIT_EUR;U_NP_0001;608
2013;4.;SPECU_ABVAL;NACE10;UNIT_EUR;U_NP_0001;576
2013;4.;SPECU_ABVAL;NACE11;UNIT_EUR;U_NP_0001;366
2013;4.;SPECU_ABVAL;NACE12;UNIT_EUR;U_NP_0001;726
2013;4.;SPECU_ABVAL;NACE13;UNIT_EUR;U_NP_0001;645
2013;4.;SPECU_ABVAL;NACE14;UNIT_EUR;U_NP_0001;1794
2013;4.;SPECU_ABVAL;NACE15;UNIT_EUR;U_NP_0001;898
2013;5.;SPECU_ABVAL;NACE01;UNIT_EUR;U_NP_0001;951
2013;5.;SPECU_ABVAL;NACE02;UNIT_EUR;U_NP_0001;903
2013;5.;SPECU_ABVAL;NACE03;UNIT_EUR;U_NP_0001;920
2013;5.;SPECU_ABVAL;NACE04;UNIT_EUR;U_NP_0001;1835
2013;5.;SPECU_ABVAL;NACE05;UNIT_EUR;U_NP_0001;882
2013;5.;SPECU_ABVAL;NACE06;UNIT_EUR;U_NP_0001;594
2013;5.;SPECU_ABVAL;NACE07;UNIT_EUR;U_NP_0001;799
2013;5.;SPECU_ABVAL;NACE08;UNIT_EUR;U_NP_0001;900
2013;5.;SPECU_ABVAL;NACE09;UNIT_EUR;U_NP_0001;625
2013;5.;SPECU_ABVAL;NACE10;UNIT_EUR;U_NP_0001;576
2013;5.;SPECU_ABVAL;NACE11;UNIT_EUR;U_NP_0001;367
2013;5.;SPECU_ABVAL;NACE12;UNIT_EUR;U_NP_0001;736
2013;5.;SPECU_ABVAL;NACE13;UNIT_EUR;U_NP_0001;636
2013;5.;SPECU_ABVAL;NACE14;UNIT_EUR;U_NP_0001;1709
2013;5.;SPECU_ABVAL;NACE15;UNIT_EUR;U_NP_0001;869
2013;6.;SPECU_ABVAL;NACE01;UNIT_EUR;U_NP_0001;891
2013;6.;SPECU_ABVAL;NACE02;UNIT_EUR;U_NP_0001;827
2013;6.;SPECU_ABVAL;NACE03;UNIT_EUR;U_NP_0001;873
2013;6.;SPECU_ABVAL;NACE04;UNIT_EUR;U_NP_0001;1452
2013;6.;SPECU_ABVAL;NACE05;UNIT_EUR;U_NP_0001;814
2013;6.;SPECU_ABVAL;NACE06;UNIT_EUR;U_NP_0001;587
2013;6.;SPECU_ABVAL;NACE07;UNIT_EUR;U_NP_0001;795
2013;6.;SPECU_ABVAL;NACE08;UNIT_EUR;U_NP_0001;843
2013;6.;SPECU_ABVAL;NACE09;UNIT_EUR;U_NP_0001;612
2013;6.;SPECU_ABVAL;NACE10;UNIT_EUR;U_NP_0001;582
2013;6.;SPECU_ABVAL;NACE11;UNIT_EUR;U_NP_0001;368
2013;6.;SPECU_ABVAL;NACE12;UNIT_EUR;U_NP_0001;775
2013;6.;SPECU_ABVAL;NACE13;UNIT_EUR;U_NP_0001;627
2013;6.;SPECU_ABVAL;NACE14;UNIT_EUR;U_NP_0001;1741
2013;6.;SPECU_ABVAL;NACE15;UNIT_EUR;U_NP_0001;882
2013;7.;SPECU_ABVAL;NACE01;UNIT_EUR;U_NP_0001;899
2013;7.;SPECU_ABVAL;NACE02;UNIT_EUR;U_NP_0001;953
2013;7.;SPECU_ABVAL;NACE03;UNIT_EUR;U_NP_0001;866
2013;7.;SPECU_ABVAL;NACE04;UNIT_EUR;U_NP_0001;1701
2013;7.;SPECU_ABVAL;NACE05;UNIT_EUR;U_NP_0001;927
2013;7.;SPECU_ABVAL;NACE06;UNIT_EUR;U_NP_0001;632
2013;7.;SPECU_ABVAL;NACE07;UNIT_EUR;U_NP_0001;803
2013;7.;SPECU_ABVAL;NACE08;UNIT_EUR;U_NP_0001;855
2013;7.;SPECU_ABVAL;NACE09;UNIT_EUR;U_NP_0001;615
2013;7.;SPECU_ABVAL;NACE10;UNIT_EUR;U_NP_0001;584
2013;7.;SPECU_ABVAL;NACE11;UNIT_EUR;U_NP_0001;371
2013;7.;SPECU_ABVAL;NACE12;UNIT_EUR;U_NP_0001;747
2013;7.;SPECU_ABVAL;NACE13;UNIT_EUR;U_NP_0001;677
2013;7.;SPECU_ABVAL;NACE14;UNIT_EUR;U_NP_0001;1741
2013;7.;SPECU_ABVAL;NACE15;UNIT_EUR;U_NP_0001;884
2013;8.;SPECU_ABVAL;NACE01;UNIT_EUR;U_NP_0001;856
2013;8.;SPECU_ABVAL;NACE02;UNIT_EUR;U_NP_0001;887
2013;8.;SPECU_ABVAL;NACE03;UNIT_EUR;U_NP_0001;839
2013;8.;SPECU_ABVAL;NACE04;UNIT_EUR;U_NP_0001;1307
2013;8.;SPECU_ABVAL;NACE05;UNIT_EUR;U_NP_0001;844
2013;8.;SPECU_ABVAL;NACE06;UNIT_EUR;U_NP_0001;602
2013;8.;SPECU_ABVAL;NACE07;UNIT_EUR;U_NP_0001;791
2013;8.;SPECU_ABVAL;NACE08;UNIT_EUR;U_NP_0001;836
2013;8.;SPECU_ABVAL;NACE09;UNIT_EUR;U_NP_0001;615
2013;8.;SPECU_ABVAL;NACE10;UNIT_EUR;U_NP_0001;587
2013;8.;SPECU_ABVAL;NACE11;UNIT_EUR;U_NP_0001;365
2013;8.;SPECU_ABVAL;NACE12;UNIT_EUR;U_NP_0001;726
2013;8.;SPECU_ABVAL;NACE13;UNIT_EUR;U_NP_0001;634
2013;8.;SPECU_ABVAL;NACE14;UNIT_EUR;U_NP_0001;1766
2013;8.;SPECU_ABVAL;NACE15;UNIT_EUR;U_NP_0001;881
2013;9.;SPECU_ABVAL;NACE01;UNIT_EUR;U_NP_0001;855
2013;9.;SPECU_ABVAL;NACE02;UNIT_EUR;U_NP_0001;870
2013;9.;SPECU_ABVAL;NACE03;UNIT_EUR;U_NP_0001;835
2013;9.;SPECU_ABVAL;NACE04;UNIT_EUR;U_NP_0001;1423
2013;9.;SPECU_ABVAL;NACE05;UNIT_EUR;U_NP_0001;803
2013;9.;SPECU_ABVAL;NACE06;UNIT_EUR;U_NP_0001;609
2013;9.;SPECU_ABVAL;NACE07;UNIT_EUR;U_NP_0001;792
2013;9.;SPECU_ABVAL;NACE08;UNIT_EUR;U_NP_0001;848
2013;9.;SPECU_ABVAL;NACE09;UNIT_EUR;U_NP_0001;597
2013;9.;SPECU_ABVAL;NACE10;UNIT_EUR;U_NP_0001;598
2013;9.;SPECU_ABVAL;NACE11;UNIT_EUR;U_NP_0001;354
2013;9.;SPECU_ABVAL;NACE12;UNIT_EUR;U_NP_0001;740
2013;9.;SPECU_ABVAL;NACE13;UNIT_EUR;U_NP_0001;651
2013;9.;SPECU_ABVAL;NACE14;UNIT_EUR;U_NP_0001;1768
2013;9.;SPECU_ABVAL;NACE15;UNIT_EUR;U_NP_0001;854
2013;10.;SPECU_ABVAL;NACE01;UNIT_EUR;U_NP_0001;877
2013;10.;SPECU_ABVAL;NACE02;UNIT_EUR;U_NP_0001;904
2013;10.;SPECU_ABVAL;NACE03;UNIT_EUR;U_NP_0001;852
2013;10.;SPECU_ABVAL;NACE04;UNIT_EUR;U_NP_0001;1487
2013;10.;SPECU_ABVAL;NACE05;UNIT_EUR;U_NP_0001;895
2013;10.;SPECU_ABVAL;NACE06;UNIT_EUR;U_NP_0001;631
2013;10.;SPECU_ABVAL;NACE07;UNIT_EUR;U_NP_0001;801
2013;10.;SPECU_ABVAL;NACE08;UNIT_EUR;U_NP_0001;838
2013;10.;SPECU_ABVAL;NACE09;UNIT_EUR;U_NP_0001;613
2013;10.;SPECU_ABVAL;NACE10;UNIT_EUR;U_NP_0001;573
2013;10.;SPECU_ABVAL;NACE11;UNIT_EUR;U_NP_0001;363
2013;10.;SPECU_ABVAL;NACE12;UNIT_EUR;U_NP_0001;745
2013;10.;SPECU_ABVAL;NACE13;UNIT_EUR;U_NP_0001;691
2013;10.;SPECU_ABVAL;NACE14;UNIT_EUR;U_NP_0001;1758
2013;10.;SPECU_ABVAL;NACE15;UNIT_EUR;U_NP_0001;856
2013;11.;SPECU_ABVAL;NACE01;UNIT_EUR;U_NP_0001;1018
2013;11.;SPECU_ABVAL;NACE02;UNIT_EUR;U_NP_0001;938
2013;11.;SPECU_ABVAL;NACE03;UNIT_EUR;U_NP_0001;996
2013;11.;SPECU_ABVAL;NACE04;UNIT_EUR;U_NP_0001;1571
2013;11.;SPECU_ABVAL;NACE05;UNIT_EUR;U_NP_0001;1057
2013;11.;SPECU_ABVAL;NACE06;UNIT_EUR;U_NP_0001;636
2013;11.;SPECU_ABVAL;NACE07;UNIT_EUR;U_NP_0001;869
2013;11.;SPECU_ABVAL;NACE08;UNIT_EUR;U_NP_0001;919
2013;11.;SPECU_ABVAL;NACE09;UNIT_EUR;U_NP_0001;666
2013;11.;SPECU_ABVAL;NACE10;UNIT_EUR;U_NP_0001;591
2013;11.;SPECU_ABVAL;NACE11;UNIT_EUR;U_NP_0001;365
2013;11.;SPECU_ABVAL;NACE12;UNIT_EUR;U_NP_0001;812
2013;11.;SPECU_ABVAL;NACE13;UNIT_EUR;U_NP_0001;755
2013;11.;SPECU_ABVAL;NACE14;UNIT_EUR;U_NP_0001;1846
2013;11.;SPECU_ABVAL;NACE15;UNIT_EUR;U_NP_0001;946
2013;12.;SPECU_ABVAL;NACE01;UNIT_EUR;U_NP_0001;934
2013;12.;SPECU_ABVAL;NACE02;UNIT_EUR;U_NP_0001;910
2013;12.;SPECU_ABVAL;NACE03;UNIT_EUR;U_NP_0001;914
2013;12.;SPECU_ABVAL;NACE04;UNIT_EUR;U_NP_0001;1517
2013;12.;SPECU_ABVAL;NACE05;UNIT_EUR;U_NP_0001;893
2013;12.;SPECU_ABVAL;NACE06;UNIT_EUR;U_NP_0001;639
2013;12.;SPECU_ABVAL;NACE07;UNIT_EUR;U_NP_0001;897
2013;12.;SPECU_ABVAL;NACE08;UNIT_EUR;U_NP_0001;978
2013;12.;SPECU_ABVAL;NACE09;UNIT_EUR;U_NP_0001;640
2013;12.;SPECU_ABVAL;NACE10;UNIT_EUR;U_NP_0001;591
2013;12.;SPECU_ABVAL;NACE11;UNIT_EUR;U_NP_0001;363
2013;12.;SPECU_ABVAL;NACE12;UNIT_EUR;U_NP_0001;795
2013;12.;SPECU_ABVAL;NACE13;UNIT_EUR;U_NP_0001;682
2013;12.;SPECU_ABVAL;NACE14;UNIT_EUR;U_NP_0001;1915
2013;12.;SPECU_ABVAL;NACE15;UNIT_EUR;U_NP_0001;972
2013;1. - 12.;SPECU_ABVAL;NACE01;UNIT_EUR;U_NP_0001;887
2013;1. - 12.;SPECU_ABVAL;NACE02;UNIT_EUR;U_NP_0001;875
2013;1. - 12.;SPECU_ABVAL;NACE03;UNIT_EUR;U_NP_0001;865
2013;1. - 12.;SPECU_ABVAL;NACE04;UNIT_EUR;U_NP_0001;1465
2013;1. - 12.;SPECU_ABVAL;NACE05;UNIT_EUR;U_NP_0001;875
2013;1. - 12.;SPECU_ABVAL;NACE06;UNIT_EUR;U_NP_0001;606
2013;1. - 12.;SPECU_ABVAL;NACE07;UNIT_EUR;U_NP_0001;805
2013;1. - 12.;SPECU_ABVAL;NACE08;UNIT_EUR;U_NP_0001;860
2013;1. - 12.;SPECU_ABVAL;NACE09;UNIT_EUR;U_NP_0001;621
2013;1. - 12.;SPECU_ABVAL;NACE10;UNIT_EUR;U_NP_0001;581
2013;1. - 12.;SPECU_ABVAL;NACE11;UNIT_EUR;U_NP_0001;365
2013;1. - 12.;SPECU_ABVAL;NACE12;UNIT_EUR;U_NP_0001;743
2013;1. - 12.;SPECU_ABVAL;NACE13;UNIT_EUR;U_NP_0001;651
2013;1. - 12.;SPECU_ABVAL;NACE14;UNIT_EUR;U_NP_0001;1763
2013;1. - 12.;SPECU_ABVAL;NACE15;UNIT_EUR;U_NP_0001;891
2012;1.;SPECU_ABVAL;NACE01;UNIT_EUR;U_NP_0001;816
2012;1.;SPECU_ABVAL;NACE02;UNIT_EUR;U_NP_0001;856
2012;1.;SPECU_ABVAL;NACE03;UNIT_EUR;U_NP_0001;790
2012;1.;SPECU_ABVAL;NACE04;UNIT_EUR;U_NP_0001;1437
2012;1.;SPECU_ABVAL;NACE05;UNIT_EUR;U_NP_0001;832
2012;1.;SPECU_ABVAL;NACE06;UNIT_EUR;U_NP_0001;566
2012;1.;SPECU_ABVAL;NACE07;UNIT_EUR;U_NP_0001;731
2012;1.;SPECU_ABVAL;NACE08;UNIT_EUR;U_NP_0001;809
2012;1.;SPECU_ABVAL;NACE09;UNIT_EUR;U_NP_0001;604
2012;1.;SPECU_ABVAL;NACE10;UNIT_EUR;U_NP_0001;559
2012;1.;SPECU_ABVAL;NACE11;UNIT_EUR;U_NP_0001;355
2012;1.;SPECU_ABVAL;NACE12;UNIT_EUR;U_NP_0001;749
2012;1.;SPECU_ABVAL;NACE13;UNIT_EUR;U_NP_0001;625
2012;1.;SPECU_ABVAL;NACE14;UNIT_EUR;U_NP_0001;1705
2012;1.;SPECU_ABVAL;NACE15;UNIT_EUR;U_NP_0001;820
2012;2.;SPECU_ABVAL;NACE01;UNIT_EUR;U_NP_0001;788
2012;2.;SPECU_ABVAL;NACE02;UNIT_EUR;U_NP_0001;792
2012;2.;SPECU_ABVAL;NACE03;UNIT_EUR;U_NP_0001;774
2012;2.;SPECU_ABVAL;NACE04;UNIT_EUR;U_NP_0001;1165
2012;2.;SPECU_ABVAL;NACE05;UNIT_EUR;U_NP_0001;751
2012;2.;SPECU_ABVAL;NACE06;UNIT_EUR;U_NP_0001;551
2012;2.;SPECU_ABVAL;NACE07;UNIT_EUR;U_NP_0001;733
2012;2.;SPECU_ABVAL;NACE08;UNIT_EUR;U_NP_0001;810
2012;2.;SPECU_ABVAL;NACE09;UNIT_EUR;U_NP_0001;604
2012;2.;SPECU_ABVAL;NACE10;UNIT_EUR;U_NP_0001;541
2012;2.;SPECU_ABVAL;NACE11;UNIT_EUR;U_NP_0001;357
2012;2.;SPECU_ABVAL;NACE12;UNIT_EUR;U_NP_0001;694
2012;2.;SPECU_ABVAL;NACE13;UNIT_EUR;U_NP_0001;605
2012;2.;SPECU_ABVAL;NACE14;UNIT_EUR;U_NP_0001;1814
2012;2.;SPECU_ABVAL;NACE15;UNIT_EUR;U_NP_0001;870
2012;3.;SPECU_ABVAL;NACE01;UNIT_EUR;U_NP_0001;837
2012;3.;SPECU_ABVAL;NACE02;UNIT_EUR;U_NP_0001;845
2012;3.;SPECU_ABVAL;NACE03;UNIT_EUR;U_NP_0001;817
2012;3.;SPECU_ABVAL;NACE04;UNIT_EUR;U_NP_0001;1398
2012;3.;SPECU_ABVAL;NACE05;UNIT_EUR;U_NP_0001;783
2012;3.;SPECU_ABVAL;NACE06;UNIT_EUR;U_NP_0001;590
2012;3.;SPECU_ABVAL;NACE07;UNIT_EUR;U_NP_0001;755
2012;3.;SPECU_ABVAL;NACE08;UNIT_EUR;U_NP_0001;847
2012;3.;SPECU_ABVAL;NACE09;UNIT_EUR;U_NP_0001;612
2012;3.;SPECU_ABVAL;NACE10;UNIT_EUR;U_NP_0001;561
2012;3.;SPECU_ABVAL;NACE11;UNIT_EUR;U_NP_0001;360
2012;3.;SPECU_ABVAL;NACE12;UNIT_EUR;U_NP_0001;721
2012;3.;SPECU_ABVAL;NACE13;UNIT_EUR;U_NP_0001;612
2012;3.;SPECU_ABVAL;NACE14;UNIT_EUR;U_NP_0001;1778
2012;3.;SPECU_ABVAL;NACE15;UNIT_EUR;U_NP_0001;860
2012;4.;SPECU_ABVAL;NACE01;UNIT_EUR;U_NP_0001;816
2012;4.;SPECU_ABVAL;NACE02;UNIT_EUR;U_NP_0001;836
2012;4.;SPECU_ABVAL;NACE03;UNIT_EUR;U_NP_0001;795
2012;4.;SPECU_ABVAL;NACE04;UNIT_EUR;U_NP_0001;1313
2012;4.;SPECU_ABVAL;NACE05;UNIT_EUR;U_NP_0001;819
2012;4.;SPECU_ABVAL;NACE06;UNIT_EUR;U_NP_0001;599
2012;4.;SPECU_ABVAL;NACE07;UNIT_EUR;U_NP_0001;750
2012;4.;SPECU_ABVAL;NACE08;UNIT_EUR;U_NP_0001;823
2012;4.;SPECU_ABVAL;NACE09;UNIT_EUR;U_NP_0001;601
2012;4.;SPECU_ABVAL;NACE10;UNIT_EUR;U_NP_0001;557
2012;4.;SPECU_ABVAL;NACE11;UNIT_EUR;U_NP_0001;359
2012;4.;SPECU_ABVAL;NACE12;UNIT_EUR;U_NP_0001;714
2012;4.;SPECU_ABVAL;NACE13;UNIT_EUR;U_NP_0001;627
2012;4.;SPECU_ABVAL;NACE14;UNIT_EUR;U_NP_0001;1697
2012;4.;SPECU_ABVAL;NACE15;UNIT_EUR;U_NP_0001;854
2012;5.;SPECU_ABVAL;NACE01;UNIT_EUR;U_NP_0001;887
2012;5.;SPECU_ABVAL;NACE02;UNIT_EUR;U_NP_0001;848
2012;5.;SPECU_ABVAL;NACE03;UNIT_EUR;U_NP_0001;855
2012;5.;SPECU_ABVAL;NACE04;UNIT_EUR;U_NP_0001;1742
2012;5.;SPECU_ABVAL;NACE05;UNIT_EUR;U_NP_0001;852
2012;5.;SPECU_ABVAL;NACE06;UNIT_EUR;U_NP_0001;599
2012;5.;SPECU_ABVAL;NACE07;UNIT_EUR;U_NP_0001;745
2012;5.;SPECU_ABVAL;NACE08;UNIT_EUR;U_NP_0001;881
2012;5.;SPECU_ABVAL;NACE09;UNIT_EUR;U_NP_0001;608
2012;5.;SPECU_ABVAL;NACE10;UNIT_EUR;U_NP_0001;559
2012;5.;SPECU_ABVAL;NACE11;UNIT_EUR;U_NP_0001;356
2012;5.;SPECU_ABVAL;NACE12;UNIT_EUR;U_NP_0001;722
2012;5.;SPECU_ABVAL;NACE13;UNIT_EUR;U_NP_0001;623
2012;5.;SPECU_ABVAL;NACE14;UNIT_EUR;U_NP_0001;1587
2012;5.;SPECU_ABVAL;NACE15;UNIT_EUR;U_NP_0001;836
2012;6.;SPECU_ABVAL;NACE01;UNIT_EUR;U_NP_0001;867
2012;6.;SPECU_ABVAL;NACE02;UNIT_EUR;U_NP_0001;874
2012;6.;SPECU_ABVAL;NACE03;UNIT_EUR;U_NP_0001;843
2012;6.;SPECU_ABVAL;NACE04;UNIT_EUR;U_NP_0001;1556
2012;6.;SPECU_ABVAL;NACE05;UNIT_EUR;U_NP_0001;794
2012;6.;SPECU_ABVAL;NACE06;UNIT_EUR;U_NP_0001;599
2012;6.;SPECU_ABVAL;NACE07;UNIT_EUR;U_NP_0001;763
2012;6.;SPECU_ABVAL;NACE08;UNIT_EUR;U_NP_0001;832
2012;6.;SPECU_ABVAL;NACE09;UNIT_EUR;U_NP_0001;609
2012;6.;SPECU_ABVAL;NACE10;UNIT_EUR;U_NP_0001;568
2012;6.;SPECU_ABVAL;NACE11;UNIT_EUR;U_NP_0001;358
2012;6.;SPECU_ABVAL;NACE12;UNIT_EUR;U_NP_0001;725
2012;6.;SPECU_ABVAL;NACE13;UNIT_EUR;U_NP_0001;608
2012;6.;SPECU_ABVAL;NACE14;UNIT_EUR;U_NP_0001;1727
2012;6.;SPECU_ABVAL;NACE15;UNIT_EUR;U_NP_0001;860
2012;7.;SPECU_ABVAL;NACE01;UNIT_EUR;U_NP_0001;848
2012;7.;SPECU_ABVAL;NACE02;UNIT_EUR;U_NP_0001;832
2012;7.;SPECU_ABVAL;NACE03;UNIT_EUR;U_NP_0001;818
2012;7.;SPECU_ABVAL;NACE04;UNIT_EUR;U_NP_0001;1621
2012;7.;SPECU_ABVAL;NACE05;UNIT_EUR;U_NP_0001;822
2012;7.;SPECU_ABVAL;NACE06;UNIT_EUR;U_NP_0001;631
2012;7.;SPECU_ABVAL;NACE07;UNIT_EUR;U_NP_0001;749
2012;7.;SPECU_ABVAL;NACE08;UNIT_EUR;U_NP_0001;831
2012;7.;SPECU_ABVAL;NACE09;UNIT_EUR;U_NP_0001;608
2012;7.;SPECU_ABVAL;NACE10;UNIT_EUR;U_NP_0001;565
2012;7.;SPECU_ABVAL;NACE11;UNIT_EUR;U_NP_0001;361
2012;7.;SPECU_ABVAL;NACE12;UNIT_EUR;U_NP_0001;738
2012;7.;SPECU_ABVAL;NACE13;UNIT_EUR;U_NP_0001;617
2012;7.;SPECU_ABVAL;NACE14;UNIT_EUR;U_NP_0001;1652
2012;7.;SPECU_ABVAL;NACE15;UNIT_EUR;U_NP_0001;856
2012;8.;SPECU_ABVAL;NACE01;UNIT_EUR;U_NP_0001;836
2012;8.;SPECU_ABVAL;NACE02;UNIT_EUR;U_NP_0001;871
2012;8.;SPECU_ABVAL;NACE03;UNIT_EUR;U_NP_0001;819
2012;8.;SPECU_ABVAL;NACE04;UNIT_EUR;U_NP_0001;1271
2012;8.;SPECU_ABVAL;NACE05;UNIT_EUR;U_NP_0001;800
2012;8.;SPECU_ABVAL;NACE06;UNIT_EUR;U_NP_0001;601
2012;8.;SPECU_ABVAL;NACE07;UNIT_EUR;U_NP_0001;747
2012;8.;SPECU_ABVAL;NACE08;UNIT_EUR;U_NP_0001;816
2012;8.;SPECU_ABVAL;NACE09;UNIT_EUR;U_NP_0001;611
2012;8.;SPECU_ABVAL;NACE10;UNIT_EUR;U_NP_0001;572
2012;8.;SPECU_ABVAL;NACE11;UNIT_EUR;U_NP_0001;358
2012;8.;SPECU_ABVAL;NACE12;UNIT_EUR;U_NP_0001;735
2012;8.;SPECU_ABVAL;NACE13;UNIT_EUR;U_NP_0001;683
2012;8.;SPECU_ABVAL;NACE14;UNIT_EUR;U_NP_0001;1693
2012;8.;SPECU_ABVAL;NACE15;UNIT_EUR;U_NP_0001;879
2012;9.;SPECU_ABVAL;NACE01;UNIT_EUR;U_NP_0001;819
2012;9.;SPECU_ABVAL;NACE02;UNIT_EUR;U_NP_0001;814
2012;9.;SPECU_ABVAL;NACE03;UNIT_EUR;U_NP_0001;799
2012;9.;SPECU_ABVAL;NACE04;UNIT_EUR;U_NP_0001;1365
2012;9.;SPECU_ABVAL;NACE05;UNIT_EUR;U_NP_0001;770
2012;9.;SPECU_ABVAL;NACE06;UNIT_EUR;U_NP_0001;587
2012;9.;SPECU_ABVAL;NACE07;UNIT_EUR;U_NP_0001;748
2012;9.;SPECU_ABVAL;NACE08;UNIT_EUR;U_NP_0001;829
2012;9.;SPECU_ABVAL;NACE09;UNIT_EUR;U_NP_0001;590
2012;9.;SPECU_ABVAL;NACE10;UNIT_EUR;U_NP_0001;584
2012;9.;SPECU_ABVAL;NACE11;UNIT_EUR;U_NP_0001;352
2012;9.;SPECU_ABVAL;NACE12;UNIT_EUR;U_NP_0001;729
2012;9.;SPECU_ABVAL;NACE13;UNIT_EUR;U_NP_0001;609
2012;9.;SPECU_ABVAL;NACE14;UNIT_EUR;U_NP_0001;1617
2012;9.;SPECU_ABVAL;NACE15;UNIT_EUR;U_NP_0001;868
2012;10.;SPECU_ABVAL;NACE01;UNIT_EUR;U_NP_0001;847
2012;10.;SPECU_ABVAL;NACE02;UNIT_EUR;U_NP_0001;897
2012;10.;SPECU_ABVAL;NACE03;UNIT_EUR;U_NP_0001;822
2012;10.;SPECU_ABVAL;NACE04;UNIT_EUR;U_NP_0001;1430
2012;10.;SPECU_ABVAL;NACE05;UNIT_EUR;U_NP_0001;855
2012;10.;SPECU_ABVAL;NACE06;UNIT_EUR;U_NP_0001;618
2012;10.;SPECU_ABVAL;NACE07;UNIT_EUR;U_NP_0001;750
2012;10.;SPECU_ABVAL;NACE08;UNIT_EUR;U_NP_0001;821
2012;10.;SPECU_ABVAL;NACE09;UNIT_EUR;U_NP_0001;603
2012;10.;SPECU_ABVAL;NACE10;UNIT_EUR;U_NP_0001;556
2012;10.;SPECU_ABVAL;NACE11;UNIT_EUR;U_NP_0001;360
2012;10.;SPECU_ABVAL;NACE12;UNIT_EUR;U_NP_0001;723
2012;10.;SPECU_ABVAL;NACE13;UNIT_EUR;U_NP_0001;618
2012;10.;SPECU_ABVAL;NACE14;UNIT_EUR;U_NP_0001;1660
2012;10.;SPECU_ABVAL;NACE15;UNIT_EUR;U_NP_0001;853
2012;11.;SPECU_ABVAL;NACE01;UNIT_EUR;U_NP_0001;986
2012;11.;SPECU_ABVAL;NACE02;UNIT_EUR;U_NP_0001;1004
2012;11.;SPECU_ABVAL;NACE03;UNIT_EUR;U_NP_0001;965
2012;11.;SPECU_ABVAL;NACE04;UNIT_EUR;U_NP_0001;1523
2012;11.;SPECU_ABVAL;NACE05;UNIT_EUR;U_NP_0001;949
2012;11.;SPECU_ABVAL;NACE06;UNIT_EUR;U_NP_0001;652
2012;11.;SPECU_ABVAL;NACE07;UNIT_EUR;U_NP_0001;822
2012;11.;SPECU_ABVAL;NACE08;UNIT_EUR;U_NP_0001;897
2012;11.;SPECU_ABVAL;NACE09;UNIT_EUR;U_NP_0001;652
2012;11.;SPECU_ABVAL;NACE10;UNIT_EUR;U_NP_0001;568
2012;11.;SPECU_ABVAL;NACE11;UNIT_EUR;U_NP_0001;362
2012;11.;SPECU_ABVAL;NACE12;UNIT_EUR;U_NP_0001;788
2012;11.;SPECU_ABVAL;NACE13;UNIT_EUR;U_NP_0001;708
2012;11.;SPECU_ABVAL;NACE14;UNIT_EUR;U_NP_0001;1863
2012;11.;SPECU_ABVAL;NACE15;UNIT_EUR;U_NP_0001;920
2012;12.;SPECU_ABVAL;NACE01;UNIT_EUR;U_NP_0001;930
2012;12.;SPECU_ABVAL;NACE02;UNIT_EUR;U_NP_0001;895
2012;12.;SPECU_ABVAL;NACE03;UNIT_EUR;U_NP_0001;896
2012;12.;SPECU_ABVAL;NACE04;UNIT_EUR;U_NP_0001;1830
2012;12.;SPECU_ABVAL;NACE05;UNIT_EUR;U_NP_0001;852
2012;12.;SPECU_ABVAL;NACE06;UNIT_EUR;U_NP_0001;692
2012;12.;SPECU_ABVAL;NACE07;UNIT_EUR;U_NP_0001;815
2012;12.;SPECU_ABVAL;NACE08;UNIT_EUR;U_NP_0001;943
2012;12.;SPECU_ABVAL;NACE09;UNIT_EUR;U_NP_0001;632
2012;12.;SPECU_ABVAL;NACE10;UNIT_EUR;U_NP_0001;570
2012;12.;SPECU_ABVAL;NACE11;UNIT_EUR;U_NP_0001;359
2012;12.;SPECU_ABVAL;NACE12;UNIT_EUR;U_NP_0001;809
2012;12.;SPECU_ABVAL;NACE13;UNIT_EUR;U_NP_0001;653
2012;12.;SPECU_ABVAL;NACE14;UNIT_EUR;U_NP_0001;2156
2012;12.;SPECU_ABVAL;NACE15;UNIT_EUR;U_NP_0001;975
2012;1. - 12.;SPECU_ABVAL;NACE01;UNIT_EUR;U_NP_0001;856
2012;1. - 12.;SPECU_ABVAL;NACE02;UNIT_EUR;U_NP_0001;863
2012;1. - 12.;SPECU_ABVAL;NACE03;UNIT_EUR;U_NP_0001;832
2012;1. - 12.;SPECU_ABVAL;NACE04;UNIT_EUR;U_NP_0001;1471
2012;1. - 12.;SPECU_ABVAL;NACE05;UNIT_EUR;U_NP_0001;823
2012;1. - 12.;SPECU_ABVAL;NACE06;UNIT_EUR;U_NP_0001;607
2012;1. - 12.;SPECU_ABVAL;NACE07;UNIT_EUR;U_NP_0001;759
2012;1. - 12.;SPECU_ABVAL;NACE08;UNIT_EUR;U_NP_0001;844
2012;1. - 12.;SPECU_ABVAL;NACE09;UNIT_EUR;U_NP_0001;612
2012;1. - 12.;SPECU_ABVAL;NACE10;UNIT_EUR;U_NP_0001;563
2012;1. - 12.;SPECU_ABVAL;NACE11;UNIT_EUR;U_NP_0001;358
2012;1. - 12.;SPECU_ABVAL;NACE12;UNIT_EUR;U_NP_0001;737
2012;1. - 12.;SPECU_ABVAL;NACE13;UNIT_EUR;U_NP_0001;632
2012;1. - 12.;SPECU_ABVAL;NACE14;UNIT_EUR;U_NP_0001;1746
2012;1. - 12.;SPECU_ABVAL;NACE15;UNIT_EUR;U_NP_0001;871
2011;1.;SPECU_ABVAL;NACE01;UNIT_EUR;U_NP_0001;765
2011;1.;SPECU_ABVAL;NACE02;UNIT_EUR;U_NP_0001;806
2011;1.;SPECU_ABVAL;NACE03;UNIT_EUR;U_NP_0001;742
2011;1.;SPECU_ABVAL;NACE04;UNIT_EUR;U_NP_0001;1239
2011;1.;SPECU_ABVAL;NACE05;UNIT_EUR;U_NP_0001;794
2011;1.;SPECU_ABVAL;NACE06;UNIT_EUR;U_NP_0001;552
2011;1.;SPECU_ABVAL;NACE07;UNIT_EUR;U_NP_0001;729
2011;1.;SPECU_ABVAL;NACE08;UNIT_EUR;U_NP_0001;799
2011;1.;SPECU_ABVAL;NACE09;UNIT_EUR;U_NP_0001;589
2011;1.;SPECU_ABVAL;NACE10;UNIT_EUR;U_NP_0001;552
2011;1.;SPECU_ABVAL;NACE11;UNIT_EUR;U_NP_0001;358
2011;1.;SPECU_ABVAL;NACE12;UNIT_EUR;U_NP_0001;687
2011;1.;SPECU_ABVAL;NACE13;UNIT_EUR;U_NP_0001;604
2011;1.;SPECU_ABVAL;NACE14;UNIT_EUR;U_NP_0001;1482
2011;1.;SPECU_ABVAL;NACE15;UNIT_EUR;U_NP_0001;812
2011;2.;SPECU_ABVAL;NACE01;UNIT_EUR;U_NP_0001;747
2011;2.;SPECU_ABVAL;NACE02;UNIT_EUR;U_NP_0001;751
2011;2.;SPECU_ABVAL;NACE03;UNIT_EUR;U_NP_0001;732
2011;2.;SPECU_ABVAL;NACE04;UNIT_EUR;U_NP_0001;1146
2011;2.;SPECU_ABVAL;NACE05;UNIT_EUR;U_NP_0001;700
2011;2.;SPECU_ABVAL;NACE06;UNIT_EUR;U_NP_0001;537
2011;2.;SPECU_ABVAL;NACE07;UNIT_EUR;U_NP_0001;709
2011;2.;SPECU_ABVAL;NACE08;UNIT_EUR;U_NP_0001;795
2011;2.;SPECU_ABVAL;NACE09;UNIT_EUR;U_NP_0001;584
2011;2.;SPECU_ABVAL;NACE10;UNIT_EUR;U_NP_0001;526
2011;2.;SPECU_ABVAL;NACE11;UNIT_EUR;U_NP_0001;354
2011;2.;SPECU_ABVAL;NACE12;UNIT_EUR;U_NP_0001;670
2011;2.;SPECU_ABVAL;NACE13;UNIT_EUR;U_NP_0001;578
2011;2.;SPECU_ABVAL;NACE14;UNIT_EUR;U_NP_0001;1708
2011;2.;SPECU_ABVAL;NACE15;UNIT_EUR;U_NP_0001;855
2011;3.;SPECU_ABVAL;NACE01;UNIT_EUR;U_NP_0001;809
2011;3.;SPECU_ABVAL;NACE02;UNIT_EUR;U_NP_0001;966
2011;3.;SPECU_ABVAL;NACE03;UNIT_EUR;U_NP_0001;787
2011;3.;SPECU_ABVAL;NACE04;UNIT_EUR;U_NP_0001;1276
2011;3.;SPECU_ABVAL;NACE05;UNIT_EUR;U_NP_0001;785
2011;3.;SPECU_ABVAL;NACE06;UNIT_EUR;U_NP_0001;576
2011;3.;SPECU_ABVAL;NACE07;UNIT_EUR;U_NP_0001;724
2011;3.;SPECU_ABVAL;NACE08;UNIT_EUR;U_NP_0001;807
2011;3.;SPECU_ABVAL;NACE09;UNIT_EUR;U_NP_0001;602
2011;3.;SPECU_ABVAL;NACE10;UNIT_EUR;U_NP_0001;547
2011;3.;SPECU_ABVAL;NACE11;UNIT_EUR;U_NP_0001;358
2011;3.;SPECU_ABVAL;NACE12;UNIT_EUR;U_NP_0001;702
2011;3.;SPECU_ABVAL;NACE13;UNIT_EUR;U_NP_0001;624
2011;3.;SPECU_ABVAL;NACE14;UNIT_EUR;U_NP_0001;1715
2011;3.;SPECU_ABVAL;NACE15;UNIT_EUR;U_NP_0001;863
2011;4.;SPECU_ABVAL;NACE01;UNIT_EUR;U_NP_0001;797
2011;4.;SPECU_ABVAL;NACE02;UNIT_EUR;U_NP_0001;844
2011;4.;SPECU_ABVAL;NACE03;UNIT_EUR;U_NP_0001;773
2011;4.;SPECU_ABVAL;NACE04;UNIT_EUR;U_NP_0001;1333
2011;4.;SPECU_ABVAL;NACE05;UNIT_EUR;U_NP_0001;790
2011;4.;SPECU_ABVAL;NACE06;UNIT_EUR;U_NP_0001;609
2011;4.;SPECU_ABVAL;NACE07;UNIT_EUR;U_NP_0001;719
2011;4.;SPECU_ABVAL;NACE08;UNIT_EUR;U_NP_0001;805
2011;4.;SPECU_ABVAL;NACE09;UNIT_EUR;U_NP_0001;589
2011;4.;SPECU_ABVAL;NACE10;UNIT_EUR;U_NP_0001;545
2011;4.;SPECU_ABVAL;NACE11;UNIT_EUR;U_NP_0001;354
2011;4.;SPECU_ABVAL;NACE12;UNIT_EUR;U_NP_0001;693
2011;4.;SPECU_ABVAL;NACE13;UNIT_EUR;U_NP_0001;629
2011;4.;SPECU_ABVAL;NACE14;UNIT_EUR;U_NP_0001;1650
2011;4.;SPECU_ABVAL;NACE15;UNIT_EUR;U_NP_0001;881
2011;5.;SPECU_ABVAL;NACE01;UNIT_EUR;U_NP_0001;839
2011;5.;SPECU_ABVAL;NACE02;UNIT_EUR;U_NP_0001;877
2011;5.;SPECU_ABVAL;NACE03;UNIT_EUR;U_NP_0001;808
2011;5.;SPECU_ABVAL;NACE04;UNIT_EUR;U_NP_0001;1581
2011;5.;SPECU_ABVAL;NACE05;UNIT_EUR;U_NP_0001;807
2011;5.;SPECU_ABVAL;NACE06;UNIT_EUR;U_NP_0001;582
2011;5.;SPECU_ABVAL;NACE07;UNIT_EUR;U_NP_0001;715
2011;5.;SPECU_ABVAL;NACE08;UNIT_EUR;U_NP_0001;856
2011;5.;SPECU_ABVAL;NACE09;UNIT_EUR;U_NP_0001;598
2011;5.;SPECU_ABVAL;NACE10;UNIT_EUR;U_NP_0001;546
2011;5.;SPECU_ABVAL;NACE11;UNIT_EUR;U_NP_0001;350
2011;5.;SPECU_ABVAL;NACE12;UNIT_EUR;U_NP_0001;708
2011;5.;SPECU_ABVAL;NACE13;UNIT_EUR;U_NP_0001;638
2011;5.;SPECU_ABVAL;NACE14;UNIT_EUR;U_NP_0001;1536
2011;5.;SPECU_ABVAL;NACE15;UNIT_EUR;U_NP_0001;862
2011;6.;SPECU_ABVAL;NACE01;UNIT_EUR;U_NP_0001;849
2011;6.;SPECU_ABVAL;NACE02;UNIT_EUR;U_NP_0001;862
2011;6.;SPECU_ABVAL;NACE03;UNIT_EUR;U_NP_0001;824
2011;6.;SPECU_ABVAL;NACE04;UNIT_EUR;U_NP_0001;1516
2011;6.;SPECU_ABVAL;NACE05;UNIT_EUR;U_NP_0001;782
2011;6.;SPECU_ABVAL;NACE06;UNIT_EUR;U_NP_0001;607
2011;6.;SPECU_ABVAL;NACE07;UNIT_EUR;U_NP_0001;729
2011;6.;SPECU_ABVAL;NACE08;UNIT_EUR;U_NP_0001;810
2011;6.;SPECU_ABVAL;NACE09;UNIT_EUR;U_NP_0001;595
2011;6.;SPECU_ABVAL;NACE10;UNIT_EUR;U_NP_0001;549
2011;6.;SPECU_ABVAL;NACE11;UNIT_EUR;U_NP_0001;351
2011;6.;SPECU_ABVAL;NACE12;UNIT_EUR;U_NP_0001;722
2011;6.;SPECU_ABVAL;NACE13;UNIT_EUR;U_NP_0001;620
2011;6.;SPECU_ABVAL;NACE14;UNIT_EUR;U_NP_0001;1778
2011;6.;SPECU_ABVAL;NACE15;UNIT_EUR;U_NP_0001;914
2011;7.;SPECU_ABVAL;NACE01;UNIT_EUR;U_NP_0001;814
2011;7.;SPECU_ABVAL;NACE02;UNIT_EUR;U_NP_0001;875
2011;7.;SPECU_ABVAL;NACE03;UNIT_EUR;U_NP_0001;785
2011;7.;SPECU_ABVAL;NACE04;UNIT_EUR;U_NP_0001;1488
2011;7.;SPECU_ABVAL;NACE05;UNIT_EUR;U_NP_0001;816
2011;7.;SPECU_ABVAL;NACE06;UNIT_EUR;U_NP_0001;614
2011;7.;SPECU_ABVAL;NACE07;UNIT_EUR;U_NP_0001;714
2011;7.;SPECU_ABVAL;NACE08;UNIT_EUR;U_NP_0001;803
2011;7.;SPECU_ABVAL;NACE09;UNIT_EUR;U_NP_0001;604
2011;7.;SPECU_ABVAL;NACE10;UNIT_EUR;U_NP_0001;546
2011;7.;SPECU_ABVAL;NACE11;UNIT_EUR;U_NP_0001;355
2011;7.;SPECU_ABVAL;NACE12;UNIT_EUR;U_NP_0001;723
2011;7.;SPECU_ABVAL;NACE13;UNIT_EUR;U_NP_0001;625
2011;7.;SPECU_ABVAL;NACE14;UNIT_EUR;U_NP_0001;1854
2011;7.;SPECU_ABVAL;NACE15;UNIT_EUR;U_NP_0001;842
2011;8.;SPECU_ABVAL;NACE01;UNIT_EUR;U_NP_0001;811
2011;8.;SPECU_ABVAL;NACE02;UNIT_EUR;U_NP_0001;883
2011;8.;SPECU_ABVAL;NACE03;UNIT_EUR;U_NP_0001;793
2011;8.;SPECU_ABVAL;NACE04;UNIT_EUR;U_NP_0001;1221
2011;8.;SPECU_ABVAL;NACE05;UNIT_EUR;U_NP_0001;812
2011;8.;SPECU_ABVAL;NACE06;UNIT_EUR;U_NP_0001;614
2011;8.;SPECU_ABVAL;NACE07;UNIT_EUR;U_NP_0001;708
2011;8.;SPECU_ABVAL;NACE08;UNIT_EUR;U_NP_0001;793
2011;8.;SPECU_ABVAL;NACE09;UNIT_EUR;U_NP_0001;598
2011;8.;SPECU_ABVAL;NACE10;UNIT_EUR;U_NP_0001;556
2011;8.;SPECU_ABVAL;NACE11;UNIT_EUR;U_NP_0001;353
2011;8.;SPECU_ABVAL;NACE12;UNIT_EUR;U_NP_0001;716
2011;8.;SPECU_ABVAL;NACE13;UNIT_EUR;U_NP_0001;644
2011;8.;SPECU_ABVAL;NACE14;UNIT_EUR;U_NP_0001;1850
2011;8.;SPECU_ABVAL;NACE15;UNIT_EUR;U_NP_0001;852
2011;9.;SPECU_ABVAL;NACE01;UNIT_EUR;U_NP_0001;816
2011;9.;SPECU_ABVAL;NACE02;UNIT_EUR;U_NP_0001;866
2011;9.;SPECU_ABVAL;NACE03;UNIT_EUR;U_NP_0001;793
2011;9.;SPECU_ABVAL;NACE04;UNIT_EUR;U_NP_0001;1387
2011;9.;SPECU_ABVAL;NACE05;UNIT_EUR;U_NP_0001;779
2011;9.;SPECU_ABVAL;NACE06;UNIT_EUR;U_NP_0001;597
2011;9.;SPECU_ABVAL;NACE07;UNIT_EUR;U_NP_0001;723
2011;9.;SPECU_ABVAL;NACE08;UNIT_EUR;U_NP_0001;809
2011;9.;SPECU_ABVAL;NACE09;UNIT_EUR;U_NP_0001;583
2011;9.;SPECU_ABVAL;NACE10;UNIT_EUR;U_NP_0001;554
2011;9.;SPECU_ABVAL;NACE11;UNIT_EUR;U_NP_0001;349
2011;9.;SPECU_ABVAL;NACE12;UNIT_EUR;U_NP_0001;717
2011;9.;SPECU_ABVAL;NACE13;UNIT_EUR;U_NP_0001;629
2011;9.;SPECU_ABVAL;NACE14;UNIT_EUR;U_NP_0001;1657
2011;9.;SPECU_ABVAL;NACE15;UNIT_EUR;U_NP_0001;842
2011;10.;SPECU_ABVAL;NACE01;UNIT_EUR;U_NP_0001;802
2011;10.;SPECU_ABVAL;NACE02;UNIT_EUR;U_NP_0001;855
2011;10.;SPECU_ABVAL;NACE03;UNIT_EUR;U_NP_0001;776
2011;10.;SPECU_ABVAL;NACE04;UNIT_EUR;U_NP_0001;1399
2011;10.;SPECU_ABVAL;NACE05;UNIT_EUR;U_NP_0001;817
2011;10.;SPECU_ABVAL;NACE06;UNIT_EUR;U_NP_0001;622
2011;10.;SPECU_ABVAL;NACE07;UNIT_EUR;U_NP_0001;718
2011;10.;SPECU_ABVAL;NACE08;UNIT_EUR;U_NP_0001;790
2011;10.;SPECU_ABVAL;NACE09;UNIT_EUR;U_NP_0001;600
2011;10.;SPECU_ABVAL;NACE10;UNIT_EUR;U_NP_0001;536
2011;10.;SPECU_ABVAL;NACE11;UNIT_EUR;U_NP_0001;357
2011;10.;SPECU_ABVAL;NACE12;UNIT_EUR;U_NP_0001;709
2011;10.;SPECU_ABVAL;NACE13;UNIT_EUR;U_NP_0001;629
2011;10.;SPECU_ABVAL;NACE14;UNIT_EUR;U_NP_0001;1747
2011;10.;SPECU_ABVAL;NACE15;UNIT_EUR;U_NP_0001;831
2011;11.;SPECU_ABVAL;NACE01;UNIT_EUR;U_NP_0001;953
2011;11.;SPECU_ABVAL;NACE02;UNIT_EUR;U_NP_0001;955
2011;11.;SPECU_ABVAL;NACE03;UNIT_EUR;U_NP_0001;930
2011;11.;SPECU_ABVAL;NACE04;UNIT_EUR;U_NP_0001;1511
2011;11.;SPECU_ABVAL;NACE05;UNIT_EUR;U_NP_0001;960
2011;11.;SPECU_ABVAL;NACE06;UNIT_EUR;U_NP_0001;664
2011;11.;SPECU_ABVAL;NACE07;UNIT_EUR;U_NP_0001;774
2011;11.;SPECU_ABVAL;NACE08;UNIT_EUR;U_NP_0001;861
2011;11.;SPECU_ABVAL;NACE09;UNIT_EUR;U_NP_0001;653
2011;11.;SPECU_ABVAL;NACE10;UNIT_EUR;U_NP_0001;548
2011;11.;SPECU_ABVAL;NACE11;UNIT_EUR;U_NP_0001;359
2011;11.;SPECU_ABVAL;NACE12;UNIT_EUR;U_NP_0001;781
2011;11.;SPECU_ABVAL;NACE13;UNIT_EUR;U_NP_0001;701
2011;11.;SPECU_ABVAL;NACE14;UNIT_EUR;U_NP_0001;1922
2011;11.;SPECU_ABVAL;NACE15;UNIT_EUR;U_NP_0001;934
2011;12.;SPECU_ABVAL;NACE01;UNIT_EUR;U_NP_0001;874
2011;12.;SPECU_ABVAL;NACE02;UNIT_EUR;U_NP_0001;925
2011;12.;SPECU_ABVAL;NACE03;UNIT_EUR;U_NP_0001;851
2011;12.;SPECU_ABVAL;NACE04;UNIT_EUR;U_NP_0001;1383
2011;12.;SPECU_ABVAL;NACE05;UNIT_EUR;U_NP_0001;894
2011;12.;SPECU_ABVAL;NACE06;UNIT_EUR;U_NP_0001;667
2011;12.;SPECU_ABVAL;NACE07;UNIT_EUR;U_NP_0001;793
2011;12.;SPECU_ABVAL;NACE08;UNIT_EUR;U_NP_0001;916
2011;12.;SPECU_ABVAL;NACE09;UNIT_EUR;U_NP_0001;628
2011;12.;SPECU_ABVAL;NACE10;UNIT_EUR;U_NP_0001;556
2011;12.;SPECU_ABVAL;NACE11;UNIT_EUR;U_NP_0001;356
2011;12.;SPECU_ABVAL;NACE12;UNIT_EUR;U_NP_0001;788
2011;12.;SPECU_ABVAL;NACE13;UNIT_EUR;U_NP_0001;641
2011;12.;SPECU_ABVAL;NACE14;UNIT_EUR;U_NP_0001;1969
2011;12.;SPECU_ABVAL;NACE15;UNIT_EUR;U_NP_0001;881
2011;1. - 12.;SPECU_ABVAL;NACE01;UNIT_EUR;U_NP_0001;823
2011;1. - 12.;SPECU_ABVAL;NACE02;UNIT_EUR;U_NP_0001;872
2011;1. - 12.;SPECU_ABVAL;NACE03;UNIT_EUR;U_NP_0001;800
2011;1. - 12.;SPECU_ABVAL;NACE04;UNIT_EUR;U_NP_0001;1372
2011;1. - 12.;SPECU_ABVAL;NACE05;UNIT_EUR;U_NP_0001;811
2011;1. - 12.;SPECU_ABVAL;NACE06;UNIT_EUR;U_NP_0001;603
2011;1. - 12.;SPECU_ABVAL;NACE07;UNIT_EUR;U_NP_0001;730
2011;1. - 12.;SPECU_ABVAL;NACE08;UNIT_EUR;U_NP_0001;819
2011;1. - 12.;SPECU_ABVAL;NACE09;UNIT_EUR;U_NP_0001;604
2011;1. - 12.;SPECU_ABVAL;NACE10;UNIT_EUR;U_NP_0001;546
2011;1. - 12.;SPECU_ABVAL;NACE11;UNIT_EUR;U_NP_0001;355
2011;1. - 12.;SPECU_ABVAL;NACE12;UNIT_EUR;U_NP_0001;718
2011;1. - 12.;SPECU_ABVAL;NACE13;UNIT_EUR;U_NP_0001;630
2011;1. - 12.;SPECU_ABVAL;NACE14;UNIT_EUR;U_NP_0001;1739
2011;1. - 12.;SPECU_ABVAL;NACE15;UNIT_EUR;U_NP_0001;864
2010;1.;SPECU_ABVAL;NACE01;UNIT_EUR;U_NP_0001;744
2010;1.;SPECU_ABVAL;NACE02;UNIT_EUR;U_NP_0001;805
2010;1.;SPECU_ABVAL;NACE03;UNIT_EUR;U_NP_0001;725
2010;1.;SPECU_ABVAL;NACE04;UNIT_EUR;U_NP_0001;1120
2010;1.;SPECU_ABVAL;NACE05;UNIT_EUR;U_NP_0001;737
2010;1.;SPECU_ABVAL;NACE06;UNIT_EUR;U_NP_0001;526
2010;1.;SPECU_ABVAL;NACE07;UNIT_EUR;U_NP_0001;699
2010;1.;SPECU_ABVAL;NACE08;UNIT_EUR;U_NP_0001;775
2010;1.;SPECU_ABVAL;NACE09;UNIT_EUR;U_NP_0001;573
2010;1.;SPECU_ABVAL;NACE10;UNIT_EUR;U_NP_0001;543
2010;1.;SPECU_ABVAL;NACE11;UNIT_EUR;U_NP_0001;355
2010;1.;SPECU_ABVAL;NACE12;UNIT_EUR;U_NP_0001;687
2010;1.;SPECU_ABVAL;NACE13;UNIT_EUR;U_NP_0001;569
2010;1.;SPECU_ABVAL;NACE14;UNIT_EUR;U_NP_0001;1532
2010;1.;SPECU_ABVAL;NACE15;UNIT_EUR;U_NP_0001;778
2010;2.;SPECU_ABVAL;NACE01;UNIT_EUR;U_NP_0001;733
2010;2.;SPECU_ABVAL;NACE02;UNIT_EUR;U_NP_0001;726
2010;2.;SPECU_ABVAL;NACE03;UNIT_EUR;U_NP_0001;718
2010;2.;SPECU_ABVAL;NACE04;UNIT_EUR;U_NP_0001;1110
2010;2.;SPECU_ABVAL;NACE05;UNIT_EUR;U_NP_0001;683
2010;2.;SPECU_ABVAL;NACE06;UNIT_EUR;U_NP_0001;502
2010;2.;SPECU_ABVAL;NACE07;UNIT_EUR;U_NP_0001;685
2010;2.;SPECU_ABVAL;NACE08;UNIT_EUR;U_NP_0001;779
2010;2.;SPECU_ABVAL;NACE09;UNIT_EUR;U_NP_0001;573
2010;2.;SPECU_ABVAL;NACE10;UNIT_EUR;U_NP_0001;521
2010;2.;SPECU_ABVAL;NACE11;UNIT_EUR;U_NP_0001;354
2010;2.;SPECU_ABVAL;NACE12;UNIT_EUR;U_NP_0001;660
2010;2.;SPECU_ABVAL;NACE13;UNIT_EUR;U_NP_0001;554
2010;2.;SPECU_ABVAL;NACE14;UNIT_EUR;U_NP_0001;1605
2010;2.;SPECU_ABVAL;NACE15;UNIT_EUR;U_NP_0001;809
2010;3.;SPECU_ABVAL;NACE01;UNIT_EUR;U_NP_0001;778
2010;3.;SPECU_ABVAL;NACE02;UNIT_EUR;U_NP_0001;775
2010;3.;SPECU_ABVAL;NACE03;UNIT_EUR;U_NP_0001;760
2010;3.;SPECU_ABVAL;NACE04;UNIT_EUR;U_NP_0001;1191
2010;3.;SPECU_ABVAL;NACE05;UNIT_EUR;U_NP_0001;740
2010;3.;SPECU_ABVAL;NACE06;UNIT_EUR;U_NP_0001;542
2010;3.;SPECU_ABVAL;NACE07;UNIT_EUR;U_NP_0001;713
2010;3.;SPECU_ABVAL;NACE08;UNIT_EUR;U_NP_0001;805
2010;3.;SPECU_ABVAL;NACE09;UNIT_EUR;U_NP_0001;595
2010;3.;SPECU_ABVAL;NACE10;UNIT_EUR;U_NP_0001;544
2010;3.;SPECU_ABVAL;NACE11;UNIT_EUR;U_NP_0001;358
2010;3.;SPECU_ABVAL;NACE12;UNIT_EUR;U_NP_0001;708
2010;3.;SPECU_ABVAL;NACE13;UNIT_EUR;U_NP_0001;651
2010;3.;SPECU_ABVAL;NACE14;UNIT_EUR;U_NP_0001;1601
2010;3.;SPECU_ABVAL;NACE15;UNIT_EUR;U_NP_0001;818
2010;4.;SPECU_ABVAL;NACE01;UNIT_EUR;U_NP_0001;770
2010;4.;SPECU_ABVAL;NACE02;UNIT_EUR;U_NP_0001;785
2010;4.;SPECU_ABVAL;NACE03;UNIT_EUR;U_NP_0001;751
2010;4.;SPECU_ABVAL;NACE04;UNIT_EUR;U_NP_0001;1143
2010;4.;SPECU_ABVAL;NACE05;UNIT_EUR;U_NP_0001;794
2010;4.;SPECU_ABVAL;NACE06;UNIT_EUR;U_NP_0001;600
2010;4.;SPECU_ABVAL;NACE07;UNIT_EUR;U_NP_0001;715
2010;4.;SPECU_ABVAL;NACE08;UNIT_EUR;U_NP_0001;807
2010;4.;SPECU_ABVAL;NACE09;UNIT_EUR;U_NP_0001;585
2010;4.;SPECU_ABVAL;NACE10;UNIT_EUR;U_NP_0001;544
2010;4.;SPECU_ABVAL;NACE11;UNIT_EUR;U_NP_0001;355
2010;4.;SPECU_ABVAL;NACE12;UNIT_EUR;U_NP_0001;690
2010;4.;SPECU_ABVAL;NACE13;UNIT_EUR;U_NP_0001;621
2010;4.;SPECU_ABVAL;NACE14;UNIT_EUR;U_NP_0001;1494
2010;4.;SPECU_ABVAL;NACE15;UNIT_EUR;U_NP_0001;840
2010;5.;SPECU_ABVAL;NACE01;UNIT_EUR;U_NP_0001;775
2010;5.;SPECU_ABVAL;NACE02;UNIT_EUR;U_NP_0001;772
2010;5.;SPECU_ABVAL;NACE03;UNIT_EUR;U_NP_0001;749
2010;5.;SPECU_ABVAL;NACE04;UNIT_EUR;U_NP_0001;1284
2010;5.;SPECU_ABVAL;NACE05;UNIT_EUR;U_NP_0001;808
2010;5.;SPECU_ABVAL;NACE06;UNIT_EUR;U_NP_0001;564
2010;5.;SPECU_ABVAL;NACE07;UNIT_EUR;U_NP_0001;708
2010;5.;SPECU_ABVAL;NACE08;UNIT_EUR;U_NP_0001;853
2010;5.;SPECU_ABVAL;NACE09;UNIT_EUR;U_NP_0001;593
2010;5.;SPECU_ABVAL;NACE10;UNIT_EUR;U_NP_0001;542
2010;5.;SPECU_ABVAL;NACE11;UNIT_EUR;U_NP_0001;348
2010;5.;SPECU_ABVAL;NACE12;UNIT_EUR;U_NP_0001;699
2010;5.;SPECU_ABVAL;NACE13;UNIT_EUR;U_NP_0001;596
2010;5.;SPECU_ABVAL;NACE14;UNIT_EUR;U_NP_0001;1453
2010;5.;SPECU_ABVAL;NACE15;UNIT_EUR;U_NP_0001;791
2010;6.;SPECU_ABVAL;NACE01;UNIT_EUR;U_NP_0001;826
2010;6.;SPECU_ABVAL;NACE02;UNIT_EUR;U_NP_0001;779
2010;6.;SPECU_ABVAL;NACE03;UNIT_EUR;U_NP_0001;802
2010;6.;SPECU_ABVAL;NACE04;UNIT_EUR;U_NP_0001;1428
2010;6.;SPECU_ABVAL;NACE05;UNIT_EUR;U_NP_0001;763
2010;6.;SPECU_ABVAL;NACE06;UNIT_EUR;U_NP_0001;576
2010;6.;SPECU_ABVAL;NACE07;UNIT_EUR;U_NP_0001;724
2010;6.;SPECU_ABVAL;NACE08;UNIT_EUR;U_NP_0001;812
2010;6.;SPECU_ABVAL;NACE09;UNIT_EUR;U_NP_0001;594
2010;6.;SPECU_ABVAL;NACE10;UNIT_EUR;U_NP_0001;546
2010;6.;SPECU_ABVAL;NACE11;UNIT_EUR;U_NP_0001;349
2010;6.;SPECU_ABVAL;NACE12;UNIT_EUR;U_NP_0001;726
2010;6.;SPECU_ABVAL;NACE13;UNIT_EUR;U_NP_0001;630
2010;6.;SPECU_ABVAL;NACE14;UNIT_EUR;U_NP_0001;1630
2010;6.;SPECU_ABVAL;NACE15;UNIT_EUR;U_NP_0001;848
2010;7.;SPECU_ABVAL;NACE01;UNIT_EUR;U_NP_0001;786
2010;7.;SPECU_ABVAL;NACE02;UNIT_EUR;U_NP_0001;846
2010;7.;SPECU_ABVAL;NACE03;UNIT_EUR;U_NP_0001;759
2010;7.;SPECU_ABVAL;NACE04;UNIT_EUR;U_NP_0001;1298
2010;7.;SPECU_ABVAL;NACE05;UNIT_EUR;U_NP_0001;840
2010;7.;SPECU_ABVAL;NACE06;UNIT_EUR;U_NP_0001;607
2010;7.;SPECU_ABVAL;NACE07;UNIT_EUR;U_NP_0001;715
2010;7.;SPECU_ABVAL;NACE08;UNIT_EUR;U_NP_0001;806
2010;7.;SPECU_ABVAL;NACE09;UNIT_EUR;U_NP_0001;602
2010;7.;SPECU_ABVAL;NACE10;UNIT_EUR;U_NP_0001;545
2010;7.;SPECU_ABVAL;NACE11;UNIT_EUR;U_NP_0001;353
2010;7.;SPECU_ABVAL;NACE12;UNIT_EUR;U_NP_0001;710
2010;7.;SPECU_ABVAL;NACE13;UNIT_EUR;U_NP_0001;618
2010;7.;SPECU_ABVAL;NACE14;UNIT_EUR;U_NP_0001;1527
2010;7.;SPECU_ABVAL;NACE15;UNIT_EUR;U_NP_0001;820
2010;8.;SPECU_ABVAL;NACE01;UNIT_EUR;U_NP_0001;762
2010;8.;SPECU_ABVAL;NACE02;UNIT_EUR;U_NP_0001;782
2010;8.;SPECU_ABVAL;NACE03;UNIT_EUR;U_NP_0001;745
2010;8.;SPECU_ABVAL;NACE04;UNIT_EUR;U_NP_0001;1156
2010;8.;SPECU_ABVAL;NACE05;UNIT_EUR;U_NP_0001;743
2010;8.;SPECU_ABVAL;NACE06;UNIT_EUR;U_NP_0001;575
2010;8.;SPECU_ABVAL;NACE07;UNIT_EUR;U_NP_0001;706
2010;8.;SPECU_ABVAL;NACE08;UNIT_EUR;U_NP_0001;794
2010;8.;SPECU_ABVAL;NACE09;UNIT_EUR;U_NP_0001;595
2010;8.;SPECU_ABVAL;NACE10;UNIT_EUR;U_NP_0001;556
2010;8.;SPECU_ABVAL;NACE11;UNIT_EUR;U_NP_0001;355
2010;8.;SPECU_ABVAL;NACE12;UNIT_EUR;U_NP_0001;690
2010;8.;SPECU_ABVAL;NACE13;UNIT_EUR;U_NP_0001;609
2010;8.;SPECU_ABVAL;NACE14;UNIT_EUR;U_NP_0001;1515
2010;8.;SPECU_ABVAL;NACE15;UNIT_EUR;U_NP_0001;818
2010;9.;SPECU_ABVAL;NACE01;UNIT_EUR;U_NP_0001;781
2010;9.;SPECU_ABVAL;NACE02;UNIT_EUR;U_NP_0001;769
2010;9.;SPECU_ABVAL;NACE03;UNIT_EUR;U_NP_0001;760
2010;9.;SPECU_ABVAL;NACE04;UNIT_EUR;U_NP_0001;1258
2010;9.;SPECU_ABVAL;NACE05;UNIT_EUR;U_NP_0001;774
2010;9.;SPECU_ABVAL;NACE06;UNIT_EUR;U_NP_0001;568
2010;9.;SPECU_ABVAL;NACE07;UNIT_EUR;U_NP_0001;725
2010;9.;SPECU_ABVAL;NACE08;UNIT_EUR;U_NP_0001;809
2010;9.;SPECU_ABVAL;NACE09;UNIT_EUR;U_NP_0001;574
2010;9.;SPECU_ABVAL;NACE10;UNIT_EUR;U_NP_0001;553
2010;9.;SPECU_ABVAL;NACE11;UNIT_EUR;U_NP_0001;349
2010;9.;SPECU_ABVAL;NACE12;UNIT_EUR;U_NP_0001;703
2010;9.;SPECU_ABVAL;NACE13;UNIT_EUR;U_NP_0001;597
2010;9.;SPECU_ABVAL;NACE14;UNIT_EUR;U_NP_0001;1533
2010;9.;SPECU_ABVAL;NACE15;UNIT_EUR;U_NP_0001;826
2010;10.;SPECU_ABVAL;NACE01;UNIT_EUR;U_NP_0001;774
2010;10.;SPECU_ABVAL;NACE02;UNIT_EUR;U_NP_0001;765
2010;10.;SPECU_ABVAL;NACE03;UNIT_EUR;U_NP_0001;744
2010;10.;SPECU_ABVAL;NACE04;UNIT_EUR;U_NP_0001;1340
2010;10.;SPECU_ABVAL;NACE05;UNIT_EUR;U_NP_0001;851
2010;10.;SPECU_ABVAL;NACE06;UNIT_EUR;U_NP_0001;597
2010;10.;SPECU_ABVAL;NACE07;UNIT_EUR;U_NP_0001;722
2010;10.;SPECU_ABVAL;NACE08;UNIT_EUR;U_NP_0001;794
2010;10.;SPECU_ABVAL;NACE09;UNIT_EUR;U_NP_0001;588
2010;10.;SPECU_ABVAL;NACE10;UNIT_EUR;U_NP_0001;534
2010;10.;SPECU_ABVAL;NACE11;UNIT_EUR;U_NP_0001;357
2010;10.;SPECU_ABVAL;NACE12;UNIT_EUR;U_NP_0001;696
2010;10.;SPECU_ABVAL;NACE13;UNIT_EUR;U_NP_0001;593
2010;10.;SPECU_ABVAL;NACE14;UNIT_EUR;U_NP_0001;1447
2010;10.;SPECU_ABVAL;NACE15;UNIT_EUR;U_NP_0001;791
2010;11.;SPECU_ABVAL;NACE01;UNIT_EUR;U_NP_0001;925
2010;11.;SPECU_ABVAL;NACE02;UNIT_EUR;U_NP_0001;892
2010;11.;SPECU_ABVAL;NACE03;UNIT_EUR;U_NP_0001;899
2010;11.;SPECU_ABVAL;NACE04;UNIT_EUR;U_NP_0001;1530
2010;11.;SPECU_ABVAL;NACE05;UNIT_EUR;U_NP_0001;927
2010;11.;SPECU_ABVAL;NACE06;UNIT_EUR;U_NP_0001;633
2010;11.;SPECU_ABVAL;NACE07;UNIT_EUR;U_NP_0001;776
2010;11.;SPECU_ABVAL;NACE08;UNIT_EUR;U_NP_0001;864
2010;11.;SPECU_ABVAL;NACE09;UNIT_EUR;U_NP_0001;641
2010;11.;SPECU_ABVAL;NACE10;UNIT_EUR;U_NP_0001;545
2010;11.;SPECU_ABVAL;NACE11;UNIT_EUR;U_NP_0001;359
2010;11.;SPECU_ABVAL;NACE12;UNIT_EUR;U_NP_0001;784
2010;11.;SPECU_ABVAL;NACE13;UNIT_EUR;U_NP_0001;726
2010;11.;SPECU_ABVAL;NACE14;UNIT_EUR;U_NP_0001;1770
2010;11.;SPECU_ABVAL;NACE15;UNIT_EUR;U_NP_0001;968
2010;12.;SPECU_ABVAL;NACE01;UNIT_EUR;U_NP_0001;867
2010;12.;SPECU_ABVAL;NACE02;UNIT_EUR;U_NP_0001;867
2010;12.;SPECU_ABVAL;NACE03;UNIT_EUR;U_NP_0001;838
2010;12.;SPECU_ABVAL;NACE04;UNIT_EUR;U_NP_0001;1370
2010;12.;SPECU_ABVAL;NACE05;UNIT_EUR;U_NP_0001;994
2010;12.;SPECU_ABVAL;NACE06;UNIT_EUR;U_NP_0001;654
2010;12.;SPECU_ABVAL;NACE07;UNIT_EUR;U_NP_0001;796
2010;12.;SPECU_ABVAL;NACE08;UNIT_EUR;U_NP_0001;920
2010;12.;SPECU_ABVAL;NACE09;UNIT_EUR;U_NP_0001;617
2010;12.;SPECU_ABVAL;NACE10;UNIT_EUR;U_NP_0001;554
2010;12.;SPECU_ABVAL;NACE11;UNIT_EUR;U_NP_0001;357
2010;12.;SPECU_ABVAL;NACE12;UNIT_EUR;U_NP_0001;777
2010;12.;SPECU_ABVAL;NACE13;UNIT_EUR;U_NP_0001;670
2010;12.;SPECU_ABVAL;NACE14;UNIT_EUR;U_NP_0001;1775
2010;12.;SPECU_ABVAL;NACE15;UNIT_EUR;U_NP_0001;882
2010;1. - 12.;SPECU_ABVAL;NACE01;UNIT_EUR;U_NP_0001;794
2010;1. - 12.;SPECU_ABVAL;NACE02;UNIT_EUR;U_NP_0001;797
2010;1. - 12.;SPECU_ABVAL;NACE03;UNIT_EUR;U_NP_0001;771
2010;1. - 12.;SPECU_ABVAL;NACE04;UNIT_EUR;U_NP_0001;1268
2010;1. - 12.;SPECU_ABVAL;NACE05;UNIT_EUR;U_NP_0001;805
2010;1. - 12.;SPECU_ABVAL;NACE06;UNIT_EUR;U_NP_0001;579
2010;1. - 12.;SPECU_ABVAL;NACE07;UNIT_EUR;U_NP_0001;724
2010;1. - 12.;SPECU_ABVAL;NACE08;UNIT_EUR;U_NP_0001;817
2010;1. - 12.;SPECU_ABVAL;NACE09;UNIT_EUR;U_NP_0001;596
2010;1. - 12.;SPECU_ABVAL;NACE10;UNIT_EUR;U_NP_0001;543
2010;1. - 12.;SPECU_ABVAL;NACE11;UNIT_EUR;U_NP_0001;354
2010;1. - 12.;SPECU_ABVAL;NACE12;UNIT_EUR;U_NP_0001;711
2010;1. - 12.;SPECU_ABVAL;NACE13;UNIT_EUR;U_NP_0001;619
2010;1. - 12.;SPECU_ABVAL;NACE14;UNIT_EUR;U_NP_0001;1574
2010;1. - 12.;SPECU_ABVAL;NACE15;UNIT_EUR;U_NP_0001;833
