Kód kocky;Názov
og2021qs;"Ekonomické subjekty podľa právnych foriem a ekonomických činností (SK NACE Rev. 2)"
Posledná aktualizácia;30.01.2026

Kód dimenzie;Kód dimenzie;Kód dimenzie;Kód dimenzie;Data
og2021qs_rok;og2021qs_stv;og2021qs_form;og2021qs_nace2
Kód Elementu;Kód Elementu;Kód Elementu;Kód Elementu;Hodnota
2025;1.Q.;05frm00;nace1;698267
2025;1.Q.;05frm00;nace2AA;23869
2025;1.Q.;05frm00;nace2BA;442
2025;1.Q.;05frm00;nace2C;82263
2025;1.Q.;05frm00;nace2CA;6155
2025;1.Q.;05frm00;nace2CB;5955
2025;1.Q.;05frm00;nace2CC;14514
2025;1.Q.;05frm00;nace2CD;29
2025;1.Q.;05frm00;nace2CE;594
2025;1.Q.;05frm00;nace2CF;29
2025;1.Q.;05frm00;nace2CG;4141
2025;1.Q.;05frm00;nace2CH;33478
2025;1.Q.;05frm00;nace2CI;2390
2025;1.Q.;05frm00;nace2CJ;1873
2025;1.Q.;05frm00;nace2CK;2037
2025;1.Q.;05frm00;nace2CL;1596
2025;1.Q.;05frm00;nace2CM;9472
2025;1.Q.;05frm00;nace2DA;811
2025;1.Q.;05frm00;nace2EA;2163
2025;1.Q.;05frm00;nace2FA;127442
2025;1.Q.;05frm00;nace2GA;94685
2025;1.Q.;05frm00;nace2HA;26667
2025;1.Q.;05frm00;nace2IA;20088
2025;1.Q.;05frm00;nace2JA;6321
2025;1.Q.;05frm00;nace2JB;280
2025;1.Q.;05frm00;nace2JC;26130
2025;1.Q.;05frm00;nace2KA;11637
2025;1.Q.;05frm00;nace2LA;21356
2025;1.Q.;05frm00;nace2MA;70221
2025;1.Q.;05frm00;nace2MB;1132
2025;1.Q.;05frm00;nace2MC;28406
2025;1.Q.;05frm00;nace2NA;63222
2025;1.Q.;05frm00;nace2OA;3236
2025;1.Q.;05frm00;nace2PA;13910
2025;1.Q.;05frm00;nace2QA;9259
2025;1.Q.;05frm00;nace2QB;2259
2025;1.Q.;05frm00;nace2RA;16329
2025;1.Q.;05frm00;nace2SA;46139
2025;1.Q.;05frm00;nace2ZZ;
2025;1.Q.;05frm010;nace1;659974
2025;1.Q.;05frm010;nace2AA;23864
2025;1.Q.;05frm010;nace2BA;442
2025;1.Q.;05frm010;nace2C;82249
2025;1.Q.;05frm010;nace2CA;6149
2025;1.Q.;05frm010;nace2CB;5955
2025;1.Q.;05frm010;nace2CC;14508
2025;1.Q.;05frm010;nace2CD;29
2025;1.Q.;05frm010;nace2CE;594
2025;1.Q.;05frm010;nace2CF;29
2025;1.Q.;05frm010;nace2CG;4140
2025;1.Q.;05frm010;nace2CH;33477
2025;1.Q.;05frm010;nace2CI;2390
2025;1.Q.;05frm010;nace2CJ;1873
2025;1.Q.;05frm010;nace2CK;2037
2025;1.Q.;05frm010;nace2CL;1596
2025;1.Q.;05frm010;nace2CM;9472
2025;1.Q.;05frm010;nace2DA;810
2025;1.Q.;05frm010;nace2EA;2097
2025;1.Q.;05frm010;nace2FA;127406
2025;1.Q.;05frm010;nace2GA;94681
2025;1.Q.;05frm010;nace2HA;26640
2025;1.Q.;05frm010;nace2IA;20042
2025;1.Q.;05frm010;nace2JA;6308
2025;1.Q.;05frm010;nace2JB;280
2025;1.Q.;05frm010;nace2JC;26126
2025;1.Q.;05frm010;nace2KA;11630
2025;1.Q.;05frm010;nace2LA;18484
2025;1.Q.;05frm010;nace2MA;70200
2025;1.Q.;05frm010;nace2MB;1060
2025;1.Q.;05frm010;nace2MC;28400
2025;1.Q.;05frm010;nace2NA;63130
2025;1.Q.;05frm010;nace2OA;17
2025;1.Q.;05frm010;nace2PA;10092
2025;1.Q.;05frm010;nace2QA;9130
2025;1.Q.;05frm010;nace2QB;806
2025;1.Q.;05frm010;nace2RA;10507
2025;1.Q.;05frm010;nace2SA;25573
2025;1.Q.;05frm010;nace2ZZ;
2025;1.Q.;05frm011;nace1;271570
2025;1.Q.;05frm011;nace2AA;8285
2025;1.Q.;05frm011;nace2BA;358
2025;1.Q.;05frm011;nace2C;29914
2025;1.Q.;05frm011;nace2CA;3976
2025;1.Q.;05frm011;nace2CB;2374
2025;1.Q.;05frm011;nace2CC;5825
2025;1.Q.;05frm011;nace2CD;24
2025;1.Q.;05frm011;nace2CE;500
2025;1.Q.;05frm011;nace2CF;27
2025;1.Q.;05frm011;nace2CG;2072
2025;1.Q.;05frm011;nace2CH;6892
2025;1.Q.;05frm011;nace2CI;1532
2025;1.Q.;05frm011;nace2CJ;1176
2025;1.Q.;05frm011;nace2CK;1489
2025;1.Q.;05frm011;nace2CL;657
2025;1.Q.;05frm011;nace2CM;3370
2025;1.Q.;05frm011;nace2DA;524
2025;1.Q.;05frm011;nace2EA;1556
2025;1.Q.;05frm011;nace2FA;27952
2025;1.Q.;05frm011;nace2GA;39985
2025;1.Q.;05frm011;nace2HA;11036
2025;1.Q.;05frm011;nace2IA;10114
2025;1.Q.;05frm011;nace2JA;3282
2025;1.Q.;05frm011;nace2JB;256
2025;1.Q.;05frm011;nace2JC;15595
2025;1.Q.;05frm011;nace2KA;1362
2025;1.Q.;05frm011;nace2LA;16615
2025;1.Q.;05frm011;nace2MA;34115
2025;1.Q.;05frm011;nace2MB;708
2025;1.Q.;05frm011;nace2MC;12295
2025;1.Q.;05frm011;nace2NA;36748
2025;1.Q.;05frm011;nace2OA;17
2025;1.Q.;05frm011;nace2PA;4256
2025;1.Q.;05frm011;nace2QA;6553
2025;1.Q.;05frm011;nace2QB;384
2025;1.Q.;05frm011;nace2RA;4096
2025;1.Q.;05frm011;nace2SA;5564
2025;1.Q.;05frm011;nace2ZZ;
2025;1.Q.;05frm0120;nace1;388404
2025;1.Q.;05frm0120;nace2AA;15579
2025;1.Q.;05frm0120;nace2BA;84
2025;1.Q.;05frm0120;nace2C;52335
2025;1.Q.;05frm0120;nace2CA;2173
2025;1.Q.;05frm0120;nace2CB;3581
2025;1.Q.;05frm0120;nace2CC;8683
2025;1.Q.;05frm0120;nace2CD;5
2025;1.Q.;05frm0120;nace2CE;94
2025;1.Q.;05frm0120;nace2CF;2
2025;1.Q.;05frm0120;nace2CG;2068
2025;1.Q.;05frm0120;nace2CH;26585
2025;1.Q.;05frm0120;nace2CI;858
2025;1.Q.;05frm0120;nace2CJ;697
2025;1.Q.;05frm0120;nace2CK;548
2025;1.Q.;05frm0120;nace2CL;939
2025;1.Q.;05frm0120;nace2CM;6102
2025;1.Q.;05frm0120;nace2DA;286
2025;1.Q.;05frm0120;nace2EA;541
2025;1.Q.;05frm0120;nace2FA;99454
2025;1.Q.;05frm0120;nace2GA;54696
2025;1.Q.;05frm0120;nace2HA;15604
2025;1.Q.;05frm0120;nace2IA;9928
2025;1.Q.;05frm0120;nace2JA;3026
2025;1.Q.;05frm0120;nace2JB;24
2025;1.Q.;05frm0120;nace2JC;10531
2025;1.Q.;05frm0120;nace2KA;10268
2025;1.Q.;05frm0120;nace2LA;1869
2025;1.Q.;05frm0120;nace2MA;36085
2025;1.Q.;05frm0120;nace2MB;352
2025;1.Q.;05frm0120;nace2MC;16105
2025;1.Q.;05frm0120;nace2NA;26382
2025;1.Q.;05frm0120;nace2OA;
2025;1.Q.;05frm0120;nace2PA;5836
2025;1.Q.;05frm0120;nace2QA;2577
2025;1.Q.;05frm0120;nace2QB;422
2025;1.Q.;05frm0120;nace2RA;6411
2025;1.Q.;05frm0120;nace2SA;20009
2025;1.Q.;05frm0120;nace2ZZ;
2025;1.Q.;05frm0121;nace1;362854
2025;1.Q.;05frm0121;nace2AA;12568
2025;1.Q.;05frm0121;nace2BA;81
2025;1.Q.;05frm0121;nace2C;52320
2025;1.Q.;05frm0121;nace2CA;2159
2025;1.Q.;05frm0121;nace2CB;3581
2025;1.Q.;05frm0121;nace2CC;8683
2025;1.Q.;05frm0121;nace2CD;5
2025;1.Q.;05frm0121;nace2CE;94
2025;1.Q.;05frm0121;nace2CF;2
2025;1.Q.;05frm0121;nace2CG;2068
2025;1.Q.;05frm0121;nace2CH;26585
2025;1.Q.;05frm0121;nace2CI;858
2025;1.Q.;05frm0121;nace2CJ;697
2025;1.Q.;05frm0121;nace2CK;548
2025;1.Q.;05frm0121;nace2CL;939
2025;1.Q.;05frm0121;nace2CM;6101
2025;1.Q.;05frm0121;nace2DA;17
2025;1.Q.;05frm0121;nace2EA;541
2025;1.Q.;05frm0121;nace2FA;99452
2025;1.Q.;05frm0121;nace2GA;54674
2025;1.Q.;05frm0121;nace2HA;13812
2025;1.Q.;05frm0121;nace2IA;9928
2025;1.Q.;05frm0121;nace2JA;3026
2025;1.Q.;05frm0121;nace2JB;24
2025;1.Q.;05frm0121;nace2JC;10531
2025;1.Q.;05frm0121;nace2KA;2672
2025;1.Q.;05frm0121;nace2LA;1864
2025;1.Q.;05frm0121;nace2MA;30992
2025;1.Q.;05frm0121;nace2MB;352
2025;1.Q.;05frm0121;nace2MC;13607
2025;1.Q.;05frm0121;nace2NA;26314
2025;1.Q.;05frm0121;nace2OA;
2025;1.Q.;05frm0121;nace2PA;5836
2025;1.Q.;05frm0121;nace2QA;286
2025;1.Q.;05frm0121;nace2QB;415
2025;1.Q.;05frm0121;nace2RA;3534
2025;1.Q.;05frm0121;nace2SA;20008
2025;1.Q.;05frm0121;nace2ZZ;
2025;1.Q.;05frm12;nace1;38293
2025;1.Q.;05frm12;nace2AA;5
2025;1.Q.;05frm12;nace2BA;
2025;1.Q.;05frm12;nace2C;14
2025;1.Q.;05frm12;nace2CA;6
2025;1.Q.;05frm12;nace2CB;
2025;1.Q.;05frm12;nace2CC;6
2025;1.Q.;05frm12;nace2CD;
2025;1.Q.;05frm12;nace2CE;
2025;1.Q.;05frm12;nace2CF;
2025;1.Q.;05frm12;nace2CG;1
2025;1.Q.;05frm12;nace2CH;1
2025;1.Q.;05frm12;nace2CI;
2025;1.Q.;05frm12;nace2CJ;
2025;1.Q.;05frm12;nace2CK;
2025;1.Q.;05frm12;nace2CL;
2025;1.Q.;05frm12;nace2CM;
2025;1.Q.;05frm12;nace2DA;1
2025;1.Q.;05frm12;nace2EA;66
2025;1.Q.;05frm12;nace2FA;36
2025;1.Q.;05frm12;nace2GA;4
2025;1.Q.;05frm12;nace2HA;27
2025;1.Q.;05frm12;nace2IA;46
2025;1.Q.;05frm12;nace2JA;13
2025;1.Q.;05frm12;nace2JB;
2025;1.Q.;05frm12;nace2JC;4
2025;1.Q.;05frm12;nace2KA;7
2025;1.Q.;05frm12;nace2LA;2872
2025;1.Q.;05frm12;nace2MA;21
2025;1.Q.;05frm12;nace2MB;72
2025;1.Q.;05frm12;nace2MC;6
2025;1.Q.;05frm12;nace2NA;92
2025;1.Q.;05frm12;nace2OA;3219
2025;1.Q.;05frm12;nace2PA;3818
2025;1.Q.;05frm12;nace2QA;129
2025;1.Q.;05frm12;nace2QB;1453
2025;1.Q.;05frm12;nace2RA;5822
2025;1.Q.;05frm12;nace2SA;20566
2025;1.Q.;05frm12;nace2ZZ;
2025;2.Q.;05frm00;nace1;701580
2025;2.Q.;05frm00;nace2AA;23984
2025;2.Q.;05frm00;nace2BA;473
2025;2.Q.;05frm00;nace2C;81638
2025;2.Q.;05frm00;nace2CA;6170
2025;2.Q.;05frm00;nace2CB;5891
2025;2.Q.;05frm00;nace2CC;14399
2025;2.Q.;05frm00;nace2CD;28
2025;2.Q.;05frm00;nace2CE;606
2025;2.Q.;05frm00;nace2CF;30
2025;2.Q.;05frm00;nace2CG;4117
2025;2.Q.;05frm00;nace2CH;33077
2025;2.Q.;05frm00;nace2CI;2409
2025;2.Q.;05frm00;nace2CJ;1828
2025;2.Q.;05frm00;nace2CK;2042
2025;2.Q.;05frm00;nace2CL;1579
2025;2.Q.;05frm00;nace2CM;9462
2025;2.Q.;05frm00;nace2DA;818
2025;2.Q.;05frm00;nace2EA;2199
2025;2.Q.;05frm00;nace2FA;127250
2025;2.Q.;05frm00;nace2GA;93996
2025;2.Q.;05frm00;nace2HA;26677
2025;2.Q.;05frm00;nace2IA;20308
2025;2.Q.;05frm00;nace2JA;6322
2025;2.Q.;05frm00;nace2JB;279
2025;2.Q.;05frm00;nace2JC;26515
2025;2.Q.;05frm00;nace2KA;11683
2025;2.Q.;05frm00;nace2LA;21661
2025;2.Q.;05frm00;nace2MA;70249
2025;2.Q.;05frm00;nace2MB;1167
2025;2.Q.;05frm00;nace2MC;28714
2025;2.Q.;05frm00;nace2NA;65407
2025;2.Q.;05frm00;nace2OA;3236
2025;2.Q.;05frm00;nace2PA;13815
2025;2.Q.;05frm00;nace2QA;9272
2025;2.Q.;05frm00;nace2QB;2254
2025;2.Q.;05frm00;nace2RA;16610
2025;2.Q.;05frm00;nace2SA;47053
2025;2.Q.;05frm00;nace2ZZ;
2025;2.Q.;05frm010;nace1;662511
2025;2.Q.;05frm010;nace2AA;23979
2025;2.Q.;05frm010;nace2BA;473
2025;2.Q.;05frm010;nace2C;81623
2025;2.Q.;05frm010;nace2CA;6164
2025;2.Q.;05frm010;nace2CB;5890
2025;2.Q.;05frm010;nace2CC;14393
2025;2.Q.;05frm010;nace2CD;28
2025;2.Q.;05frm010;nace2CE;606
2025;2.Q.;05frm010;nace2CF;30
2025;2.Q.;05frm010;nace2CG;4116
2025;2.Q.;05frm010;nace2CH;33076
2025;2.Q.;05frm010;nace2CI;2409
2025;2.Q.;05frm010;nace2CJ;1828
2025;2.Q.;05frm010;nace2CK;2042
2025;2.Q.;05frm010;nace2CL;1579
2025;2.Q.;05frm010;nace2CM;9462
2025;2.Q.;05frm010;nace2DA;817
2025;2.Q.;05frm010;nace2EA;2133
2025;2.Q.;05frm010;nace2FA;127213
2025;2.Q.;05frm010;nace2GA;93992
2025;2.Q.;05frm010;nace2HA;26649
2025;2.Q.;05frm010;nace2IA;20262
2025;2.Q.;05frm010;nace2JA;6309
2025;2.Q.;05frm010;nace2JB;279
2025;2.Q.;05frm010;nace2JC;26511
2025;2.Q.;05frm010;nace2KA;11676
2025;2.Q.;05frm010;nace2LA;18789
2025;2.Q.;05frm010;nace2MA;70228
2025;2.Q.;05frm010;nace2MB;1095
2025;2.Q.;05frm010;nace2MC;28708
2025;2.Q.;05frm010;nace2NA;65313
2025;2.Q.;05frm010;nace2OA;17
2025;2.Q.;05frm010;nace2PA;9996
2025;2.Q.;05frm010;nace2QA;9142
2025;2.Q.;05frm010;nace2QB;792
2025;2.Q.;05frm010;nace2RA;10713
2025;2.Q.;05frm010;nace2SA;25802
2025;2.Q.;05frm010;nace2ZZ;
2025;2.Q.;05frm011;nace1;277331
2025;2.Q.;05frm011;nace2AA;8312
2025;2.Q.;05frm011;nace2BA;384
2025;2.Q.;05frm011;nace2C;30153
2025;2.Q.;05frm011;nace2CA;4012
2025;2.Q.;05frm011;nace2CB;2371
2025;2.Q.;05frm011;nace2CC;5856
2025;2.Q.;05frm011;nace2CD;24
2025;2.Q.;05frm011;nace2CE;515
2025;2.Q.;05frm011;nace2CF;28
2025;2.Q.;05frm011;nace2CG;2074
2025;2.Q.;05frm011;nace2CH;6941
2025;2.Q.;05frm011;nace2CI;1554
2025;2.Q.;05frm011;nace2CJ;1169
2025;2.Q.;05frm011;nace2CK;1515
2025;2.Q.;05frm011;nace2CL;675
2025;2.Q.;05frm011;nace2CM;3419
2025;2.Q.;05frm011;nace2DA;529
2025;2.Q.;05frm011;nace2EA;1598
2025;2.Q.;05frm011;nace2FA;28734
2025;2.Q.;05frm011;nace2GA;40043
2025;2.Q.;05frm011;nace2HA;11233
2025;2.Q.;05frm011;nace2IA;10318
2025;2.Q.;05frm011;nace2JA;3371
2025;2.Q.;05frm011;nace2JB;255
2025;2.Q.;05frm011;nace2JC;16228
2025;2.Q.;05frm011;nace2KA;1402
2025;2.Q.;05frm011;nace2LA;16956
2025;2.Q.;05frm011;nace2MA;34728
2025;2.Q.;05frm011;nace2MB;730
2025;2.Q.;05frm011;nace2MC;12455
2025;2.Q.;05frm011;nace2NA;38729
2025;2.Q.;05frm011;nace2OA;17
2025;2.Q.;05frm011;nace2PA;4260
2025;2.Q.;05frm011;nace2QA;6575
2025;2.Q.;05frm011;nace2QB;386
2025;2.Q.;05frm011;nace2RA;4211
2025;2.Q.;05frm011;nace2SA;5724
2025;2.Q.;05frm011;nace2ZZ;
2025;2.Q.;05frm0120;nace1;385180
2025;2.Q.;05frm0120;nace2AA;15667
2025;2.Q.;05frm0120;nace2BA;89
2025;2.Q.;05frm0120;nace2C;51470
2025;2.Q.;05frm0120;nace2CA;2152
2025;2.Q.;05frm0120;nace2CB;3519
2025;2.Q.;05frm0120;nace2CC;8537
2025;2.Q.;05frm0120;nace2CD;4
2025;2.Q.;05frm0120;nace2CE;91
2025;2.Q.;05frm0120;nace2CF;2
2025;2.Q.;05frm0120;nace2CG;2042
2025;2.Q.;05frm0120;nace2CH;26135
2025;2.Q.;05frm0120;nace2CI;855
2025;2.Q.;05frm0120;nace2CJ;659
2025;2.Q.;05frm0120;nace2CK;527
2025;2.Q.;05frm0120;nace2CL;904
2025;2.Q.;05frm0120;nace2CM;6043
2025;2.Q.;05frm0120;nace2DA;288
2025;2.Q.;05frm0120;nace2EA;535
2025;2.Q.;05frm0120;nace2FA;98479
2025;2.Q.;05frm0120;nace2GA;53949
2025;2.Q.;05frm0120;nace2HA;15416
2025;2.Q.;05frm0120;nace2IA;9944
2025;2.Q.;05frm0120;nace2JA;2938
2025;2.Q.;05frm0120;nace2JB;24
2025;2.Q.;05frm0120;nace2JC;10283
2025;2.Q.;05frm0120;nace2KA;10274
2025;2.Q.;05frm0120;nace2LA;1833
2025;2.Q.;05frm0120;nace2MA;35500
2025;2.Q.;05frm0120;nace2MB;365
2025;2.Q.;05frm0120;nace2MC;16253
2025;2.Q.;05frm0120;nace2NA;26584
2025;2.Q.;05frm0120;nace2OA;
2025;2.Q.;05frm0120;nace2PA;5736
2025;2.Q.;05frm0120;nace2QA;2567
2025;2.Q.;05frm0120;nace2QB;406
2025;2.Q.;05frm0120;nace2RA;6502
2025;2.Q.;05frm0120;nace2SA;20078
2025;2.Q.;05frm0120;nace2ZZ;
2025;2.Q.;05frm0121;nace1;359402
2025;2.Q.;05frm0121;nace2AA;12634
2025;2.Q.;05frm0121;nace2BA;86
2025;2.Q.;05frm0121;nace2C;51455
2025;2.Q.;05frm0121;nace2CA;2139
2025;2.Q.;05frm0121;nace2CB;3519
2025;2.Q.;05frm0121;nace2CC;8537
2025;2.Q.;05frm0121;nace2CD;4
2025;2.Q.;05frm0121;nace2CE;91
2025;2.Q.;05frm0121;nace2CF;2
2025;2.Q.;05frm0121;nace2CG;2042
2025;2.Q.;05frm0121;nace2CH;26135
2025;2.Q.;05frm0121;nace2CI;855
2025;2.Q.;05frm0121;nace2CJ;659
2025;2.Q.;05frm0121;nace2CK;527
2025;2.Q.;05frm0121;nace2CL;904
2025;2.Q.;05frm0121;nace2CM;6041
2025;2.Q.;05frm0121;nace2DA;17
2025;2.Q.;05frm0121;nace2EA;535
2025;2.Q.;05frm0121;nace2FA;98477
2025;2.Q.;05frm0121;nace2GA;53923
2025;2.Q.;05frm0121;nace2HA;13616
2025;2.Q.;05frm0121;nace2IA;9944
2025;2.Q.;05frm0121;nace2JA;2938
2025;2.Q.;05frm0121;nace2JB;24
2025;2.Q.;05frm0121;nace2JC;10283
2025;2.Q.;05frm0121;nace2KA;2604
2025;2.Q.;05frm0121;nace2LA;1828
2025;2.Q.;05frm0121;nace2MA;30391
2025;2.Q.;05frm0121;nace2MB;365
2025;2.Q.;05frm0121;nace2MC;13710
2025;2.Q.;05frm0121;nace2NA;26516
2025;2.Q.;05frm0121;nace2OA;
2025;2.Q.;05frm0121;nace2PA;5736
2025;2.Q.;05frm0121;nace2QA;281
2025;2.Q.;05frm0121;nace2QB;399
2025;2.Q.;05frm0121;nace2RA;3563
2025;2.Q.;05frm0121;nace2SA;20077
2025;2.Q.;05frm0121;nace2ZZ;
2025;2.Q.;05frm12;nace1;39069
2025;2.Q.;05frm12;nace2AA;5
2025;2.Q.;05frm12;nace2BA;
2025;2.Q.;05frm12;nace2C;15
2025;2.Q.;05frm12;nace2CA;6
2025;2.Q.;05frm12;nace2CB;1
2025;2.Q.;05frm12;nace2CC;6
2025;2.Q.;05frm12;nace2CD;
2025;2.Q.;05frm12;nace2CE;
2025;2.Q.;05frm12;nace2CF;
2025;2.Q.;05frm12;nace2CG;1
2025;2.Q.;05frm12;nace2CH;1
2025;2.Q.;05frm12;nace2CI;
2025;2.Q.;05frm12;nace2CJ;
2025;2.Q.;05frm12;nace2CK;
2025;2.Q.;05frm12;nace2CL;
2025;2.Q.;05frm12;nace2CM;
2025;2.Q.;05frm12;nace2DA;1
2025;2.Q.;05frm12;nace2EA;66
2025;2.Q.;05frm12;nace2FA;37
2025;2.Q.;05frm12;nace2GA;4
2025;2.Q.;05frm12;nace2HA;28
2025;2.Q.;05frm12;nace2IA;46
2025;2.Q.;05frm12;nace2JA;13
2025;2.Q.;05frm12;nace2JB;
2025;2.Q.;05frm12;nace2JC;4
2025;2.Q.;05frm12;nace2KA;7
2025;2.Q.;05frm12;nace2LA;2872
2025;2.Q.;05frm12;nace2MA;21
2025;2.Q.;05frm12;nace2MB;72
2025;2.Q.;05frm12;nace2MC;6
2025;2.Q.;05frm12;nace2NA;94
2025;2.Q.;05frm12;nace2OA;3219
2025;2.Q.;05frm12;nace2PA;3819
2025;2.Q.;05frm12;nace2QA;130
2025;2.Q.;05frm12;nace2QB;1462
2025;2.Q.;05frm12;nace2RA;5897
2025;2.Q.;05frm12;nace2SA;21251
2025;2.Q.;05frm12;nace2ZZ;
2025;3.Q.;05frm00;nace1;712323
2025;3.Q.;05frm00;nace2AA;24261
2025;3.Q.;05frm00;nace2BA;487
2025;3.Q.;05frm00;nace2C;82590
2025;3.Q.;05frm00;nace2CA;6218
2025;3.Q.;05frm00;nace2CB;5916
2025;3.Q.;05frm00;nace2CC;14488
2025;3.Q.;05frm00;nace2CD;30
2025;3.Q.;05frm00;nace2CE;616
2025;3.Q.;05frm00;nace2CF;30
2025;3.Q.;05frm00;nace2CG;4150
2025;3.Q.;05frm00;nace2CH;33376
2025;3.Q.;05frm00;nace2CI;2455
2025;3.Q.;05frm00;nace2CJ;1815
2025;3.Q.;05frm00;nace2CK;2068
2025;3.Q.;05frm00;nace2CL;1595
2025;3.Q.;05frm00;nace2CM;9833
2025;3.Q.;05frm00;nace2DA;820
2025;3.Q.;05frm00;nace2EA;2227
2025;3.Q.;05frm00;nace2FA;129595
2025;3.Q.;05frm00;nace2GA;93047
2025;3.Q.;05frm00;nace2HA;27213
2025;3.Q.;05frm00;nace2IA;20614
2025;3.Q.;05frm00;nace2JA;6385
2025;3.Q.;05frm00;nace2JB;280
2025;3.Q.;05frm00;nace2JC;27261
2025;3.Q.;05frm00;nace2KA;11920
2025;3.Q.;05frm00;nace2LA;22019
2025;3.Q.;05frm00;nace2MA;71267
2025;3.Q.;05frm00;nace2MB;1204
2025;3.Q.;05frm00;nace2MC;29166
2025;3.Q.;05frm00;nace2NA;68118
2025;3.Q.;05frm00;nace2OA;3236
2025;3.Q.;05frm00;nace2PA;13983
2025;3.Q.;05frm00;nace2QA;9276
2025;3.Q.;05frm00;nace2QB;2256
2025;3.Q.;05frm00;nace2RA;17077
2025;3.Q.;05frm00;nace2SA;48021
2025;3.Q.;05frm00;nace2ZZ;
2025;3.Q.;05frm010;nace1;672734
2025;3.Q.;05frm010;nace2AA;24256
2025;3.Q.;05frm010;nace2BA;487
2025;3.Q.;05frm010;nace2C;82575
2025;3.Q.;05frm010;nace2CA;6212
2025;3.Q.;05frm010;nace2CB;5915
2025;3.Q.;05frm010;nace2CC;14482
2025;3.Q.;05frm010;nace2CD;30
2025;3.Q.;05frm010;nace2CE;616
2025;3.Q.;05frm010;nace2CF;30
2025;3.Q.;05frm010;nace2CG;4149
2025;3.Q.;05frm010;nace2CH;33375
2025;3.Q.;05frm010;nace2CI;2455
2025;3.Q.;05frm010;nace2CJ;1815
2025;3.Q.;05frm010;nace2CK;2068
2025;3.Q.;05frm010;nace2CL;1595
2025;3.Q.;05frm010;nace2CM;9833
2025;3.Q.;05frm010;nace2DA;819
2025;3.Q.;05frm010;nace2EA;2161
2025;3.Q.;05frm010;nace2FA;129556
2025;3.Q.;05frm010;nace2GA;93043
2025;3.Q.;05frm010;nace2HA;27185
2025;3.Q.;05frm010;nace2IA;20566
2025;3.Q.;05frm010;nace2JA;6372
2025;3.Q.;05frm010;nace2JB;280
2025;3.Q.;05frm010;nace2JC;27257
2025;3.Q.;05frm010;nace2KA;11913
2025;3.Q.;05frm010;nace2LA;19143
2025;3.Q.;05frm010;nace2MA;71245
2025;3.Q.;05frm010;nace2MB;1132
2025;3.Q.;05frm010;nace2MC;29160
2025;3.Q.;05frm010;nace2NA;68020
2025;3.Q.;05frm010;nace2OA;17
2025;3.Q.;05frm010;nace2PA;10176
2025;3.Q.;05frm010;nace2QA;9146
2025;3.Q.;05frm010;nace2QB;786
2025;3.Q.;05frm010;nace2RA;11130
2025;3.Q.;05frm010;nace2SA;26309
2025;3.Q.;05frm010;nace2ZZ;
2025;3.Q.;05frm011;nace1;283011
2025;3.Q.;05frm011;nace2AA;8413
2025;3.Q.;05frm011;nace2BA;392
2025;3.Q.;05frm011;nace2C;30532
2025;3.Q.;05frm011;nace2CA;4046
2025;3.Q.;05frm011;nace2CB;2385
2025;3.Q.;05frm011;nace2CC;5918
2025;3.Q.;05frm011;nace2CD;26
2025;3.Q.;05frm011;nace2CE;522
2025;3.Q.;05frm011;nace2CF;28
2025;3.Q.;05frm011;nace2CG;2088
2025;3.Q.;05frm011;nace2CH;7005
2025;3.Q.;05frm011;nace2CI;1587
2025;3.Q.;05frm011;nace2CJ;1168
2025;3.Q.;05frm011;nace2CK;1534
2025;3.Q.;05frm011;nace2CL;687
2025;3.Q.;05frm011;nace2CM;3538
2025;3.Q.;05frm011;nace2DA;528
2025;3.Q.;05frm011;nace2EA;1630
2025;3.Q.;05frm011;nace2FA;29407
2025;3.Q.;05frm011;nace2GA;40083
2025;3.Q.;05frm011;nace2HA;11399
2025;3.Q.;05frm011;nace2IA;10528
2025;3.Q.;05frm011;nace2JA;3429
2025;3.Q.;05frm011;nace2JB;256
2025;3.Q.;05frm011;nace2JC;16789
2025;3.Q.;05frm011;nace2KA;1430
2025;3.Q.;05frm011;nace2LA;17245
2025;3.Q.;05frm011;nace2MA;35351
2025;3.Q.;05frm011;nace2MB;755
2025;3.Q.;05frm011;nace2MC;12676
2025;3.Q.;05frm011;nace2NA;40633
2025;3.Q.;05frm011;nace2OA;17
2025;3.Q.;05frm011;nace2PA;4338
2025;3.Q.;05frm011;nace2QA;6575
2025;3.Q.;05frm011;nace2QB;391
2025;3.Q.;05frm011;nace2RA;4302
2025;3.Q.;05frm011;nace2SA;5912
2025;3.Q.;05frm011;nace2ZZ;
2025;3.Q.;05frm0120;nace1;389723
2025;3.Q.;05frm0120;nace2AA;15843
2025;3.Q.;05frm0120;nace2BA;95
2025;3.Q.;05frm0120;nace2C;52043
2025;3.Q.;05frm0120;nace2CA;2166
2025;3.Q.;05frm0120;nace2CB;3530
2025;3.Q.;05frm0120;nace2CC;8564
2025;3.Q.;05frm0120;nace2CD;4
2025;3.Q.;05frm0120;nace2CE;94
2025;3.Q.;05frm0120;nace2CF;2
2025;3.Q.;05frm0120;nace2CG;2061
2025;3.Q.;05frm0120;nace2CH;26370
2025;3.Q.;05frm0120;nace2CI;868
2025;3.Q.;05frm0120;nace2CJ;647
2025;3.Q.;05frm0120;nace2CK;534
2025;3.Q.;05frm0120;nace2CL;908
2025;3.Q.;05frm0120;nace2CM;6295
2025;3.Q.;05frm0120;nace2DA;291
2025;3.Q.;05frm0120;nace2EA;531
2025;3.Q.;05frm0120;nace2FA;100149
2025;3.Q.;05frm0120;nace2GA;52960
2025;3.Q.;05frm0120;nace2HA;15786
2025;3.Q.;05frm0120;nace2IA;10038
2025;3.Q.;05frm0120;nace2JA;2943
2025;3.Q.;05frm0120;nace2JB;24
2025;3.Q.;05frm0120;nace2JC;10468
2025;3.Q.;05frm0120;nace2KA;10483
2025;3.Q.;05frm0120;nace2LA;1898
2025;3.Q.;05frm0120;nace2MA;35894
2025;3.Q.;05frm0120;nace2MB;377
2025;3.Q.;05frm0120;nace2MC;16484
2025;3.Q.;05frm0120;nace2NA;27387
2025;3.Q.;05frm0120;nace2OA;
2025;3.Q.;05frm0120;nace2PA;5838
2025;3.Q.;05frm0120;nace2QA;2571
2025;3.Q.;05frm0120;nace2QB;395
2025;3.Q.;05frm0120;nace2RA;6828
2025;3.Q.;05frm0120;nace2SA;20397
2025;3.Q.;05frm0120;nace2ZZ;
2025;3.Q.;05frm0121;nace1;363397
2025;3.Q.;05frm0121;nace2AA;12784
2025;3.Q.;05frm0121;nace2BA;92
2025;3.Q.;05frm0121;nace2C;52028
2025;3.Q.;05frm0121;nace2CA;2153
2025;3.Q.;05frm0121;nace2CB;3530
2025;3.Q.;05frm0121;nace2CC;8564
2025;3.Q.;05frm0121;nace2CD;4
2025;3.Q.;05frm0121;nace2CE;94
2025;3.Q.;05frm0121;nace2CF;2
2025;3.Q.;05frm0121;nace2CG;2061
2025;3.Q.;05frm0121;nace2CH;26370
2025;3.Q.;05frm0121;nace2CI;868
2025;3.Q.;05frm0121;nace2CJ;647
2025;3.Q.;05frm0121;nace2CK;534
2025;3.Q.;05frm0121;nace2CL;908
2025;3.Q.;05frm0121;nace2CM;6293
2025;3.Q.;05frm0121;nace2DA;17
2025;3.Q.;05frm0121;nace2EA;531
2025;3.Q.;05frm0121;nace2FA;100147
2025;3.Q.;05frm0121;nace2GA;52934
2025;3.Q.;05frm0121;nace2HA;13952
2025;3.Q.;05frm0121;nace2IA;10038
2025;3.Q.;05frm0121;nace2JA;2943
2025;3.Q.;05frm0121;nace2JB;24
2025;3.Q.;05frm0121;nace2JC;10468
2025;3.Q.;05frm0121;nace2KA;2611
2025;3.Q.;05frm0121;nace2LA;1893
2025;3.Q.;05frm0121;nace2MA;30795
2025;3.Q.;05frm0121;nace2MB;377
2025;3.Q.;05frm0121;nace2MC;13856
2025;3.Q.;05frm0121;nace2NA;27316
2025;3.Q.;05frm0121;nace2OA;
2025;3.Q.;05frm0121;nace2PA;5838
2025;3.Q.;05frm0121;nace2QA;284
2025;3.Q.;05frm0121;nace2QB;388
2025;3.Q.;05frm0121;nace2RA;3686
2025;3.Q.;05frm0121;nace2SA;20395
2025;3.Q.;05frm0121;nace2ZZ;
2025;3.Q.;05frm12;nace1;39589
2025;3.Q.;05frm12;nace2AA;5
2025;3.Q.;05frm12;nace2BA;
2025;3.Q.;05frm12;nace2C;15
2025;3.Q.;05frm12;nace2CA;6
2025;3.Q.;05frm12;nace2CB;1
2025;3.Q.;05frm12;nace2CC;6
2025;3.Q.;05frm12;nace2CD;
2025;3.Q.;05frm12;nace2CE;
2025;3.Q.;05frm12;nace2CF;
2025;3.Q.;05frm12;nace2CG;1
2025;3.Q.;05frm12;nace2CH;1
2025;3.Q.;05frm12;nace2CI;
2025;3.Q.;05frm12;nace2CJ;
2025;3.Q.;05frm12;nace2CK;
2025;3.Q.;05frm12;nace2CL;
2025;3.Q.;05frm12;nace2CM;
2025;3.Q.;05frm12;nace2DA;1
2025;3.Q.;05frm12;nace2EA;66
2025;3.Q.;05frm12;nace2FA;39
2025;3.Q.;05frm12;nace2GA;4
2025;3.Q.;05frm12;nace2HA;28
2025;3.Q.;05frm12;nace2IA;48
2025;3.Q.;05frm12;nace2JA;13
2025;3.Q.;05frm12;nace2JB;
2025;3.Q.;05frm12;nace2JC;4
2025;3.Q.;05frm12;nace2KA;7
2025;3.Q.;05frm12;nace2LA;2876
2025;3.Q.;05frm12;nace2MA;22
2025;3.Q.;05frm12;nace2MB;72
2025;3.Q.;05frm12;nace2MC;6
2025;3.Q.;05frm12;nace2NA;98
2025;3.Q.;05frm12;nace2OA;3219
2025;3.Q.;05frm12;nace2PA;3807
2025;3.Q.;05frm12;nace2QA;130
2025;3.Q.;05frm12;nace2QB;1470
2025;3.Q.;05frm12;nace2RA;5947
2025;3.Q.;05frm12;nace2SA;21712
2025;3.Q.;05frm12;nace2ZZ;
2025;4.Q.;05frm00;nace1;710929
2025;4.Q.;05frm00;nace2AA;24011
2025;4.Q.;05frm00;nace2BA;491
2025;4.Q.;05frm00;nace2C;81790
2025;4.Q.;05frm00;nace2CA;6186
2025;4.Q.;05frm00;nace2CB;5834
2025;4.Q.;05frm00;nace2CC;14310
2025;4.Q.;05frm00;nace2CD;31
2025;4.Q.;05frm00;nace2CE;622
2025;4.Q.;05frm00;nace2CF;29
2025;4.Q.;05frm00;nace2CG;4118
2025;4.Q.;05frm00;nace2CH;32867
2025;4.Q.;05frm00;nace2CI;2466
2025;4.Q.;05frm00;nace2CJ;1792
2025;4.Q.;05frm00;nace2CK;2073
2025;4.Q.;05frm00;nace2CL;1604
2025;4.Q.;05frm00;nace2CM;9858
2025;4.Q.;05frm00;nace2DA;821
2025;4.Q.;05frm00;nace2EA;2234
2025;4.Q.;05frm00;nace2FA;128477
2025;4.Q.;05frm00;nace2GA;91563
2025;4.Q.;05frm00;nace2HA;27093
2025;4.Q.;05frm00;nace2IA;20513
2025;4.Q.;05frm00;nace2JA;6362
2025;4.Q.;05frm00;nace2JB;281
2025;4.Q.;05frm00;nace2JC;27481
2025;4.Q.;05frm00;nace2KA;12022
2025;4.Q.;05frm00;nace2LA;22161
2025;4.Q.;05frm00;nace2MA;71306
2025;4.Q.;05frm00;nace2MB;1189
2025;4.Q.;05frm00;nace2MC;29009
2025;4.Q.;05frm00;nace2NA;69412
2025;4.Q.;05frm00;nace2OA;3238
2025;4.Q.;05frm00;nace2PA;13997
2025;4.Q.;05frm00;nace2QA;9301
2025;4.Q.;05frm00;nace2QB;2253
2025;4.Q.;05frm00;nace2RA;17210
2025;4.Q.;05frm00;nace2SA;48714
2025;4.Q.;05frm00;nace2ZZ;
2025;4.Q.;05frm010;nace1;670628
2025;4.Q.;05frm010;nace2AA;24006
2025;4.Q.;05frm010;nace2BA;491
2025;4.Q.;05frm010;nace2C;81776
2025;4.Q.;05frm010;nace2CA;6180
2025;4.Q.;05frm010;nace2CB;5834
2025;4.Q.;05frm010;nace2CC;14304
2025;4.Q.;05frm010;nace2CD;31
2025;4.Q.;05frm010;nace2CE;622
2025;4.Q.;05frm010;nace2CF;29
2025;4.Q.;05frm010;nace2CG;4117
2025;4.Q.;05frm010;nace2CH;32866
2025;4.Q.;05frm010;nace2CI;2466
2025;4.Q.;05frm010;nace2CJ;1792
2025;4.Q.;05frm010;nace2CK;2073
2025;4.Q.;05frm010;nace2CL;1604
2025;4.Q.;05frm010;nace2CM;9858
2025;4.Q.;05frm010;nace2DA;820
2025;4.Q.;05frm010;nace2EA;2168
2025;4.Q.;05frm010;nace2FA;128436
2025;4.Q.;05frm010;nace2GA;91559
2025;4.Q.;05frm010;nace2HA;27065
2025;4.Q.;05frm010;nace2IA;20464
2025;4.Q.;05frm010;nace2JA;6349
2025;4.Q.;05frm010;nace2JB;281
2025;4.Q.;05frm010;nace2JC;27477
2025;4.Q.;05frm010;nace2KA;12015
2025;4.Q.;05frm010;nace2LA;19281
2025;4.Q.;05frm010;nace2MA;71284
2025;4.Q.;05frm010;nace2MB;1117
2025;4.Q.;05frm010;nace2MC;29003
2025;4.Q.;05frm010;nace2NA;69312
2025;4.Q.;05frm010;nace2OA;18
2025;4.Q.;05frm010;nace2PA;10173
2025;4.Q.;05frm010;nace2QA;9170
2025;4.Q.;05frm010;nace2QB;775
2025;4.Q.;05frm010;nace2RA;11211
2025;4.Q.;05frm010;nace2SA;26377
2025;4.Q.;05frm010;nace2ZZ;
2025;4.Q.;05frm011;nace1;288577
2025;4.Q.;05frm011;nace2AA;8554
2025;4.Q.;05frm011;nace2BA;397
2025;4.Q.;05frm011;nace2C;31000
2025;4.Q.;05frm011;nace2CA;4085
2025;4.Q.;05frm011;nace2CB;2416
2025;4.Q.;05frm011;nace2CC;5966
2025;4.Q.;05frm011;nace2CD;27
2025;4.Q.;05frm011;nace2CE;532
2025;4.Q.;05frm011;nace2CF;27
2025;4.Q.;05frm011;nace2CG;2099
2025;4.Q.;05frm011;nace2CH;7092
2025;4.Q.;05frm011;nace2CI;1618
2025;4.Q.;05frm011;nace2CJ;1170
2025;4.Q.;05frm011;nace2CK;1551
2025;4.Q.;05frm011;nace2CL;705
2025;4.Q.;05frm011;nace2CM;3712
2025;4.Q.;05frm011;nace2DA;530
2025;4.Q.;05frm011;nace2EA;1642
2025;4.Q.;05frm011;nace2FA;29981
2025;4.Q.;05frm011;nace2GA;40013
2025;4.Q.;05frm011;nace2HA;11580
2025;4.Q.;05frm011;nace2IA;10797
2025;4.Q.;05frm011;nace2JA;3488
2025;4.Q.;05frm011;nace2JB;257
2025;4.Q.;05frm011;nace2JC;17315
2025;4.Q.;05frm011;nace2KA;1469
2025;4.Q.;05frm011;nace2LA;17442
2025;4.Q.;05frm011;nace2MA;35962
2025;4.Q.;05frm011;nace2MB;761
2025;4.Q.;05frm011;nace2MC;12979
2025;4.Q.;05frm011;nace2NA;42481
2025;4.Q.;05frm011;nace2OA;18
2025;4.Q.;05frm011;nace2PA;4409
2025;4.Q.;05frm011;nace2QA;6580
2025;4.Q.;05frm011;nace2QB;391
2025;4.Q.;05frm011;nace2RA;4444
2025;4.Q.;05frm011;nace2SA;6087
2025;4.Q.;05frm011;nace2ZZ;
2025;4.Q.;05frm0120;nace1;382051
2025;4.Q.;05frm0120;nace2AA;15452
2025;4.Q.;05frm0120;nace2BA;94
2025;4.Q.;05frm0120;nace2C;50776
2025;4.Q.;05frm0120;nace2CA;2095
2025;4.Q.;05frm0120;nace2CB;3418
2025;4.Q.;05frm0120;nace2CC;8338
2025;4.Q.;05frm0120;nace2CD;4
2025;4.Q.;05frm0120;nace2CE;90
2025;4.Q.;05frm0120;nace2CF;2
2025;4.Q.;05frm0120;nace2CG;2018
2025;4.Q.;05frm0120;nace2CH;25774
2025;4.Q.;05frm0120;nace2CI;848
2025;4.Q.;05frm0120;nace2CJ;622
2025;4.Q.;05frm0120;nace2CK;522
2025;4.Q.;05frm0120;nace2CL;899
2025;4.Q.;05frm0120;nace2CM;6146
2025;4.Q.;05frm0120;nace2DA;290
2025;4.Q.;05frm0120;nace2EA;526
2025;4.Q.;05frm0120;nace2FA;98455
2025;4.Q.;05frm0120;nace2GA;51546
2025;4.Q.;05frm0120;nace2HA;15485
2025;4.Q.;05frm0120;nace2IA;9667
2025;4.Q.;05frm0120;nace2JA;2861
2025;4.Q.;05frm0120;nace2JB;24
2025;4.Q.;05frm0120;nace2JC;10162
2025;4.Q.;05frm0120;nace2KA;10546
2025;4.Q.;05frm0120;nace2LA;1839
2025;4.Q.;05frm0120;nace2MA;35322
2025;4.Q.;05frm0120;nace2MB;356
2025;4.Q.;05frm0120;nace2MC;16024
2025;4.Q.;05frm0120;nace2NA;26831
2025;4.Q.;05frm0120;nace2OA;
2025;4.Q.;05frm0120;nace2PA;5764
2025;4.Q.;05frm0120;nace2QA;2590
2025;4.Q.;05frm0120;nace2QB;384
2025;4.Q.;05frm0120;nace2RA;6767
2025;4.Q.;05frm0120;nace2SA;20290
2025;4.Q.;05frm0120;nace2ZZ;
2025;4.Q.;05frm0121;nace1;355677
2025;4.Q.;05frm0121;nace2AA;12399
2025;4.Q.;05frm0121;nace2BA;91
2025;4.Q.;05frm0121;nace2C;50761
2025;4.Q.;05frm0121;nace2CA;2082
2025;4.Q.;05frm0121;nace2CB;3418
2025;4.Q.;05frm0121;nace2CC;8338
2025;4.Q.;05frm0121;nace2CD;4
2025;4.Q.;05frm0121;nace2CE;90
2025;4.Q.;05frm0121;nace2CF;2
2025;4.Q.;05frm0121;nace2CG;2018
2025;4.Q.;05frm0121;nace2CH;25774
2025;4.Q.;05frm0121;nace2CI;848
2025;4.Q.;05frm0121;nace2CJ;622
2025;4.Q.;05frm0121;nace2CK;522
2025;4.Q.;05frm0121;nace2CL;899
2025;4.Q.;05frm0121;nace2CM;6144
2025;4.Q.;05frm0121;nace2DA;16
2025;4.Q.;05frm0121;nace2EA;526
2025;4.Q.;05frm0121;nace2FA;98451
2025;4.Q.;05frm0121;nace2GA;51516
2025;4.Q.;05frm0121;nace2HA;13654
2025;4.Q.;05frm0121;nace2IA;9666
2025;4.Q.;05frm0121;nace2JA;2861
2025;4.Q.;05frm0121;nace2JB;24
2025;4.Q.;05frm0121;nace2JC;10161
2025;4.Q.;05frm0121;nace2KA;2702
2025;4.Q.;05frm0121;nace2LA;1835
2025;4.Q.;05frm0121;nace2MA;30229
2025;4.Q.;05frm0121;nace2MB;356
2025;4.Q.;05frm0121;nace2MC;13346
2025;4.Q.;05frm0121;nace2NA;26753
2025;4.Q.;05frm0121;nace2OA;
2025;4.Q.;05frm0121;nace2PA;5764
2025;4.Q.;05frm0121;nace2QA;279
2025;4.Q.;05frm0121;nace2QB;377
2025;4.Q.;05frm0121;nace2RA;3622
2025;4.Q.;05frm0121;nace2SA;20288
2025;4.Q.;05frm0121;nace2ZZ;
2025;4.Q.;05frm12;nace1;40301
2025;4.Q.;05frm12;nace2AA;5
2025;4.Q.;05frm12;nace2BA;
2025;4.Q.;05frm12;nace2C;14
2025;4.Q.;05frm12;nace2CA;6
2025;4.Q.;05frm12;nace2CB;
2025;4.Q.;05frm12;nace2CC;6
2025;4.Q.;05frm12;nace2CD;
2025;4.Q.;05frm12;nace2CE;
2025;4.Q.;05frm12;nace2CF;
2025;4.Q.;05frm12;nace2CG;1
2025;4.Q.;05frm12;nace2CH;1
2025;4.Q.;05frm12;nace2CI;
2025;4.Q.;05frm12;nace2CJ;
2025;4.Q.;05frm12;nace2CK;
2025;4.Q.;05frm12;nace2CL;
2025;4.Q.;05frm12;nace2CM;
2025;4.Q.;05frm12;nace2DA;1
2025;4.Q.;05frm12;nace2EA;66
2025;4.Q.;05frm12;nace2FA;41
2025;4.Q.;05frm12;nace2GA;4
2025;4.Q.;05frm12;nace2HA;28
2025;4.Q.;05frm12;nace2IA;49
2025;4.Q.;05frm12;nace2JA;13
2025;4.Q.;05frm12;nace2JB;
2025;4.Q.;05frm12;nace2JC;4
2025;4.Q.;05frm12;nace2KA;7
2025;4.Q.;05frm12;nace2LA;2880
2025;4.Q.;05frm12;nace2MA;22
2025;4.Q.;05frm12;nace2MB;72
2025;4.Q.;05frm12;nace2MC;6
2025;4.Q.;05frm12;nace2NA;100
2025;4.Q.;05frm12;nace2OA;3220
2025;4.Q.;05frm12;nace2PA;3824
2025;4.Q.;05frm12;nace2QA;131
2025;4.Q.;05frm12;nace2QB;1478
2025;4.Q.;05frm12;nace2RA;5999
2025;4.Q.;05frm12;nace2SA;22337
2025;4.Q.;05frm12;nace2ZZ;
2024;1.Q.;05frm00;nace1;703982
2024;1.Q.;05frm00;nace2AA;24349
2024;1.Q.;05frm00;nace2BA;378
2024;1.Q.;05frm00;nace2C;85536
2024;1.Q.;05frm00;nace2CA;6237
2024;1.Q.;05frm00;nace2CB;6197
2024;1.Q.;05frm00;nace2CC;15277
2024;1.Q.;05frm00;nace2CD;29
2024;1.Q.;05frm00;nace2CE;601
2024;1.Q.;05frm00;nace2CF;29
2024;1.Q.;05frm00;nace2CG;4276
2024;1.Q.;05frm00;nace2CH;35141
2024;1.Q.;05frm00;nace2CI;2279
2024;1.Q.;05frm00;nace2CJ;2016
2024;1.Q.;05frm00;nace2CK;1999
2024;1.Q.;05frm00;nace2CL;1618
2024;1.Q.;05frm00;nace2CM;9837
2024;1.Q.;05frm00;nace2DA;834
2024;1.Q.;05frm00;nace2EA;2179
2024;1.Q.;05frm00;nace2FA;128710
2024;1.Q.;05frm00;nace2GA;101077
2024;1.Q.;05frm00;nace2HA;27501
2024;1.Q.;05frm00;nace2IA;20691
2024;1.Q.;05frm00;nace2JA;6508
2024;1.Q.;05frm00;nace2JB;296
2024;1.Q.;05frm00;nace2JC;26274
2024;1.Q.;05frm00;nace2KA;11926
2024;1.Q.;05frm00;nace2LA;21438
2024;1.Q.;05frm00;nace2MA;69545
2024;1.Q.;05frm00;nace2MB;1117
2024;1.Q.;05frm00;nace2MC;28014
2024;1.Q.;05frm00;nace2NA;58426
2024;1.Q.;05frm00;nace2OA;3233
2024;1.Q.;05frm00;nace2PA;13856
2024;1.Q.;05frm00;nace2QA;9353
2024;1.Q.;05frm00;nace2QB;2304
2024;1.Q.;05frm00;nace2RA;15487
2024;1.Q.;05frm00;nace2SA;44950
2024;1.Q.;05frm00;nace2ZZ;
2024;1.Q.;05frm010;nace1;666237
2024;1.Q.;05frm010;nace2AA;24342
2024;1.Q.;05frm010;nace2BA;378
2024;1.Q.;05frm010;nace2C;85521
2024;1.Q.;05frm010;nace2CA;6230
2024;1.Q.;05frm010;nace2CB;6197
2024;1.Q.;05frm010;nace2CC;15271
2024;1.Q.;05frm010;nace2CD;29
2024;1.Q.;05frm010;nace2CE;601
2024;1.Q.;05frm010;nace2CF;29
2024;1.Q.;05frm010;nace2CG;4275
2024;1.Q.;05frm010;nace2CH;35140
2024;1.Q.;05frm010;nace2CI;2279
2024;1.Q.;05frm010;nace2CJ;2016
2024;1.Q.;05frm010;nace2CK;1999
2024;1.Q.;05frm010;nace2CL;1618
2024;1.Q.;05frm010;nace2CM;9837
2024;1.Q.;05frm010;nace2DA;834
2024;1.Q.;05frm010;nace2EA;2113
2024;1.Q.;05frm010;nace2FA;128672
2024;1.Q.;05frm010;nace2GA;101072
2024;1.Q.;05frm010;nace2HA;27472
2024;1.Q.;05frm010;nace2IA;20646
2024;1.Q.;05frm010;nace2JA;6495
2024;1.Q.;05frm010;nace2JB;296
2024;1.Q.;05frm010;nace2JC;26270
2024;1.Q.;05frm010;nace2KA;11919
2024;1.Q.;05frm010;nace2LA;18564
2024;1.Q.;05frm010;nace2MA;69523
2024;1.Q.;05frm010;nace2MB;1047
2024;1.Q.;05frm010;nace2MC;28009
2024;1.Q.;05frm010;nace2NA;58343
2024;1.Q.;05frm010;nace2OA;16
2024;1.Q.;05frm010;nace2PA;10024
2024;1.Q.;05frm010;nace2QA;9224
2024;1.Q.;05frm010;nace2QB;863
2024;1.Q.;05frm010;nace2RA;9793
2024;1.Q.;05frm010;nace2SA;24801
2024;1.Q.;05frm010;nace2ZZ;
2024;1.Q.;05frm011;nace1;267912
2024;1.Q.;05frm011;nace2AA;8387
2024;1.Q.;05frm011;nace2BA;304
2024;1.Q.;05frm011;nace2C;30234
2024;1.Q.;05frm011;nace2CA;4052
2024;1.Q.;05frm011;nace2CB;2489
2024;1.Q.;05frm011;nace2CC;5998
2024;1.Q.;05frm011;nace2CD;27
2024;1.Q.;05frm011;nace2CE;488
2024;1.Q.;05frm011;nace2CF;27
2024;1.Q.;05frm011;nace2CG;2108
2024;1.Q.;05frm011;nace2CH;7055
2024;1.Q.;05frm011;nace2CI;1490
2024;1.Q.;05frm011;nace2CJ;1212
2024;1.Q.;05frm011;nace2CK;1362
2024;1.Q.;05frm011;nace2CL;623
2024;1.Q.;05frm011;nace2CM;3303
2024;1.Q.;05frm011;nace2DA;535
2024;1.Q.;05frm011;nace2EA;1495
2024;1.Q.;05frm011;nace2FA;26803
2024;1.Q.;05frm011;nace2GA;43906
2024;1.Q.;05frm011;nace2HA;11274
2024;1.Q.;05frm011;nace2IA;10236
2024;1.Q.;05frm011;nace2JA;3144
2024;1.Q.;05frm011;nace2JB;270
2024;1.Q.;05frm011;nace2JC;14289
2024;1.Q.;05frm011;nace2KA;1272
2024;1.Q.;05frm011;nace2LA;16664
2024;1.Q.;05frm011;nace2MA;33660
2024;1.Q.;05frm011;nace2MB;703
2024;1.Q.;05frm011;nace2MC;12455
2024;1.Q.;05frm011;nace2NA;31833
2024;1.Q.;05frm011;nace2OA;16
2024;1.Q.;05frm011;nace2PA;4300
2024;1.Q.;05frm011;nace2QA;6604
2024;1.Q.;05frm011;nace2QB;397
2024;1.Q.;05frm011;nace2RA;3867
2024;1.Q.;05frm011;nace2SA;5264
2024;1.Q.;05frm011;nace2ZZ;
2024;1.Q.;05frm0120;nace1;398325
2024;1.Q.;05frm0120;nace2AA;15955
2024;1.Q.;05frm0120;nace2BA;74
2024;1.Q.;05frm0120;nace2C;55287
2024;1.Q.;05frm0120;nace2CA;2178
2024;1.Q.;05frm0120;nace2CB;3708
2024;1.Q.;05frm0120;nace2CC;9273
2024;1.Q.;05frm0120;nace2CD;2
2024;1.Q.;05frm0120;nace2CE;113
2024;1.Q.;05frm0120;nace2CF;2
2024;1.Q.;05frm0120;nace2CG;2167
2024;1.Q.;05frm0120;nace2CH;28085
2024;1.Q.;05frm0120;nace2CI;789
2024;1.Q.;05frm0120;nace2CJ;804
2024;1.Q.;05frm0120;nace2CK;637
2024;1.Q.;05frm0120;nace2CL;995
2024;1.Q.;05frm0120;nace2CM;6534
2024;1.Q.;05frm0120;nace2DA;299
2024;1.Q.;05frm0120;nace2EA;618
2024;1.Q.;05frm0120;nace2FA;101869
2024;1.Q.;05frm0120;nace2GA;57166
2024;1.Q.;05frm0120;nace2HA;16198
2024;1.Q.;05frm0120;nace2IA;10410
2024;1.Q.;05frm0120;nace2JA;3351
2024;1.Q.;05frm0120;nace2JB;26
2024;1.Q.;05frm0120;nace2JC;11981
2024;1.Q.;05frm0120;nace2KA;10647
2024;1.Q.;05frm0120;nace2LA;1900
2024;1.Q.;05frm0120;nace2MA;35863
2024;1.Q.;05frm0120;nace2MB;344
2024;1.Q.;05frm0120;nace2MC;15554
2024;1.Q.;05frm0120;nace2NA;26510
2024;1.Q.;05frm0120;nace2OA;
2024;1.Q.;05frm0120;nace2PA;5724
2024;1.Q.;05frm0120;nace2QA;2620
2024;1.Q.;05frm0120;nace2QB;466
2024;1.Q.;05frm0120;nace2RA;5926
2024;1.Q.;05frm0120;nace2SA;19537
2024;1.Q.;05frm0120;nace2ZZ;
2024;1.Q.;05frm0121;nace1;372639
2024;1.Q.;05frm0121;nace2AA;12812
2024;1.Q.;05frm0121;nace2BA;70
2024;1.Q.;05frm0121;nace2C;55272
2024;1.Q.;05frm0121;nace2CA;2163
2024;1.Q.;05frm0121;nace2CB;3708
2024;1.Q.;05frm0121;nace2CC;9273
2024;1.Q.;05frm0121;nace2CD;2
2024;1.Q.;05frm0121;nace2CE;113
2024;1.Q.;05frm0121;nace2CF;2
2024;1.Q.;05frm0121;nace2CG;2167
2024;1.Q.;05frm0121;nace2CH;28085
2024;1.Q.;05frm0121;nace2CI;789
2024;1.Q.;05frm0121;nace2CJ;804
2024;1.Q.;05frm0121;nace2CK;637
2024;1.Q.;05frm0121;nace2CL;995
2024;1.Q.;05frm0121;nace2CM;6534
2024;1.Q.;05frm0121;nace2DA;14
2024;1.Q.;05frm0121;nace2EA;618
2024;1.Q.;05frm0121;nace2FA;101867
2024;1.Q.;05frm0121;nace2GA;57124
2024;1.Q.;05frm0121;nace2HA;14449
2024;1.Q.;05frm0121;nace2IA;10410
2024;1.Q.;05frm0121;nace2JA;3351
2024;1.Q.;05frm0121;nace2JB;26
2024;1.Q.;05frm0121;nace2JC;11981
2024;1.Q.;05frm0121;nace2KA;2813
2024;1.Q.;05frm0121;nace2LA;1894
2024;1.Q.;05frm0121;nace2MA;30814
2024;1.Q.;05frm0121;nace2MB;344
2024;1.Q.;05frm0121;nace2MC;13111
2024;1.Q.;05frm0121;nace2NA;26456
2024;1.Q.;05frm0121;nace2OA;
2024;1.Q.;05frm0121;nace2PA;5724
2024;1.Q.;05frm0121;nace2QA;295
2024;1.Q.;05frm0121;nace2QB;459
2024;1.Q.;05frm0121;nace2RA;3199
2024;1.Q.;05frm0121;nace2SA;19536
2024;1.Q.;05frm0121;nace2ZZ;
2024;1.Q.;05frm12;nace1;37745
2024;1.Q.;05frm12;nace2AA;7
2024;1.Q.;05frm12;nace2BA;
2024;1.Q.;05frm12;nace2C;15
2024;1.Q.;05frm12;nace2CA;7
2024;1.Q.;05frm12;nace2CB;
2024;1.Q.;05frm12;nace2CC;6
2024;1.Q.;05frm12;nace2CD;
2024;1.Q.;05frm12;nace2CE;
2024;1.Q.;05frm12;nace2CF;
2024;1.Q.;05frm12;nace2CG;1
2024;1.Q.;05frm12;nace2CH;1
2024;1.Q.;05frm12;nace2CI;
2024;1.Q.;05frm12;nace2CJ;
2024;1.Q.;05frm12;nace2CK;
2024;1.Q.;05frm12;nace2CL;
2024;1.Q.;05frm12;nace2CM;
2024;1.Q.;05frm12;nace2DA;
2024;1.Q.;05frm12;nace2EA;66
2024;1.Q.;05frm12;nace2FA;38
2024;1.Q.;05frm12;nace2GA;5
2024;1.Q.;05frm12;nace2HA;29
2024;1.Q.;05frm12;nace2IA;45
2024;1.Q.;05frm12;nace2JA;13
2024;1.Q.;05frm12;nace2JB;
2024;1.Q.;05frm12;nace2JC;4
2024;1.Q.;05frm12;nace2KA;7
2024;1.Q.;05frm12;nace2LA;2874
2024;1.Q.;05frm12;nace2MA;22
2024;1.Q.;05frm12;nace2MB;70
2024;1.Q.;05frm12;nace2MC;5
2024;1.Q.;05frm12;nace2NA;83
2024;1.Q.;05frm12;nace2OA;3217
2024;1.Q.;05frm12;nace2PA;3832
2024;1.Q.;05frm12;nace2QA;129
2024;1.Q.;05frm12;nace2QB;1441
2024;1.Q.;05frm12;nace2RA;5694
2024;1.Q.;05frm12;nace2SA;20149
2024;1.Q.;05frm12;nace2ZZ;
2024;2.Q.;05frm00;nace1;711209
2024;2.Q.;05frm00;nace2AA;24585
2024;2.Q.;05frm00;nace2BA;405
2024;2.Q.;05frm00;nace2C;85630
2024;2.Q.;05frm00;nace2CA;6329
2024;2.Q.;05frm00;nace2CB;6170
2024;2.Q.;05frm00;nace2CC;15161
2024;2.Q.;05frm00;nace2CD;32
2024;2.Q.;05frm00;nace2CE;603
2024;2.Q.;05frm00;nace2CF;29
2024;2.Q.;05frm00;nace2CG;4290
2024;2.Q.;05frm00;nace2CH;35103
2024;2.Q.;05frm00;nace2CI;2399
2024;2.Q.;05frm00;nace2CJ;1983
2024;2.Q.;05frm00;nace2CK;2040
2024;2.Q.;05frm00;nace2CL;1718
2024;2.Q.;05frm00;nace2CM;9773
2024;2.Q.;05frm00;nace2DA;835
2024;2.Q.;05frm00;nace2EA;2209
2024;2.Q.;05frm00;nace2FA;130588
2024;2.Q.;05frm00;nace2GA;99852
2024;2.Q.;05frm00;nace2HA;28008
2024;2.Q.;05frm00;nace2IA;20837
2024;2.Q.;05frm00;nace2JA;6493
2024;2.Q.;05frm00;nace2JB;293
2024;2.Q.;05frm00;nace2JC;26296
2024;2.Q.;05frm00;nace2KA;12050
2024;2.Q.;05frm00;nace2LA;21780
2024;2.Q.;05frm00;nace2MA;70474
2024;2.Q.;05frm00;nace2MB;1156
2024;2.Q.;05frm00;nace2MC;28409
2024;2.Q.;05frm00;nace2NA;60704
2024;2.Q.;05frm00;nace2OA;3233
2024;2.Q.;05frm00;nace2PA;13902
2024;2.Q.;05frm00;nace2QA;9375
2024;2.Q.;05frm00;nace2QB;2322
2024;2.Q.;05frm00;nace2RA;15824
2024;2.Q.;05frm00;nace2SA;45949
2024;2.Q.;05frm00;nace2ZZ;
2024;2.Q.;05frm010;nace1;672678
2024;2.Q.;05frm010;nace2AA;24578
2024;2.Q.;05frm010;nace2BA;405
2024;2.Q.;05frm010;nace2C;85615
2024;2.Q.;05frm010;nace2CA;6322
2024;2.Q.;05frm010;nace2CB;6170
2024;2.Q.;05frm010;nace2CC;15155
2024;2.Q.;05frm010;nace2CD;32
2024;2.Q.;05frm010;nace2CE;603
2024;2.Q.;05frm010;nace2CF;29
2024;2.Q.;05frm010;nace2CG;4289
2024;2.Q.;05frm010;nace2CH;35102
2024;2.Q.;05frm010;nace2CI;2399
2024;2.Q.;05frm010;nace2CJ;1983
2024;2.Q.;05frm010;nace2CK;2040
2024;2.Q.;05frm010;nace2CL;1718
2024;2.Q.;05frm010;nace2CM;9773
2024;2.Q.;05frm010;nace2DA;835
2024;2.Q.;05frm010;nace2EA;2142
2024;2.Q.;05frm010;nace2FA;130548
2024;2.Q.;05frm010;nace2GA;99847
2024;2.Q.;05frm010;nace2HA;27979
2024;2.Q.;05frm010;nace2IA;20792
2024;2.Q.;05frm010;nace2JA;6480
2024;2.Q.;05frm010;nace2JB;293
2024;2.Q.;05frm010;nace2JC;26292
2024;2.Q.;05frm010;nace2KA;12043
2024;2.Q.;05frm010;nace2LA;18889
2024;2.Q.;05frm010;nace2MA;70451
2024;2.Q.;05frm010;nace2MB;1086
2024;2.Q.;05frm010;nace2MC;28404
2024;2.Q.;05frm010;nace2NA;60618
2024;2.Q.;05frm010;nace2OA;16
2024;2.Q.;05frm010;nace2PA;10066
2024;2.Q.;05frm010;nace2QA;9247
2024;2.Q.;05frm010;nace2QB;858
2024;2.Q.;05frm010;nace2RA;10063
2024;2.Q.;05frm010;nace2SA;25131
2024;2.Q.;05frm010;nace2ZZ;
2024;2.Q.;05frm011;nace1;272688
2024;2.Q.;05frm011;nace2AA;8450
2024;2.Q.;05frm011;nace2BA;325
2024;2.Q.;05frm011;nace2C;30666
2024;2.Q.;05frm011;nace2CA;4124
2024;2.Q.;05frm011;nace2CB;2521
2024;2.Q.;05frm011;nace2CC;6049
2024;2.Q.;05frm011;nace2CD;29
2024;2.Q.;05frm011;nace2CE;494
2024;2.Q.;05frm011;nace2CF;27
2024;2.Q.;05frm011;nace2CG;2134
2024;2.Q.;05frm011;nace2CH;7103
2024;2.Q.;05frm011;nace2CI;1533
2024;2.Q.;05frm011;nace2CJ;1220
2024;2.Q.;05frm011;nace2CK;1422
2024;2.Q.;05frm011;nace2CL;647
2024;2.Q.;05frm011;nace2CM;3363
2024;2.Q.;05frm011;nace2DA;535
2024;2.Q.;05frm011;nace2EA;1533
2024;2.Q.;05frm011;nace2FA;27577
2024;2.Q.;05frm011;nace2GA;42932
2024;2.Q.;05frm011;nace2HA;11507
2024;2.Q.;05frm011;nace2IA;10425
2024;2.Q.;05frm011;nace2JA;3220
2024;2.Q.;05frm011;nace2JB;269
2024;2.Q.;05frm011;nace2JC;14793
2024;2.Q.;05frm011;nace2KA;1295
2024;2.Q.;05frm011;nace2LA;16981
2024;2.Q.;05frm011;nace2MA;34279
2024;2.Q.;05frm011;nace2MB;723
2024;2.Q.;05frm011;nace2MC;12627
2024;2.Q.;05frm011;nace2NA;33698
2024;2.Q.;05frm011;nace2OA;16
2024;2.Q.;05frm011;nace2PA;4369
2024;2.Q.;05frm011;nace2QA;6617
2024;2.Q.;05frm011;nace2QB;405
2024;2.Q.;05frm011;nace2RA;4004
2024;2.Q.;05frm011;nace2SA;5442
2024;2.Q.;05frm011;nace2ZZ;
2024;2.Q.;05frm0120;nace1;399990
2024;2.Q.;05frm0120;nace2AA;16128
2024;2.Q.;05frm0120;nace2BA;80
2024;2.Q.;05frm0120;nace2C;54949
2024;2.Q.;05frm0120;nace2CA;2198
2024;2.Q.;05frm0120;nace2CB;3649
2024;2.Q.;05frm0120;nace2CC;9106
2024;2.Q.;05frm0120;nace2CD;3
2024;2.Q.;05frm0120;nace2CE;109
2024;2.Q.;05frm0120;nace2CF;2
2024;2.Q.;05frm0120;nace2CG;2155
2024;2.Q.;05frm0120;nace2CH;27999
2024;2.Q.;05frm0120;nace2CI;866
2024;2.Q.;05frm0120;nace2CJ;763
2024;2.Q.;05frm0120;nace2CK;618
2024;2.Q.;05frm0120;nace2CL;1071
2024;2.Q.;05frm0120;nace2CM;6410
2024;2.Q.;05frm0120;nace2DA;300
2024;2.Q.;05frm0120;nace2EA;609
2024;2.Q.;05frm0120;nace2FA;102971
2024;2.Q.;05frm0120;nace2GA;56915
2024;2.Q.;05frm0120;nace2HA;16472
2024;2.Q.;05frm0120;nace2IA;10367
2024;2.Q.;05frm0120;nace2JA;3260
2024;2.Q.;05frm0120;nace2JB;24
2024;2.Q.;05frm0120;nace2JC;11499
2024;2.Q.;05frm0120;nace2KA;10748
2024;2.Q.;05frm0120;nace2LA;1908
2024;2.Q.;05frm0120;nace2MA;36172
2024;2.Q.;05frm0120;nace2MB;363
2024;2.Q.;05frm0120;nace2MC;15777
2024;2.Q.;05frm0120;nace2NA;26920
2024;2.Q.;05frm0120;nace2OA;
2024;2.Q.;05frm0120;nace2PA;5697
2024;2.Q.;05frm0120;nace2QA;2630
2024;2.Q.;05frm0120;nace2QB;453
2024;2.Q.;05frm0120;nace2RA;6059
2024;2.Q.;05frm0120;nace2SA;19689
2024;2.Q.;05frm0120;nace2ZZ;
2024;2.Q.;05frm0121;nace1;373944
2024;2.Q.;05frm0121;nace2AA;12947
2024;2.Q.;05frm0121;nace2BA;77
2024;2.Q.;05frm0121;nace2C;54933
2024;2.Q.;05frm0121;nace2CA;2182
2024;2.Q.;05frm0121;nace2CB;3649
2024;2.Q.;05frm0121;nace2CC;9106
2024;2.Q.;05frm0121;nace2CD;3
2024;2.Q.;05frm0121;nace2CE;109
2024;2.Q.;05frm0121;nace2CF;2
2024;2.Q.;05frm0121;nace2CG;2155
2024;2.Q.;05frm0121;nace2CH;27999
2024;2.Q.;05frm0121;nace2CI;866
2024;2.Q.;05frm0121;nace2CJ;763
2024;2.Q.;05frm0121;nace2CK;618
2024;2.Q.;05frm0121;nace2CL;1071
2024;2.Q.;05frm0121;nace2CM;6410
2024;2.Q.;05frm0121;nace2DA;13
2024;2.Q.;05frm0121;nace2EA;609
2024;2.Q.;05frm0121;nace2FA;102969
2024;2.Q.;05frm0121;nace2GA;56894
2024;2.Q.;05frm0121;nace2HA;14631
2024;2.Q.;05frm0121;nace2IA;10367
2024;2.Q.;05frm0121;nace2JA;3260
2024;2.Q.;05frm0121;nace2JB;24
2024;2.Q.;05frm0121;nace2JC;11499
2024;2.Q.;05frm0121;nace2KA;2772
2024;2.Q.;05frm0121;nace2LA;1902
2024;2.Q.;05frm0121;nace2MA;31113
2024;2.Q.;05frm0121;nace2MB;363
2024;2.Q.;05frm0121;nace2MC;13293
2024;2.Q.;05frm0121;nace2NA;26859
2024;2.Q.;05frm0121;nace2OA;
2024;2.Q.;05frm0121;nace2PA;5697
2024;2.Q.;05frm0121;nace2QA;292
2024;2.Q.;05frm0121;nace2QB;446
2024;2.Q.;05frm0121;nace2RA;3296
2024;2.Q.;05frm0121;nace2SA;19688
2024;2.Q.;05frm0121;nace2ZZ;
2024;2.Q.;05frm12;nace1;38531
2024;2.Q.;05frm12;nace2AA;7
2024;2.Q.;05frm12;nace2BA;
2024;2.Q.;05frm12;nace2C;15
2024;2.Q.;05frm12;nace2CA;7
2024;2.Q.;05frm12;nace2CB;
2024;2.Q.;05frm12;nace2CC;6
2024;2.Q.;05frm12;nace2CD;
2024;2.Q.;05frm12;nace2CE;
2024;2.Q.;05frm12;nace2CF;
2024;2.Q.;05frm12;nace2CG;1
2024;2.Q.;05frm12;nace2CH;1
2024;2.Q.;05frm12;nace2CI;
2024;2.Q.;05frm12;nace2CJ;
2024;2.Q.;05frm12;nace2CK;
2024;2.Q.;05frm12;nace2CL;
2024;2.Q.;05frm12;nace2CM;
2024;2.Q.;05frm12;nace2DA;
2024;2.Q.;05frm12;nace2EA;67
2024;2.Q.;05frm12;nace2FA;40
2024;2.Q.;05frm12;nace2GA;5
2024;2.Q.;05frm12;nace2HA;29
2024;2.Q.;05frm12;nace2IA;45
2024;2.Q.;05frm12;nace2JA;13
2024;2.Q.;05frm12;nace2JB;
2024;2.Q.;05frm12;nace2JC;4
2024;2.Q.;05frm12;nace2KA;7
2024;2.Q.;05frm12;nace2LA;2891
2024;2.Q.;05frm12;nace2MA;23
2024;2.Q.;05frm12;nace2MB;70
2024;2.Q.;05frm12;nace2MC;5
2024;2.Q.;05frm12;nace2NA;86
2024;2.Q.;05frm12;nace2OA;3217
2024;2.Q.;05frm12;nace2PA;3836
2024;2.Q.;05frm12;nace2QA;128
2024;2.Q.;05frm12;nace2QB;1464
2024;2.Q.;05frm12;nace2RA;5761
2024;2.Q.;05frm12;nace2SA;20818
2024;2.Q.;05frm12;nace2ZZ;
2024;3.Q.;05frm00;nace1;722542
2024;3.Q.;05frm00;nace2AA;24815
2024;3.Q.;05frm00;nace2BA;427
2024;3.Q.;05frm00;nace2C;86289
2024;3.Q.;05frm00;nace2CA;6395
2024;3.Q.;05frm00;nace2CB;6234
2024;3.Q.;05frm00;nace2CC;15182
2024;3.Q.;05frm00;nace2CD;36
2024;3.Q.;05frm00;nace2CE;607
2024;3.Q.;05frm00;nace2CF;29
2024;3.Q.;05frm00;nace2CG;4321
2024;3.Q.;05frm00;nace2CH;35323
2024;3.Q.;05frm00;nace2CI;2487
2024;3.Q.;05frm00;nace2CJ;1972
2024;3.Q.;05frm00;nace2CK;2083
2024;3.Q.;05frm00;nace2CL;1821
2024;3.Q.;05frm00;nace2CM;9799
2024;3.Q.;05frm00;nace2DA;833
2024;3.Q.;05frm00;nace2EA;2236
2024;3.Q.;05frm00;nace2FA;133283
2024;3.Q.;05frm00;nace2GA;100122
2024;3.Q.;05frm00;nace2HA;28542
2024;3.Q.;05frm00;nace2IA;21018
2024;3.Q.;05frm00;nace2JA;6544
2024;3.Q.;05frm00;nace2JB;292
2024;3.Q.;05frm00;nace2JC;26614
2024;3.Q.;05frm00;nace2KA;12126
2024;3.Q.;05frm00;nace2LA;22016
2024;3.Q.;05frm00;nace2MA;71882
2024;3.Q.;05frm00;nace2MB;1194
2024;3.Q.;05frm00;nace2MC;28979
2024;3.Q.;05frm00;nace2NA;63123
2024;3.Q.;05frm00;nace2OA;3234
2024;3.Q.;05frm00;nace2PA;14021
2024;3.Q.;05frm00;nace2QA;9358
2024;3.Q.;05frm00;nace2QB;2339
2024;3.Q.;05frm00;nace2RA;16217
2024;3.Q.;05frm00;nace2SA;47038
2024;3.Q.;05frm00;nace2ZZ;
2024;3.Q.;05frm010;nace1;683485
2024;3.Q.;05frm010;nace2AA;24808
2024;3.Q.;05frm010;nace2BA;427
2024;3.Q.;05frm010;nace2C;86274
2024;3.Q.;05frm010;nace2CA;6388
2024;3.Q.;05frm010;nace2CB;6234
2024;3.Q.;05frm010;nace2CC;15176
2024;3.Q.;05frm010;nace2CD;36
2024;3.Q.;05frm010;nace2CE;607
2024;3.Q.;05frm010;nace2CF;29
2024;3.Q.;05frm010;nace2CG;4320
2024;3.Q.;05frm010;nace2CH;35322
2024;3.Q.;05frm010;nace2CI;2487
2024;3.Q.;05frm010;nace2CJ;1972
2024;3.Q.;05frm010;nace2CK;2083
2024;3.Q.;05frm010;nace2CL;1821
2024;3.Q.;05frm010;nace2CM;9799
2024;3.Q.;05frm010;nace2DA;833
2024;3.Q.;05frm010;nace2EA;2169
2024;3.Q.;05frm010;nace2FA;133244
2024;3.Q.;05frm010;nace2GA;100117
2024;3.Q.;05frm010;nace2HA;28513
2024;3.Q.;05frm010;nace2IA;20973
2024;3.Q.;05frm010;nace2JA;6531
2024;3.Q.;05frm010;nace2JB;292
2024;3.Q.;05frm010;nace2JC;26610
2024;3.Q.;05frm010;nace2KA;12119
2024;3.Q.;05frm010;nace2LA;19119
2024;3.Q.;05frm010;nace2MA;71860
2024;3.Q.;05frm010;nace2MB;1124
2024;3.Q.;05frm010;nace2MC;28974
2024;3.Q.;05frm010;nace2NA;63035
2024;3.Q.;05frm010;nace2OA;16
2024;3.Q.;05frm010;nace2PA;10189
2024;3.Q.;05frm010;nace2QA;9229
2024;3.Q.;05frm010;nace2QB;860
2024;3.Q.;05frm010;nace2RA;10400
2024;3.Q.;05frm010;nace2SA;25769
2024;3.Q.;05frm010;nace2ZZ;
2024;3.Q.;05frm011;nace1;277163
2024;3.Q.;05frm011;nace2AA;8488
2024;3.Q.;05frm011;nace2BA;343
2024;3.Q.;05frm011;nace2C;30916
2024;3.Q.;05frm011;nace2CA;4137
2024;3.Q.;05frm011;nace2CB;2523
2024;3.Q.;05frm011;nace2CC;6084
2024;3.Q.;05frm011;nace2CD;32
2024;3.Q.;05frm011;nace2CE;504
2024;3.Q.;05frm011;nace2CF;27
2024;3.Q.;05frm011;nace2CG;2144
2024;3.Q.;05frm011;nace2CH;7142
2024;3.Q.;05frm011;nace2CI;1553
2024;3.Q.;05frm011;nace2CJ;1222
2024;3.Q.;05frm011;nace2CK;1478
2024;3.Q.;05frm011;nace2CL;664
2024;3.Q.;05frm011;nace2CM;3406
2024;3.Q.;05frm011;nace2DA;534
2024;3.Q.;05frm011;nace2EA;1577
2024;3.Q.;05frm011;nace2FA;28176
2024;3.Q.;05frm011;nace2GA;42908
2024;3.Q.;05frm011;nace2HA;11632
2024;3.Q.;05frm011;nace2IA;10538
2024;3.Q.;05frm011;nace2JA;3287
2024;3.Q.;05frm011;nace2JB;269
2024;3.Q.;05frm011;nace2JC;15205
2024;3.Q.;05frm011;nace2KA;1315
2024;3.Q.;05frm011;nace2LA;17187
2024;3.Q.;05frm011;nace2MA;34832
2024;3.Q.;05frm011;nace2MB;744
2024;3.Q.;05frm011;nace2MC;12725
2024;3.Q.;05frm011;nace2NA;35360
2024;3.Q.;05frm011;nace2OA;16
2024;3.Q.;05frm011;nace2PA;4397
2024;3.Q.;05frm011;nace2QA;6619
2024;3.Q.;05frm011;nace2QB;411
2024;3.Q.;05frm011;nace2RA;4101
2024;3.Q.;05frm011;nace2SA;5583
2024;3.Q.;05frm011;nace2ZZ;
2024;3.Q.;05frm0120;nace1;406322
2024;3.Q.;05frm0120;nace2AA;16320
2024;3.Q.;05frm0120;nace2BA;84
2024;3.Q.;05frm0120;nace2C;55358
2024;3.Q.;05frm0120;nace2CA;2251
2024;3.Q.;05frm0120;nace2CB;3711
2024;3.Q.;05frm0120;nace2CC;9092
2024;3.Q.;05frm0120;nace2CD;4
2024;3.Q.;05frm0120;nace2CE;103
2024;3.Q.;05frm0120;nace2CF;2
2024;3.Q.;05frm0120;nace2CG;2176
2024;3.Q.;05frm0120;nace2CH;28180
2024;3.Q.;05frm0120;nace2CI;934
2024;3.Q.;05frm0120;nace2CJ;750
2024;3.Q.;05frm0120;nace2CK;605
2024;3.Q.;05frm0120;nace2CL;1157
2024;3.Q.;05frm0120;nace2CM;6393
2024;3.Q.;05frm0120;nace2DA;299
2024;3.Q.;05frm0120;nace2EA;592
2024;3.Q.;05frm0120;nace2FA;105068
2024;3.Q.;05frm0120;nace2GA;57209
2024;3.Q.;05frm0120;nace2HA;16881
2024;3.Q.;05frm0120;nace2IA;10435
2024;3.Q.;05frm0120;nace2JA;3244
2024;3.Q.;05frm0120;nace2JB;23
2024;3.Q.;05frm0120;nace2JC;11405
2024;3.Q.;05frm0120;nace2KA;10804
2024;3.Q.;05frm0120;nace2LA;1932
2024;3.Q.;05frm0120;nace2MA;37028
2024;3.Q.;05frm0120;nace2MB;380
2024;3.Q.;05frm0120;nace2MC;16249
2024;3.Q.;05frm0120;nace2NA;27675
2024;3.Q.;05frm0120;nace2OA;
2024;3.Q.;05frm0120;nace2PA;5792
2024;3.Q.;05frm0120;nace2QA;2610
2024;3.Q.;05frm0120;nace2QB;449
2024;3.Q.;05frm0120;nace2RA;6299
2024;3.Q.;05frm0120;nace2SA;20186
2024;3.Q.;05frm0120;nace2ZZ;
2024;3.Q.;05frm0121;nace1;379999
2024;3.Q.;05frm0121;nace2AA;13116
2024;3.Q.;05frm0121;nace2BA;81
2024;3.Q.;05frm0121;nace2C;55343
2024;3.Q.;05frm0121;nace2CA;2236
2024;3.Q.;05frm0121;nace2CB;3711
2024;3.Q.;05frm0121;nace2CC;9092
2024;3.Q.;05frm0121;nace2CD;4
2024;3.Q.;05frm0121;nace2CE;103
2024;3.Q.;05frm0121;nace2CF;2
2024;3.Q.;05frm0121;nace2CG;2176
2024;3.Q.;05frm0121;nace2CH;28180
2024;3.Q.;05frm0121;nace2CI;934
2024;3.Q.;05frm0121;nace2CJ;750
2024;3.Q.;05frm0121;nace2CK;605
2024;3.Q.;05frm0121;nace2CL;1157
2024;3.Q.;05frm0121;nace2CM;6393
2024;3.Q.;05frm0121;nace2DA;14
2024;3.Q.;05frm0121;nace2EA;592
2024;3.Q.;05frm0121;nace2FA;105066
2024;3.Q.;05frm0121;nace2GA;57190
2024;3.Q.;05frm0121;nace2HA;14990
2024;3.Q.;05frm0121;nace2IA;10435
2024;3.Q.;05frm0121;nace2JA;3244
2024;3.Q.;05frm0121;nace2JB;23
2024;3.Q.;05frm0121;nace2JC;11404
2024;3.Q.;05frm0121;nace2KA;2808
2024;3.Q.;05frm0121;nace2LA;1926
2024;3.Q.;05frm0121;nace2MA;31895
2024;3.Q.;05frm0121;nace2MB;380
2024;3.Q.;05frm0121;nace2MC;13730
2024;3.Q.;05frm0121;nace2NA;27609
2024;3.Q.;05frm0121;nace2OA;
2024;3.Q.;05frm0121;nace2PA;5792
2024;3.Q.;05frm0121;nace2QA;294
2024;3.Q.;05frm0121;nace2QB;442
2024;3.Q.;05frm0121;nace2RA;3440
2024;3.Q.;05frm0121;nace2SA;20185
2024;3.Q.;05frm0121;nace2ZZ;
2024;3.Q.;05frm12;nace1;39057
2024;3.Q.;05frm12;nace2AA;7
2024;3.Q.;05frm12;nace2BA;
2024;3.Q.;05frm12;nace2C;15
2024;3.Q.;05frm12;nace2CA;7
2024;3.Q.;05frm12;nace2CB;
2024;3.Q.;05frm12;nace2CC;6
2024;3.Q.;05frm12;nace2CD;
2024;3.Q.;05frm12;nace2CE;
2024;3.Q.;05frm12;nace2CF;
2024;3.Q.;05frm12;nace2CG;1
2024;3.Q.;05frm12;nace2CH;1
2024;3.Q.;05frm12;nace2CI;
2024;3.Q.;05frm12;nace2CJ;
2024;3.Q.;05frm12;nace2CK;
2024;3.Q.;05frm12;nace2CL;
2024;3.Q.;05frm12;nace2CM;
2024;3.Q.;05frm12;nace2DA;
2024;3.Q.;05frm12;nace2EA;67
2024;3.Q.;05frm12;nace2FA;39
2024;3.Q.;05frm12;nace2GA;5
2024;3.Q.;05frm12;nace2HA;29
2024;3.Q.;05frm12;nace2IA;45
2024;3.Q.;05frm12;nace2JA;13
2024;3.Q.;05frm12;nace2JB;
2024;3.Q.;05frm12;nace2JC;4
2024;3.Q.;05frm12;nace2KA;7
2024;3.Q.;05frm12;nace2LA;2897
2024;3.Q.;05frm12;nace2MA;22
2024;3.Q.;05frm12;nace2MB;70
2024;3.Q.;05frm12;nace2MC;5
2024;3.Q.;05frm12;nace2NA;88
2024;3.Q.;05frm12;nace2OA;3218
2024;3.Q.;05frm12;nace2PA;3832
2024;3.Q.;05frm12;nace2QA;129
2024;3.Q.;05frm12;nace2QB;1479
2024;3.Q.;05frm12;nace2RA;5817
2024;3.Q.;05frm12;nace2SA;21269
2024;3.Q.;05frm12;nace2ZZ;
2024;4.Q.;05frm00;nace1;724352
2024;4.Q.;05frm00;nace2AA;24568
2024;4.Q.;05frm00;nace2BA;444
2024;4.Q.;05frm00;nace2C;85534
2024;4.Q.;05frm00;nace2CA;6399
2024;4.Q.;05frm00;nace2CB;6206
2024;4.Q.;05frm00;nace2CC;15103
2024;4.Q.;05frm00;nace2CD;33
2024;4.Q.;05frm00;nace2CE;615
2024;4.Q.;05frm00;nace2CF;29
2024;4.Q.;05frm00;nace2CG;4272
2024;4.Q.;05frm00;nace2CH;34773
2024;4.Q.;05frm00;nace2CI;2487
2024;4.Q.;05frm00;nace2CJ;1947
2024;4.Q.;05frm00;nace2CK;2097
2024;4.Q.;05frm00;nace2CL;1834
2024;4.Q.;05frm00;nace2CM;9739
2024;4.Q.;05frm00;nace2DA;839
2024;4.Q.;05frm00;nace2EA;2254
2024;4.Q.;05frm00;nace2FA;132921
2024;4.Q.;05frm00;nace2GA;99622
2024;4.Q.;05frm00;nace2HA;28698
2024;4.Q.;05frm00;nace2IA;20912
2024;4.Q.;05frm00;nace2JA;6493
2024;4.Q.;05frm00;nace2JB;293
2024;4.Q.;05frm00;nace2JC;26561
2024;4.Q.;05frm00;nace2KA;12159
2024;4.Q.;05frm00;nace2LA;22177
2024;4.Q.;05frm00;nace2MA;72570
2024;4.Q.;05frm00;nace2MB;1206
2024;4.Q.;05frm00;nace2MC;29086
2024;4.Q.;05frm00;nace2NA;64527
2024;4.Q.;05frm00;nace2OA;3234
2024;4.Q.;05frm00;nace2PA;14167
2024;4.Q.;05frm00;nace2QA;9373
2024;4.Q.;05frm00;nace2QB;2333
2024;4.Q.;05frm00;nace2RA;16476
2024;4.Q.;05frm00;nace2SA;47905
2024;4.Q.;05frm00;nace2ZZ;
2024;4.Q.;05frm010;nace1;684601
2024;4.Q.;05frm010;nace2AA;24561
2024;4.Q.;05frm010;nace2BA;444
2024;4.Q.;05frm010;nace2C;85519
2024;4.Q.;05frm010;nace2CA;6392
2024;4.Q.;05frm010;nace2CB;6206
2024;4.Q.;05frm010;nace2CC;15097
2024;4.Q.;05frm010;nace2CD;33
2024;4.Q.;05frm010;nace2CE;615
2024;4.Q.;05frm010;nace2CF;29
2024;4.Q.;05frm010;nace2CG;4271
2024;4.Q.;05frm010;nace2CH;34772
2024;4.Q.;05frm010;nace2CI;2487
2024;4.Q.;05frm010;nace2CJ;1947
2024;4.Q.;05frm010;nace2CK;2097
2024;4.Q.;05frm010;nace2CL;1834
2024;4.Q.;05frm010;nace2CM;9739
2024;4.Q.;05frm010;nace2DA;839
2024;4.Q.;05frm010;nace2EA;2187
2024;4.Q.;05frm010;nace2FA;132882
2024;4.Q.;05frm010;nace2GA;99617
2024;4.Q.;05frm010;nace2HA;28669
2024;4.Q.;05frm010;nace2IA;20866
2024;4.Q.;05frm010;nace2JA;6480
2024;4.Q.;05frm010;nace2JB;293
2024;4.Q.;05frm010;nace2JC;26557
2024;4.Q.;05frm010;nace2KA;12152
2024;4.Q.;05frm010;nace2LA;19276
2024;4.Q.;05frm010;nace2MA;72548
2024;4.Q.;05frm010;nace2MB;1136
2024;4.Q.;05frm010;nace2MC;29081
2024;4.Q.;05frm010;nace2NA;64437
2024;4.Q.;05frm010;nace2OA;16
2024;4.Q.;05frm010;nace2PA;10339
2024;4.Q.;05frm010;nace2QA;9244
2024;4.Q.;05frm010;nace2QB;847
2024;4.Q.;05frm010;nace2RA;10608
2024;4.Q.;05frm010;nace2SA;26003
2024;4.Q.;05frm010;nace2ZZ;
2024;4.Q.;05frm011;nace1;280703
2024;4.Q.;05frm011;nace2AA;8491
2024;4.Q.;05frm011;nace2BA;359
2024;4.Q.;05frm011;nace2C;31028
2024;4.Q.;05frm011;nace2CA;4137
2024;4.Q.;05frm011;nace2CB;2515
2024;4.Q.;05frm011;nace2CC;6102
2024;4.Q.;05frm011;nace2CD;29
2024;4.Q.;05frm011;nace2CE;516
2024;4.Q.;05frm011;nace2CF;27
2024;4.Q.;05frm011;nace2CG;2138
2024;4.Q.;05frm011;nace2CH;7160
2024;4.Q.;05frm011;nace2CI;1565
2024;4.Q.;05frm011;nace2CJ;1222
2024;4.Q.;05frm011;nace2CK;1516
2024;4.Q.;05frm011;nace2CL;675
2024;4.Q.;05frm011;nace2CM;3426
2024;4.Q.;05frm011;nace2DA;536
2024;4.Q.;05frm011;nace2EA;1605
2024;4.Q.;05frm011;nace2FA;28732
2024;4.Q.;05frm011;nace2GA;42857
2024;4.Q.;05frm011;nace2HA;11736
2024;4.Q.;05frm011;nace2IA;10616
2024;4.Q.;05frm011;nace2JA;3326
2024;4.Q.;05frm011;nace2JB;270
2024;4.Q.;05frm011;nace2JC;15557
2024;4.Q.;05frm011;nace2KA;1341
2024;4.Q.;05frm011;nace2LA;17362
2024;4.Q.;05frm011;nace2MA;35258
2024;4.Q.;05frm011;nace2MB;751
2024;4.Q.;05frm011;nace2MC;12754
2024;4.Q.;05frm011;nace2NA;36842
2024;4.Q.;05frm011;nace2OA;16
2024;4.Q.;05frm011;nace2PA;4409
2024;4.Q.;05frm011;nace2QA;6611
2024;4.Q.;05frm011;nace2QB;411
2024;4.Q.;05frm011;nace2RA;4178
2024;4.Q.;05frm011;nace2SA;5657
2024;4.Q.;05frm011;nace2ZZ;
2024;4.Q.;05frm0120;nace1;403898
2024;4.Q.;05frm0120;nace2AA;16070
2024;4.Q.;05frm0120;nace2BA;85
2024;4.Q.;05frm0120;nace2C;54491
2024;4.Q.;05frm0120;nace2CA;2255
2024;4.Q.;05frm0120;nace2CB;3691
2024;4.Q.;05frm0120;nace2CC;8995
2024;4.Q.;05frm0120;nace2CD;4
2024;4.Q.;05frm0120;nace2CE;99
2024;4.Q.;05frm0120;nace2CF;2
2024;4.Q.;05frm0120;nace2CG;2133
2024;4.Q.;05frm0120;nace2CH;27612
2024;4.Q.;05frm0120;nace2CI;922
2024;4.Q.;05frm0120;nace2CJ;725
2024;4.Q.;05frm0120;nace2CK;581
2024;4.Q.;05frm0120;nace2CL;1159
2024;4.Q.;05frm0120;nace2CM;6313
2024;4.Q.;05frm0120;nace2DA;303
2024;4.Q.;05frm0120;nace2EA;582
2024;4.Q.;05frm0120;nace2FA;104150
2024;4.Q.;05frm0120;nace2GA;56760
2024;4.Q.;05frm0120;nace2HA;16933
2024;4.Q.;05frm0120;nace2IA;10250
2024;4.Q.;05frm0120;nace2JA;3154
2024;4.Q.;05frm0120;nace2JB;23
2024;4.Q.;05frm0120;nace2JC;11000
2024;4.Q.;05frm0120;nace2KA;10811
2024;4.Q.;05frm0120;nace2LA;1914
2024;4.Q.;05frm0120;nace2MA;37290
2024;4.Q.;05frm0120;nace2MB;385
2024;4.Q.;05frm0120;nace2MC;16327
2024;4.Q.;05frm0120;nace2NA;27595
2024;4.Q.;05frm0120;nace2OA;
2024;4.Q.;05frm0120;nace2PA;5930
2024;4.Q.;05frm0120;nace2QA;2633
2024;4.Q.;05frm0120;nace2QB;436
2024;4.Q.;05frm0120;nace2RA;6430
2024;4.Q.;05frm0120;nace2SA;20346
2024;4.Q.;05frm0120;nace2ZZ;
2024;4.Q.;05frm0121;nace1;377324
2024;4.Q.;05frm0121;nace2AA;12885
2024;4.Q.;05frm0121;nace2BA;82
2024;4.Q.;05frm0121;nace2C;54476
2024;4.Q.;05frm0121;nace2CA;2241
2024;4.Q.;05frm0121;nace2CB;3691
2024;4.Q.;05frm0121;nace2CC;8995
2024;4.Q.;05frm0121;nace2CD;4
2024;4.Q.;05frm0121;nace2CE;99
2024;4.Q.;05frm0121;nace2CF;2
2024;4.Q.;05frm0121;nace2CG;2133
2024;4.Q.;05frm0121;nace2CH;27612
2024;4.Q.;05frm0121;nace2CI;922
2024;4.Q.;05frm0121;nace2CJ;725
2024;4.Q.;05frm0121;nace2CK;581
2024;4.Q.;05frm0121;nace2CL;1159
2024;4.Q.;05frm0121;nace2CM;6312
2024;4.Q.;05frm0121;nace2DA;14
2024;4.Q.;05frm0121;nace2EA;582
2024;4.Q.;05frm0121;nace2FA;104148
2024;4.Q.;05frm0121;nace2GA;56739
2024;4.Q.;05frm0121;nace2HA;14997
2024;4.Q.;05frm0121;nace2IA;10250
2024;4.Q.;05frm0121;nace2JA;3154
2024;4.Q.;05frm0121;nace2JB;23
2024;4.Q.;05frm0121;nace2JC;10999
2024;4.Q.;05frm0121;nace2KA;2781
2024;4.Q.;05frm0121;nace2LA;1908
2024;4.Q.;05frm0121;nace2MA;32132
2024;4.Q.;05frm0121;nace2MB;385
2024;4.Q.;05frm0121;nace2MC;13748
2024;4.Q.;05frm0121;nace2NA;27527
2024;4.Q.;05frm0121;nace2OA;
2024;4.Q.;05frm0121;nace2PA;5930
2024;4.Q.;05frm0121;nace2QA;292
2024;4.Q.;05frm0121;nace2QB;429
2024;4.Q.;05frm0121;nace2RA;3498
2024;4.Q.;05frm0121;nace2SA;20345
2024;4.Q.;05frm0121;nace2ZZ;
2024;4.Q.;05frm12;nace1;39751
2024;4.Q.;05frm12;nace2AA;7
2024;4.Q.;05frm12;nace2BA;
2024;4.Q.;05frm12;nace2C;15
2024;4.Q.;05frm12;nace2CA;7
2024;4.Q.;05frm12;nace2CB;
2024;4.Q.;05frm12;nace2CC;6
2024;4.Q.;05frm12;nace2CD;
2024;4.Q.;05frm12;nace2CE;
2024;4.Q.;05frm12;nace2CF;
2024;4.Q.;05frm12;nace2CG;1
2024;4.Q.;05frm12;nace2CH;1
2024;4.Q.;05frm12;nace2CI;
2024;4.Q.;05frm12;nace2CJ;
2024;4.Q.;05frm12;nace2CK;
2024;4.Q.;05frm12;nace2CL;
2024;4.Q.;05frm12;nace2CM;
2024;4.Q.;05frm12;nace2DA;
2024;4.Q.;05frm12;nace2EA;67
2024;4.Q.;05frm12;nace2FA;39
2024;4.Q.;05frm12;nace2GA;5
2024;4.Q.;05frm12;nace2HA;29
2024;4.Q.;05frm12;nace2IA;46
2024;4.Q.;05frm12;nace2JA;13
2024;4.Q.;05frm12;nace2JB;
2024;4.Q.;05frm12;nace2JC;4
2024;4.Q.;05frm12;nace2KA;7
2024;4.Q.;05frm12;nace2LA;2901
2024;4.Q.;05frm12;nace2MA;22
2024;4.Q.;05frm12;nace2MB;70
2024;4.Q.;05frm12;nace2MC;5
2024;4.Q.;05frm12;nace2NA;90
2024;4.Q.;05frm12;nace2OA;3218
2024;4.Q.;05frm12;nace2PA;3828
2024;4.Q.;05frm12;nace2QA;129
2024;4.Q.;05frm12;nace2QB;1486
2024;4.Q.;05frm12;nace2RA;5868
2024;4.Q.;05frm12;nace2SA;21902
2024;4.Q.;05frm12;nace2ZZ;
2023;1.Q.;05frm00;nace1;668727
2023;1.Q.;05frm00;nace2AA;24001
2023;1.Q.;05frm00;nace2BA;283
2023;1.Q.;05frm00;nace2C;83761
2023;1.Q.;05frm00;nace2CA;5858
2023;1.Q.;05frm00;nace2CB;6142
2023;1.Q.;05frm00;nace2CC;15311
2023;1.Q.;05frm00;nace2CD;24
2023;1.Q.;05frm00;nace2CE;559
2023;1.Q.;05frm00;nace2CF;29
2023;1.Q.;05frm00;nace2CG;4308
2023;1.Q.;05frm00;nace2CH;34781
2023;1.Q.;05frm00;nace2CI;1870
2023;1.Q.;05frm00;nace2CJ;2127
2023;1.Q.;05frm00;nace2CK;1792
2023;1.Q.;05frm00;nace2CL;1210
2023;1.Q.;05frm00;nace2CM;9750
2023;1.Q.;05frm00;nace2DA;805
2023;1.Q.;05frm00;nace2EA;1943
2023;1.Q.;05frm00;nace2FA;121921
2023;1.Q.;05frm00;nace2GA;97034
2023;1.Q.;05frm00;nace2HA;26095
2023;1.Q.;05frm00;nace2IA;19896
2023;1.Q.;05frm00;nace2JA;6332
2023;1.Q.;05frm00;nace2JB;302
2023;1.Q.;05frm00;nace2JC;24700
2023;1.Q.;05frm00;nace2KA;12143
2023;1.Q.;05frm00;nace2LA;20218
2023;1.Q.;05frm00;nace2MA;65704
2023;1.Q.;05frm00;nace2MB;982
2023;1.Q.;05frm00;nace2MC;25847
2023;1.Q.;05frm00;nace2NA;52702
2023;1.Q.;05frm00;nace2OA;3248
2023;1.Q.;05frm00;nace2PA;13083
2023;1.Q.;05frm00;nace2QA;9329
2023;1.Q.;05frm00;nace2QB;2264
2023;1.Q.;05frm00;nace2RA;14231
2023;1.Q.;05frm00;nace2SA;41903
2023;1.Q.;05frm00;nace2ZZ;
2023;1.Q.;05frm010;nace1;632058
2023;1.Q.;05frm010;nace2AA;23996
2023;1.Q.;05frm010;nace2BA;283
2023;1.Q.;05frm010;nace2C;83747
2023;1.Q.;05frm010;nace2CA;5852
2023;1.Q.;05frm010;nace2CB;6142
2023;1.Q.;05frm010;nace2CC;15305
2023;1.Q.;05frm010;nace2CD;24
2023;1.Q.;05frm010;nace2CE;559
2023;1.Q.;05frm010;nace2CF;29
2023;1.Q.;05frm010;nace2CG;4307
2023;1.Q.;05frm010;nace2CH;34780
2023;1.Q.;05frm010;nace2CI;1870
2023;1.Q.;05frm010;nace2CJ;2127
2023;1.Q.;05frm010;nace2CK;1792
2023;1.Q.;05frm010;nace2CL;1210
2023;1.Q.;05frm010;nace2CM;9750
2023;1.Q.;05frm010;nace2DA;804
2023;1.Q.;05frm010;nace2EA;1882
2023;1.Q.;05frm010;nace2FA;121888
2023;1.Q.;05frm010;nace2GA;97030
2023;1.Q.;05frm010;nace2HA;26069
2023;1.Q.;05frm010;nace2IA;19853
2023;1.Q.;05frm010;nace2JA;6319
2023;1.Q.;05frm010;nace2JB;301
2023;1.Q.;05frm010;nace2JC;24696
2023;1.Q.;05frm010;nace2KA;12136
2023;1.Q.;05frm010;nace2LA;17317
2023;1.Q.;05frm010;nace2MA;65687
2023;1.Q.;05frm010;nace2MB;911
2023;1.Q.;05frm010;nace2MC;25841
2023;1.Q.;05frm010;nace2NA;52628
2023;1.Q.;05frm010;nace2OA;15
2023;1.Q.;05frm010;nace2PA;9235
2023;1.Q.;05frm010;nace2QA;9200
2023;1.Q.;05frm010;nace2QB;839
2023;1.Q.;05frm010;nace2RA;8457
2023;1.Q.;05frm010;nace2SA;22924
2023;1.Q.;05frm010;nace2ZZ;
2023;1.Q.;05frm011;nace1;247078
2023;1.Q.;05frm011;nace2AA;8175
2023;1.Q.;05frm011;nace2BA;213
2023;1.Q.;05frm011;nace2C;28804
2023;1.Q.;05frm011;nace2CA;3820
2023;1.Q.;05frm011;nace2CB;2446
2023;1.Q.;05frm011;nace2CC;5761
2023;1.Q.;05frm011;nace2CD;22
2023;1.Q.;05frm011;nace2CE;449
2023;1.Q.;05frm011;nace2CF;27
2023;1.Q.;05frm011;nace2CG;2073
2023;1.Q.;05frm011;nace2CH;6798
2023;1.Q.;05frm011;nace2CI;1376
2023;1.Q.;05frm011;nace2CJ;1196
2023;1.Q.;05frm011;nace2CK;1156
2023;1.Q.;05frm011;nace2CL;564
2023;1.Q.;05frm011;nace2CM;3116
2023;1.Q.;05frm011;nace2DA;521
2023;1.Q.;05frm011;nace2EA;1307
2023;1.Q.;05frm011;nace2FA;24035
2023;1.Q.;05frm011;nace2GA;39848
2023;1.Q.;05frm011;nace2HA;10542
2023;1.Q.;05frm011;nace2IA;9599
2023;1.Q.;05frm011;nace2JA;2847
2023;1.Q.;05frm011;nace2JB;272
2023;1.Q.;05frm011;nace2JC;12589
2023;1.Q.;05frm011;nace2KA;1112
2023;1.Q.;05frm011;nace2LA;15478
2023;1.Q.;05frm011;nace2MA;31153
2023;1.Q.;05frm011;nace2MB;631
2023;1.Q.;05frm011;nace2MC;12121
2023;1.Q.;05frm011;nace2NA;28687
2023;1.Q.;05frm011;nace2OA;15
2023;1.Q.;05frm011;nace2PA;4013
2023;1.Q.;05frm011;nace2QA;6565
2023;1.Q.;05frm011;nace2QB;353
2023;1.Q.;05frm011;nace2RA;3501
2023;1.Q.;05frm011;nace2SA;4697
2023;1.Q.;05frm011;nace2ZZ;
2023;1.Q.;05frm0120;nace1;384980
2023;1.Q.;05frm0120;nace2AA;15821
2023;1.Q.;05frm0120;nace2BA;70
2023;1.Q.;05frm0120;nace2C;54943
2023;1.Q.;05frm0120;nace2CA;2032
2023;1.Q.;05frm0120;nace2CB;3696
2023;1.Q.;05frm0120;nace2CC;9544
2023;1.Q.;05frm0120;nace2CD;2
2023;1.Q.;05frm0120;nace2CE;110
2023;1.Q.;05frm0120;nace2CF;2
2023;1.Q.;05frm0120;nace2CG;2234
2023;1.Q.;05frm0120;nace2CH;27982
2023;1.Q.;05frm0120;nace2CI;494
2023;1.Q.;05frm0120;nace2CJ;931
2023;1.Q.;05frm0120;nace2CK;636
2023;1.Q.;05frm0120;nace2CL;646
2023;1.Q.;05frm0120;nace2CM;6634
2023;1.Q.;05frm0120;nace2DA;283
2023;1.Q.;05frm0120;nace2EA;575
2023;1.Q.;05frm0120;nace2FA;97853
2023;1.Q.;05frm0120;nace2GA;57182
2023;1.Q.;05frm0120;nace2HA;15527
2023;1.Q.;05frm0120;nace2IA;10254
2023;1.Q.;05frm0120;nace2JA;3472
2023;1.Q.;05frm0120;nace2JB;29
2023;1.Q.;05frm0120;nace2JC;12107
2023;1.Q.;05frm0120;nace2KA;11024
2023;1.Q.;05frm0120;nace2LA;1839
2023;1.Q.;05frm0120;nace2MA;34534
2023;1.Q.;05frm0120;nace2MB;280
2023;1.Q.;05frm0120;nace2MC;13720
2023;1.Q.;05frm0120;nace2NA;23941
2023;1.Q.;05frm0120;nace2OA;
2023;1.Q.;05frm0120;nace2PA;5222
2023;1.Q.;05frm0120;nace2QA;2635
2023;1.Q.;05frm0120;nace2QB;486
2023;1.Q.;05frm0120;nace2RA;4956
2023;1.Q.;05frm0120;nace2SA;18227
2023;1.Q.;05frm0120;nace2ZZ;
2023;1.Q.;05frm0121;nace1;360047
2023;1.Q.;05frm0121;nace2AA;12484
2023;1.Q.;05frm0121;nace2BA;67
2023;1.Q.;05frm0121;nace2C;54927
2023;1.Q.;05frm0121;nace2CA;2018
2023;1.Q.;05frm0121;nace2CB;3696
2023;1.Q.;05frm0121;nace2CC;9544
2023;1.Q.;05frm0121;nace2CD;2
2023;1.Q.;05frm0121;nace2CE;110
2023;1.Q.;05frm0121;nace2CF;2
2023;1.Q.;05frm0121;nace2CG;2233
2023;1.Q.;05frm0121;nace2CH;27981
2023;1.Q.;05frm0121;nace2CI;494
2023;1.Q.;05frm0121;nace2CJ;931
2023;1.Q.;05frm0121;nace2CK;636
2023;1.Q.;05frm0121;nace2CL;646
2023;1.Q.;05frm0121;nace2CM;6634
2023;1.Q.;05frm0121;nace2DA;14
2023;1.Q.;05frm0121;nace2EA;575
2023;1.Q.;05frm0121;nace2FA;97850
2023;1.Q.;05frm0121;nace2GA;57143
2023;1.Q.;05frm0121;nace2HA;13740
2023;1.Q.;05frm0121;nace2IA;10254
2023;1.Q.;05frm0121;nace2JA;3472
2023;1.Q.;05frm0121;nace2JB;29
2023;1.Q.;05frm0121;nace2JC;12107
2023;1.Q.;05frm0121;nace2KA;3386
2023;1.Q.;05frm0121;nace2LA;1830
2023;1.Q.;05frm0121;nace2MA;29405
2023;1.Q.;05frm0121;nace2MB;280
2023;1.Q.;05frm0121;nace2MC;11549
2023;1.Q.;05frm0121;nace2NA;23896
2023;1.Q.;05frm0121;nace2OA;
2023;1.Q.;05frm0121;nace2PA;5221
2023;1.Q.;05frm0121;nace2QA;307
2023;1.Q.;05frm0121;nace2QB;480
2023;1.Q.;05frm0121;nace2RA;2805
2023;1.Q.;05frm0121;nace2SA;18226
2023;1.Q.;05frm0121;nace2ZZ;
2023;1.Q.;05frm12;nace1;36669
2023;1.Q.;05frm12;nace2AA;5
2023;1.Q.;05frm12;nace2BA;
2023;1.Q.;05frm12;nace2C;14
2023;1.Q.;05frm12;nace2CA;6
2023;1.Q.;05frm12;nace2CB;
2023;1.Q.;05frm12;nace2CC;6
2023;1.Q.;05frm12;nace2CD;
2023;1.Q.;05frm12;nace2CE;
2023;1.Q.;05frm12;nace2CF;
2023;1.Q.;05frm12;nace2CG;1
2023;1.Q.;05frm12;nace2CH;1
2023;1.Q.;05frm12;nace2CI;
2023;1.Q.;05frm12;nace2CJ;
2023;1.Q.;05frm12;nace2CK;
2023;1.Q.;05frm12;nace2CL;
2023;1.Q.;05frm12;nace2CM;
2023;1.Q.;05frm12;nace2DA;1
2023;1.Q.;05frm12;nace2EA;61
2023;1.Q.;05frm12;nace2FA;33
2023;1.Q.;05frm12;nace2GA;4
2023;1.Q.;05frm12;nace2HA;26
2023;1.Q.;05frm12;nace2IA;43
2023;1.Q.;05frm12;nace2JA;13
2023;1.Q.;05frm12;nace2JB;1
2023;1.Q.;05frm12;nace2JC;4
2023;1.Q.;05frm12;nace2KA;7
2023;1.Q.;05frm12;nace2LA;2901
2023;1.Q.;05frm12;nace2MA;17
2023;1.Q.;05frm12;nace2MB;71
2023;1.Q.;05frm12;nace2MC;6
2023;1.Q.;05frm12;nace2NA;74
2023;1.Q.;05frm12;nace2OA;3233
2023;1.Q.;05frm12;nace2PA;3848
2023;1.Q.;05frm12;nace2QA;129
2023;1.Q.;05frm12;nace2QB;1425
2023;1.Q.;05frm12;nace2RA;5774
2023;1.Q.;05frm12;nace2SA;18979
2023;1.Q.;05frm12;nace2ZZ;
2023;2.Q.;05frm00;nace1;688914
2023;2.Q.;05frm00;nace2AA;24627
2023;2.Q.;05frm00;nace2BA;299
2023;2.Q.;05frm00;nace2C;85531
2023;2.Q.;05frm00;nace2CA;6015
2023;2.Q.;05frm00;nace2CB;6289
2023;2.Q.;05frm00;nace2CC;15423
2023;2.Q.;05frm00;nace2CD;24
2023;2.Q.;05frm00;nace2CE;572
2023;2.Q.;05frm00;nace2CF;29
2023;2.Q.;05frm00;nace2CG;4322
2023;2.Q.;05frm00;nace2CH;35522
2023;2.Q.;05frm00;nace2CI;2045
2023;2.Q.;05frm00;nace2CJ;2113
2023;2.Q.;05frm00;nace2CK;1852
2023;2.Q.;05frm00;nace2CL;1468
2023;2.Q.;05frm00;nace2CM;9857
2023;2.Q.;05frm00;nace2DA;813
2023;2.Q.;05frm00;nace2EA;2040
2023;2.Q.;05frm00;nace2FA;126978
2023;2.Q.;05frm00;nace2GA;98377
2023;2.Q.;05frm00;nace2HA;27378
2023;2.Q.;05frm00;nace2IA;20396
2023;2.Q.;05frm00;nace2JA;6448
2023;2.Q.;05frm00;nace2JB;300
2023;2.Q.;05frm00;nace2JC;25559
2023;2.Q.;05frm00;nace2KA;12658
2023;2.Q.;05frm00;nace2LA;20632
2023;2.Q.;05frm00;nace2MA;67732
2023;2.Q.;05frm00;nace2MB;1039
2023;2.Q.;05frm00;nace2MC;26535
2023;2.Q.;05frm00;nace2NA;55343
2023;2.Q.;05frm00;nace2OA;3241
2023;2.Q.;05frm00;nace2PA;13350
2023;2.Q.;05frm00;nace2QA;9375
2023;2.Q.;05frm00;nace2QB;2303
2023;2.Q.;05frm00;nace2RA;14665
2023;2.Q.;05frm00;nace2SA;43295
2023;2.Q.;05frm00;nace2ZZ;
2023;2.Q.;05frm010;nace1;651685
2023;2.Q.;05frm010;nace2AA;24622
2023;2.Q.;05frm010;nace2BA;299
2023;2.Q.;05frm010;nace2C;85515
2023;2.Q.;05frm010;nace2CA;6008
2023;2.Q.;05frm010;nace2CB;6289
2023;2.Q.;05frm010;nace2CC;15416
2023;2.Q.;05frm010;nace2CD;24
2023;2.Q.;05frm010;nace2CE;572
2023;2.Q.;05frm010;nace2CF;29
2023;2.Q.;05frm010;nace2CG;4321
2023;2.Q.;05frm010;nace2CH;35521
2023;2.Q.;05frm010;nace2CI;2045
2023;2.Q.;05frm010;nace2CJ;2113
2023;2.Q.;05frm010;nace2CK;1852
2023;2.Q.;05frm010;nace2CL;1468
2023;2.Q.;05frm010;nace2CM;9857
2023;2.Q.;05frm010;nace2DA;813
2023;2.Q.;05frm010;nace2EA;1977
2023;2.Q.;05frm010;nace2FA;126938
2023;2.Q.;05frm010;nace2GA;98372
2023;2.Q.;05frm010;nace2HA;27352
2023;2.Q.;05frm010;nace2IA;20353
2023;2.Q.;05frm010;nace2JA;6435
2023;2.Q.;05frm010;nace2JB;299
2023;2.Q.;05frm010;nace2JC;25555
2023;2.Q.;05frm010;nace2KA;12651
2023;2.Q.;05frm010;nace2LA;17717
2023;2.Q.;05frm010;nace2MA;67714
2023;2.Q.;05frm010;nace2MB;968
2023;2.Q.;05frm010;nace2MC;26529
2023;2.Q.;05frm010;nace2NA;55260
2023;2.Q.;05frm010;nace2OA;15
2023;2.Q.;05frm010;nace2PA;9500
2023;2.Q.;05frm010;nace2QA;9246
2023;2.Q.;05frm010;nace2QB;855
2023;2.Q.;05frm010;nace2RA;8837
2023;2.Q.;05frm010;nace2SA;23863
2023;2.Q.;05frm010;nace2ZZ;
2023;2.Q.;05frm011;nace1;254760
2023;2.Q.;05frm011;nace2AA;8297
2023;2.Q.;05frm011;nace2BA;225
2023;2.Q.;05frm011;nace2C;29572
2023;2.Q.;05frm011;nace2CA;3913
2023;2.Q.;05frm011;nace2CB;2514
2023;2.Q.;05frm011;nace2CC;5914
2023;2.Q.;05frm011;nace2CD;22
2023;2.Q.;05frm011;nace2CE;462
2023;2.Q.;05frm011;nace2CF;27
2023;2.Q.;05frm011;nace2CG;2096
2023;2.Q.;05frm011;nace2CH;6981
2023;2.Q.;05frm011;nace2CI;1443
2023;2.Q.;05frm011;nace2CJ;1208
2023;2.Q.;05frm011;nace2CK;1202
2023;2.Q.;05frm011;nace2CL;583
2023;2.Q.;05frm011;nace2CM;3207
2023;2.Q.;05frm011;nace2DA;525
2023;2.Q.;05frm011;nace2EA;1360
2023;2.Q.;05frm011;nace2FA;25018
2023;2.Q.;05frm011;nace2GA;40984
2023;2.Q.;05frm011;nace2HA;10890
2023;2.Q.;05frm011;nace2IA;9910
2023;2.Q.;05frm011;nace2JA;2950
2023;2.Q.;05frm011;nace2JB;271
2023;2.Q.;05frm011;nace2JC;13170
2023;2.Q.;05frm011;nace2KA;1172
2023;2.Q.;05frm011;nace2LA;15843
2023;2.Q.;05frm011;nace2MA;32085
2023;2.Q.;05frm011;nace2MB;669
2023;2.Q.;05frm011;nace2MC;12381
2023;2.Q.;05frm011;nace2NA;29833
2023;2.Q.;05frm011;nace2OA;15
2023;2.Q.;05frm011;nace2PA;4125
2023;2.Q.;05frm011;nace2QA;6590
2023;2.Q.;05frm011;nace2QB;367
2023;2.Q.;05frm011;nace2RA;3611
2023;2.Q.;05frm011;nace2SA;4897
2023;2.Q.;05frm011;nace2ZZ;
2023;2.Q.;05frm0120;nace1;396925
2023;2.Q.;05frm0120;nace2AA;16325
2023;2.Q.;05frm0120;nace2BA;74
2023;2.Q.;05frm0120;nace2C;55943
2023;2.Q.;05frm0120;nace2CA;2095
2023;2.Q.;05frm0120;nace2CB;3775
2023;2.Q.;05frm0120;nace2CC;9502
2023;2.Q.;05frm0120;nace2CD;2
2023;2.Q.;05frm0120;nace2CE;110
2023;2.Q.;05frm0120;nace2CF;2
2023;2.Q.;05frm0120;nace2CG;2225
2023;2.Q.;05frm0120;nace2CH;28540
2023;2.Q.;05frm0120;nace2CI;602
2023;2.Q.;05frm0120;nace2CJ;905
2023;2.Q.;05frm0120;nace2CK;650
2023;2.Q.;05frm0120;nace2CL;885
2023;2.Q.;05frm0120;nace2CM;6650
2023;2.Q.;05frm0120;nace2DA;288
2023;2.Q.;05frm0120;nace2EA;617
2023;2.Q.;05frm0120;nace2FA;101920
2023;2.Q.;05frm0120;nace2GA;57388
2023;2.Q.;05frm0120;nace2HA;16462
2023;2.Q.;05frm0120;nace2IA;10443
2023;2.Q.;05frm0120;nace2JA;3485
2023;2.Q.;05frm0120;nace2JB;28
2023;2.Q.;05frm0120;nace2JC;12385
2023;2.Q.;05frm0120;nace2KA;11479
2023;2.Q.;05frm0120;nace2LA;1874
2023;2.Q.;05frm0120;nace2MA;35629
2023;2.Q.;05frm0120;nace2MB;299
2023;2.Q.;05frm0120;nace2MC;14148
2023;2.Q.;05frm0120;nace2NA;25427
2023;2.Q.;05frm0120;nace2OA;
2023;2.Q.;05frm0120;nace2PA;5375
2023;2.Q.;05frm0120;nace2QA;2656
2023;2.Q.;05frm0120;nace2QB;488
2023;2.Q.;05frm0120;nace2RA;5226
2023;2.Q.;05frm0120;nace2SA;18966
2023;2.Q.;05frm0120;nace2ZZ;
2023;2.Q.;05frm0121;nace1;370625
2023;2.Q.;05frm0121;nace2AA;12908
2023;2.Q.;05frm0121;nace2BA;71
2023;2.Q.;05frm0121;nace2C;55926
2023;2.Q.;05frm0121;nace2CA;2080
2023;2.Q.;05frm0121;nace2CB;3775
2023;2.Q.;05frm0121;nace2CC;9502
2023;2.Q.;05frm0121;nace2CD;2
2023;2.Q.;05frm0121;nace2CE;110
2023;2.Q.;05frm0121;nace2CF;2
2023;2.Q.;05frm0121;nace2CG;2224
2023;2.Q.;05frm0121;nace2CH;28539
2023;2.Q.;05frm0121;nace2CI;602
2023;2.Q.;05frm0121;nace2CJ;905
2023;2.Q.;05frm0121;nace2CK;650
2023;2.Q.;05frm0121;nace2CL;885
2023;2.Q.;05frm0121;nace2CM;6650
2023;2.Q.;05frm0121;nace2DA;12
2023;2.Q.;05frm0121;nace2EA;617
2023;2.Q.;05frm0121;nace2FA;101917
2023;2.Q.;05frm0121;nace2GA;57347
2023;2.Q.;05frm0121;nace2HA;14561
2023;2.Q.;05frm0121;nace2IA;10443
2023;2.Q.;05frm0121;nace2JA;3485
2023;2.Q.;05frm0121;nace2JB;28
2023;2.Q.;05frm0121;nace2JC;12385
2023;2.Q.;05frm0121;nace2KA;3035
2023;2.Q.;05frm0121;nace2LA;1865
2023;2.Q.;05frm0121;nace2MA;30442
2023;2.Q.;05frm0121;nace2MB;299
2023;2.Q.;05frm0121;nace2MC;11904
2023;2.Q.;05frm0121;nace2NA;25382
2023;2.Q.;05frm0121;nace2OA;
2023;2.Q.;05frm0121;nace2PA;5374
2023;2.Q.;05frm0121;nace2QA;302
2023;2.Q.;05frm0121;nace2QB;482
2023;2.Q.;05frm0121;nace2RA;2875
2023;2.Q.;05frm0121;nace2SA;18965
2023;2.Q.;05frm0121;nace2ZZ;
2023;2.Q.;05frm12;nace1;37229
2023;2.Q.;05frm12;nace2AA;5
2023;2.Q.;05frm12;nace2BA;
2023;2.Q.;05frm12;nace2C;16
2023;2.Q.;05frm12;nace2CA;7
2023;2.Q.;05frm12;nace2CB;
2023;2.Q.;05frm12;nace2CC;7
2023;2.Q.;05frm12;nace2CD;
2023;2.Q.;05frm12;nace2CE;
2023;2.Q.;05frm12;nace2CF;
2023;2.Q.;05frm12;nace2CG;1
2023;2.Q.;05frm12;nace2CH;1
2023;2.Q.;05frm12;nace2CI;
2023;2.Q.;05frm12;nace2CJ;
2023;2.Q.;05frm12;nace2CK;
2023;2.Q.;05frm12;nace2CL;
2023;2.Q.;05frm12;nace2CM;
2023;2.Q.;05frm12;nace2DA;
2023;2.Q.;05frm12;nace2EA;63
2023;2.Q.;05frm12;nace2FA;40
2023;2.Q.;05frm12;nace2GA;5
2023;2.Q.;05frm12;nace2HA;26
2023;2.Q.;05frm12;nace2IA;43
2023;2.Q.;05frm12;nace2JA;13
2023;2.Q.;05frm12;nace2JB;1
2023;2.Q.;05frm12;nace2JC;4
2023;2.Q.;05frm12;nace2KA;7
2023;2.Q.;05frm12;nace2LA;2915
2023;2.Q.;05frm12;nace2MA;18
2023;2.Q.;05frm12;nace2MB;71
2023;2.Q.;05frm12;nace2MC;6
2023;2.Q.;05frm12;nace2NA;83
2023;2.Q.;05frm12;nace2OA;3226
2023;2.Q.;05frm12;nace2PA;3850
2023;2.Q.;05frm12;nace2QA;129
2023;2.Q.;05frm12;nace2QB;1448
2023;2.Q.;05frm12;nace2RA;5828
2023;2.Q.;05frm12;nace2SA;19432
2023;2.Q.;05frm12;nace2ZZ;
2023;3.Q.;05frm00;nace1;702713
2023;3.Q.;05frm00;nace2AA;25040
2023;3.Q.;05frm00;nace2BA;314
2023;3.Q.;05frm00;nace2C;86847
2023;3.Q.;05frm00;nace2CA;6105
2023;3.Q.;05frm00;nace2CB;6313
2023;3.Q.;05frm00;nace2CC;15490
2023;3.Q.;05frm00;nace2CD;24
2023;3.Q.;05frm00;nace2CE;577
2023;3.Q.;05frm00;nace2CF;29
2023;3.Q.;05frm00;nace2CG;4360
2023;3.Q.;05frm00;nace2CH;36284
2023;3.Q.;05frm00;nace2CI;2138
2023;3.Q.;05frm00;nace2CJ;2099
2023;3.Q.;05frm00;nace2CK;1924
2023;3.Q.;05frm00;nace2CL;1601
2023;3.Q.;05frm00;nace2CM;9903
2023;3.Q.;05frm00;nace2DA;819
2023;3.Q.;05frm00;nace2EA;2092
2023;3.Q.;05frm00;nace2FA;130442
2023;3.Q.;05frm00;nace2GA;100365
2023;3.Q.;05frm00;nace2HA;27957
2023;3.Q.;05frm00;nace2IA;20644
2023;3.Q.;05frm00;nace2JA;6508
2023;3.Q.;05frm00;nace2JB;299
2023;3.Q.;05frm00;nace2JC;26019
2023;3.Q.;05frm00;nace2KA;12495
2023;3.Q.;05frm00;nace2LA;20864
2023;3.Q.;05frm00;nace2MA;68834
2023;3.Q.;05frm00;nace2MB;1076
2023;3.Q.;05frm00;nace2MC;27240
2023;3.Q.;05frm00;nace2NA;56926
2023;3.Q.;05frm00;nace2OA;3230
2023;3.Q.;05frm00;nace2PA;13539
2023;3.Q.;05frm00;nace2QA;9382
2023;3.Q.;05frm00;nace2QB;2317
2023;3.Q.;05frm00;nace2RA;15155
2023;3.Q.;05frm00;nace2SA;44309
2023;3.Q.;05frm00;nace2ZZ;
2023;3.Q.;05frm010;nace1;664865
2023;3.Q.;05frm010;nace2AA;25034
2023;3.Q.;05frm010;nace2BA;314
2023;3.Q.;05frm010;nace2C;86831
2023;3.Q.;05frm010;nace2CA;6098
2023;3.Q.;05frm010;nace2CB;6313
2023;3.Q.;05frm010;nace2CC;15483
2023;3.Q.;05frm010;nace2CD;24
2023;3.Q.;05frm010;nace2CE;577
2023;3.Q.;05frm010;nace2CF;29
2023;3.Q.;05frm010;nace2CG;4359
2023;3.Q.;05frm010;nace2CH;36283
2023;3.Q.;05frm010;nace2CI;2138
2023;3.Q.;05frm010;nace2CJ;2099
2023;3.Q.;05frm010;nace2CK;1924
2023;3.Q.;05frm010;nace2CL;1601
2023;3.Q.;05frm010;nace2CM;9903
2023;3.Q.;05frm010;nace2DA;819
2023;3.Q.;05frm010;nace2EA;2028
2023;3.Q.;05frm010;nace2FA;130404
2023;3.Q.;05frm010;nace2GA;100360
2023;3.Q.;05frm010;nace2HA;27930
2023;3.Q.;05frm010;nace2IA;20601
2023;3.Q.;05frm010;nace2JA;6495
2023;3.Q.;05frm010;nace2JB;298
2023;3.Q.;05frm010;nace2JC;26015
2023;3.Q.;05frm010;nace2KA;12488
2023;3.Q.;05frm010;nace2LA;17941
2023;3.Q.;05frm010;nace2MA;68816
2023;3.Q.;05frm010;nace2MB;1005
2023;3.Q.;05frm010;nace2MC;27234
2023;3.Q.;05frm010;nace2NA;56841
2023;3.Q.;05frm010;nace2OA;15
2023;3.Q.;05frm010;nace2PA;9677
2023;3.Q.;05frm010;nace2QA;9252
2023;3.Q.;05frm010;nace2QB;856
2023;3.Q.;05frm010;nace2RA;9268
2023;3.Q.;05frm010;nace2SA;24343
2023;3.Q.;05frm010;nace2ZZ;
2023;3.Q.;05frm011;nace1;259513
2023;3.Q.;05frm011;nace2AA;8342
2023;3.Q.;05frm011;nace2BA;240
2023;3.Q.;05frm011;nace2C;29803
2023;3.Q.;05frm011;nace2CA;3968
2023;3.Q.;05frm011;nace2CB;2523
2023;3.Q.;05frm011;nace2CC;5941
2023;3.Q.;05frm011;nace2CD;22
2023;3.Q.;05frm011;nace2CE;467
2023;3.Q.;05frm011;nace2CF;27
2023;3.Q.;05frm011;nace2CG;2101
2023;3.Q.;05frm011;nace2CH;7011
2023;3.Q.;05frm011;nace2CI;1466
2023;3.Q.;05frm011;nace2CJ;1209
2023;3.Q.;05frm011;nace2CK;1242
2023;3.Q.;05frm011;nace2CL;591
2023;3.Q.;05frm011;nace2CM;3235
2023;3.Q.;05frm011;nace2DA;524
2023;3.Q.;05frm011;nace2EA;1400
2023;3.Q.;05frm011;nace2FA;25614
2023;3.Q.;05frm011;nace2GA;42361
2023;3.Q.;05frm011;nace2HA;11053
2023;3.Q.;05frm011;nace2IA;10030
2023;3.Q.;05frm011;nace2JA;3003
2023;3.Q.;05frm011;nace2JB;270
2023;3.Q.;05frm011;nace2JC;13554
2023;3.Q.;05frm011;nace2KA;1176
2023;3.Q.;05frm011;nace2LA;16044
2023;3.Q.;05frm011;nace2MA;32603
2023;3.Q.;05frm011;nace2MB;686
2023;3.Q.;05frm011;nace2MC;12467
2023;3.Q.;05frm011;nace2NA;30502
2023;3.Q.;05frm011;nace2OA;15
2023;3.Q.;05frm011;nace2PA;4165
2023;3.Q.;05frm011;nace2QA;6592
2023;3.Q.;05frm011;nace2QB;372
2023;3.Q.;05frm011;nace2RA;3690
2023;3.Q.;05frm011;nace2SA;5007
2023;3.Q.;05frm011;nace2ZZ;
2023;3.Q.;05frm0120;nace1;405352
2023;3.Q.;05frm0120;nace2AA;16692
2023;3.Q.;05frm0120;nace2BA;74
2023;3.Q.;05frm0120;nace2C;57028
2023;3.Q.;05frm0120;nace2CA;2130
2023;3.Q.;05frm0120;nace2CB;3790
2023;3.Q.;05frm0120;nace2CC;9542
2023;3.Q.;05frm0120;nace2CD;2
2023;3.Q.;05frm0120;nace2CE;110
2023;3.Q.;05frm0120;nace2CF;2
2023;3.Q.;05frm0120;nace2CG;2258
2023;3.Q.;05frm0120;nace2CH;29272
2023;3.Q.;05frm0120;nace2CI;672
2023;3.Q.;05frm0120;nace2CJ;890
2023;3.Q.;05frm0120;nace2CK;682
2023;3.Q.;05frm0120;nace2CL;1010
2023;3.Q.;05frm0120;nace2CM;6668
2023;3.Q.;05frm0120;nace2DA;295
2023;3.Q.;05frm0120;nace2EA;628
2023;3.Q.;05frm0120;nace2FA;104790
2023;3.Q.;05frm0120;nace2GA;57999
2023;3.Q.;05frm0120;nace2HA;16877
2023;3.Q.;05frm0120;nace2IA;10571
2023;3.Q.;05frm0120;nace2JA;3492
2023;3.Q.;05frm0120;nace2JB;28
2023;3.Q.;05frm0120;nace2JC;12461
2023;3.Q.;05frm0120;nace2KA;11312
2023;3.Q.;05frm0120;nace2LA;1897
2023;3.Q.;05frm0120;nace2MA;36213
2023;3.Q.;05frm0120;nace2MB;319
2023;3.Q.;05frm0120;nace2MC;14767
2023;3.Q.;05frm0120;nace2NA;26339
2023;3.Q.;05frm0120;nace2OA;
2023;3.Q.;05frm0120;nace2PA;5512
2023;3.Q.;05frm0120;nace2QA;2660
2023;3.Q.;05frm0120;nace2QB;484
2023;3.Q.;05frm0120;nace2RA;5578
2023;3.Q.;05frm0120;nace2SA;19336
2023;3.Q.;05frm0120;nace2ZZ;
2023;3.Q.;05frm0121;nace1;378697
2023;3.Q.;05frm0121;nace2AA;13261
2023;3.Q.;05frm0121;nace2BA;71
2023;3.Q.;05frm0121;nace2C;57013
2023;3.Q.;05frm0121;nace2CA;2115
2023;3.Q.;05frm0121;nace2CB;3790
2023;3.Q.;05frm0121;nace2CC;9542
2023;3.Q.;05frm0121;nace2CD;2
2023;3.Q.;05frm0121;nace2CE;110
2023;3.Q.;05frm0121;nace2CF;2
2023;3.Q.;05frm0121;nace2CG;2258
2023;3.Q.;05frm0121;nace2CH;29272
2023;3.Q.;05frm0121;nace2CI;672
2023;3.Q.;05frm0121;nace2CJ;890
2023;3.Q.;05frm0121;nace2CK;682
2023;3.Q.;05frm0121;nace2CL;1010
2023;3.Q.;05frm0121;nace2CM;6668
2023;3.Q.;05frm0121;nace2DA;13
2023;3.Q.;05frm0121;nace2EA;628
2023;3.Q.;05frm0121;nace2FA;104787
2023;3.Q.;05frm0121;nace2GA;57954
2023;3.Q.;05frm0121;nace2HA;14933
2023;3.Q.;05frm0121;nace2IA;10571
2023;3.Q.;05frm0121;nace2JA;3492
2023;3.Q.;05frm0121;nace2JB;28
2023;3.Q.;05frm0121;nace2JC;12461
2023;3.Q.;05frm0121;nace2KA;2972
2023;3.Q.;05frm0121;nace2LA;1891
2023;3.Q.;05frm0121;nace2MA;31024
2023;3.Q.;05frm0121;nace2MB;319
2023;3.Q.;05frm0121;nace2MC;12394
2023;3.Q.;05frm0121;nace2NA;26285
2023;3.Q.;05frm0121;nace2OA;
2023;3.Q.;05frm0121;nace2PA;5511
2023;3.Q.;05frm0121;nace2QA;298
2023;3.Q.;05frm0121;nace2QB;478
2023;3.Q.;05frm0121;nace2RA;2978
2023;3.Q.;05frm0121;nace2SA;19335
2023;3.Q.;05frm0121;nace2ZZ;
2023;3.Q.;05frm12;nace1;37848
2023;3.Q.;05frm12;nace2AA;6
2023;3.Q.;05frm12;nace2BA;
2023;3.Q.;05frm12;nace2C;16
2023;3.Q.;05frm12;nace2CA;7
2023;3.Q.;05frm12;nace2CB;
2023;3.Q.;05frm12;nace2CC;7
2023;3.Q.;05frm12;nace2CD;
2023;3.Q.;05frm12;nace2CE;
2023;3.Q.;05frm12;nace2CF;
2023;3.Q.;05frm12;nace2CG;1
2023;3.Q.;05frm12;nace2CH;1
2023;3.Q.;05frm12;nace2CI;
2023;3.Q.;05frm12;nace2CJ;
2023;3.Q.;05frm12;nace2CK;
2023;3.Q.;05frm12;nace2CL;
2023;3.Q.;05frm12;nace2CM;
2023;3.Q.;05frm12;nace2DA;
2023;3.Q.;05frm12;nace2EA;64
2023;3.Q.;05frm12;nace2FA;38
2023;3.Q.;05frm12;nace2GA;5
2023;3.Q.;05frm12;nace2HA;27
2023;3.Q.;05frm12;nace2IA;43
2023;3.Q.;05frm12;nace2JA;13
2023;3.Q.;05frm12;nace2JB;1
2023;3.Q.;05frm12;nace2JC;4
2023;3.Q.;05frm12;nace2KA;7
2023;3.Q.;05frm12;nace2LA;2923
2023;3.Q.;05frm12;nace2MA;18
2023;3.Q.;05frm12;nace2MB;71
2023;3.Q.;05frm12;nace2MC;6
2023;3.Q.;05frm12;nace2NA;85
2023;3.Q.;05frm12;nace2OA;3215
2023;3.Q.;05frm12;nace2PA;3862
2023;3.Q.;05frm12;nace2QA;130
2023;3.Q.;05frm12;nace2QB;1461
2023;3.Q.;05frm12;nace2RA;5887
2023;3.Q.;05frm12;nace2SA;19966
2023;3.Q.;05frm12;nace2ZZ;
2023;4.Q.;05frm00;nace1;706489
2023;4.Q.;05frm00;nace2AA;24653
2023;4.Q.;05frm00;nace2BA;331
2023;4.Q.;05frm00;nace2C;86399
2023;4.Q.;05frm00;nace2CA;6158
2023;4.Q.;05frm00;nace2CB;6307
2023;4.Q.;05frm00;nace2CC;15377
2023;4.Q.;05frm00;nace2CD;24
2023;4.Q.;05frm00;nace2CE;586
2023;4.Q.;05frm00;nace2CF;29
2023;4.Q.;05frm00;nace2CG;4283
2023;4.Q.;05frm00;nace2CH;35857
2023;4.Q.;05frm00;nace2CI;2206
2023;4.Q.;05frm00;nace2CJ;2059
2023;4.Q.;05frm00;nace2CK;1957
2023;4.Q.;05frm00;nace2CL;1698
2023;4.Q.;05frm00;nace2CM;9858
2023;4.Q.;05frm00;nace2DA;825
2023;4.Q.;05frm00;nace2EA;2106
2023;4.Q.;05frm00;nace2FA;129903
2023;4.Q.;05frm00;nace2GA;101489
2023;4.Q.;05frm00;nace2HA;28121
2023;4.Q.;05frm00;nace2IA;20598
2023;4.Q.;05frm00;nace2JA;6534
2023;4.Q.;05frm00;nace2JB;298
2023;4.Q.;05frm00;nace2JC;26235
2023;4.Q.;05frm00;nace2KA;12450
2023;4.Q.;05frm00;nace2LA;21078
2023;4.Q.;05frm00;nace2MA;69248
2023;4.Q.;05frm00;nace2MB;1080
2023;4.Q.;05frm00;nace2MC;27619
2023;4.Q.;05frm00;nace2NA;58052
2023;4.Q.;05frm00;nace2OA;3229
2023;4.Q.;05frm00;nace2PA;13641
2023;4.Q.;05frm00;nace2QA;9379
2023;4.Q.;05frm00;nace2QB;2334
2023;4.Q.;05frm00;nace2RA;15412
2023;4.Q.;05frm00;nace2SA;45475
2023;4.Q.;05frm00;nace2ZZ;
2023;4.Q.;05frm010;nace1;667606
2023;4.Q.;05frm010;nace2AA;24647
2023;4.Q.;05frm010;nace2BA;331
2023;4.Q.;05frm010;nace2C;86382
2023;4.Q.;05frm010;nace2CA;6150
2023;4.Q.;05frm010;nace2CB;6307
2023;4.Q.;05frm010;nace2CC;15370
2023;4.Q.;05frm010;nace2CD;24
2023;4.Q.;05frm010;nace2CE;586
2023;4.Q.;05frm010;nace2CF;29
2023;4.Q.;05frm010;nace2CG;4282
2023;4.Q.;05frm010;nace2CH;35856
2023;4.Q.;05frm010;nace2CI;2206
2023;4.Q.;05frm010;nace2CJ;2059
2023;4.Q.;05frm010;nace2CK;1957
2023;4.Q.;05frm010;nace2CL;1698
2023;4.Q.;05frm010;nace2CM;9858
2023;4.Q.;05frm010;nace2DA;825
2023;4.Q.;05frm010;nace2EA;2041
2023;4.Q.;05frm010;nace2FA;129861
2023;4.Q.;05frm010;nace2GA;101483
2023;4.Q.;05frm010;nace2HA;28093
2023;4.Q.;05frm010;nace2IA;20555
2023;4.Q.;05frm010;nace2JA;6521
2023;4.Q.;05frm010;nace2JB;297
2023;4.Q.;05frm010;nace2JC;26231
2023;4.Q.;05frm010;nace2KA;12443
2023;4.Q.;05frm010;nace2LA;18145
2023;4.Q.;05frm010;nace2MA;69229
2023;4.Q.;05frm010;nace2MB;1009
2023;4.Q.;05frm010;nace2MC;27613
2023;4.Q.;05frm010;nace2NA;57964
2023;4.Q.;05frm010;nace2OA;15
2023;4.Q.;05frm010;nace2PA;9794
2023;4.Q.;05frm010;nace2QA;9249
2023;4.Q.;05frm010;nace2QB;862
2023;4.Q.;05frm010;nace2RA;9451
2023;4.Q.;05frm010;nace2SA;24565
2023;4.Q.;05frm010;nace2ZZ;
2023;4.Q.;05frm011;nace1;264086
2023;4.Q.;05frm011;nace2AA;8345
2023;4.Q.;05frm011;nace2BA;261
2023;4.Q.;05frm011;nace2C;30020
2023;4.Q.;05frm011;nace2CA;4022
2023;4.Q.;05frm011;nace2CB;2522
2023;4.Q.;05frm011;nace2CC;5961
2023;4.Q.;05frm011;nace2CD;22
2023;4.Q.;05frm011;nace2CE;475
2023;4.Q.;05frm011;nace2CF;27
2023;4.Q.;05frm011;nace2CG;2104
2023;4.Q.;05frm011;nace2CH;7030
2023;4.Q.;05frm011;nace2CI;1489
2023;4.Q.;05frm011;nace2CJ;1209
2023;4.Q.;05frm011;nace2CK;1293
2023;4.Q.;05frm011;nace2CL;604
2023;4.Q.;05frm011;nace2CM;3262
2023;4.Q.;05frm011;nace2DA;525
2023;4.Q.;05frm011;nace2EA;1426
2023;4.Q.;05frm011;nace2FA;26164
2023;4.Q.;05frm011;nace2GA;43807
2023;4.Q.;05frm011;nace2HA;11177
2023;4.Q.;05frm011;nace2IA;10106
2023;4.Q.;05frm011;nace2JA;3070
2023;4.Q.;05frm011;nace2JB;269
2023;4.Q.;05frm011;nace2JC;13913
2023;4.Q.;05frm011;nace2KA;1211
2023;4.Q.;05frm011;nace2LA;16265
2023;4.Q.;05frm011;nace2MA;33081
2023;4.Q.;05frm011;nace2MB;684
2023;4.Q.;05frm011;nace2MC;12507
2023;4.Q.;05frm011;nace2NA;31182
2023;4.Q.;05frm011;nace2OA;15
2023;4.Q.;05frm011;nace2PA;4211
2023;4.Q.;05frm011;nace2QA;6592
2023;4.Q.;05frm011;nace2QB;382
2023;4.Q.;05frm011;nace2RA;3745
2023;4.Q.;05frm011;nace2SA;5128
2023;4.Q.;05frm011;nace2ZZ;
2023;4.Q.;05frm0120;nace1;403520
2023;4.Q.;05frm0120;nace2AA;16302
2023;4.Q.;05frm0120;nace2BA;70
2023;4.Q.;05frm0120;nace2C;56362
2023;4.Q.;05frm0120;nace2CA;2128
2023;4.Q.;05frm0120;nace2CB;3785
2023;4.Q.;05frm0120;nace2CC;9409
2023;4.Q.;05frm0120;nace2CD;2
2023;4.Q.;05frm0120;nace2CE;111
2023;4.Q.;05frm0120;nace2CF;2
2023;4.Q.;05frm0120;nace2CG;2178
2023;4.Q.;05frm0120;nace2CH;28826
2023;4.Q.;05frm0120;nace2CI;717
2023;4.Q.;05frm0120;nace2CJ;850
2023;4.Q.;05frm0120;nace2CK;664
2023;4.Q.;05frm0120;nace2CL;1094
2023;4.Q.;05frm0120;nace2CM;6596
2023;4.Q.;05frm0120;nace2DA;300
2023;4.Q.;05frm0120;nace2EA;615
2023;4.Q.;05frm0120;nace2FA;103697
2023;4.Q.;05frm0120;nace2GA;57676
2023;4.Q.;05frm0120;nace2HA;16916
2023;4.Q.;05frm0120;nace2IA;10449
2023;4.Q.;05frm0120;nace2JA;3451
2023;4.Q.;05frm0120;nace2JB;28
2023;4.Q.;05frm0120;nace2JC;12318
2023;4.Q.;05frm0120;nace2KA;11232
2023;4.Q.;05frm0120;nace2LA;1880
2023;4.Q.;05frm0120;nace2MA;36148
2023;4.Q.;05frm0120;nace2MB;325
2023;4.Q.;05frm0120;nace2MC;15106
2023;4.Q.;05frm0120;nace2NA;26782
2023;4.Q.;05frm0120;nace2OA;
2023;4.Q.;05frm0120;nace2PA;5583
2023;4.Q.;05frm0120;nace2QA;2657
2023;4.Q.;05frm0120;nace2QB;480
2023;4.Q.;05frm0120;nace2RA;5706
2023;4.Q.;05frm0120;nace2SA;19437
2023;4.Q.;05frm0120;nace2ZZ;
2023;4.Q.;05frm0121;nace1;376745
2023;4.Q.;05frm0121;nace2AA;12864
2023;4.Q.;05frm0121;nace2BA;65
2023;4.Q.;05frm0121;nace2C;56347
2023;4.Q.;05frm0121;nace2CA;2113
2023;4.Q.;05frm0121;nace2CB;3785
2023;4.Q.;05frm0121;nace2CC;9409
2023;4.Q.;05frm0121;nace2CD;2
2023;4.Q.;05frm0121;nace2CE;111
2023;4.Q.;05frm0121;nace2CF;2
2023;4.Q.;05frm0121;nace2CG;2178
2023;4.Q.;05frm0121;nace2CH;28826
2023;4.Q.;05frm0121;nace2CI;717
2023;4.Q.;05frm0121;nace2CJ;850
2023;4.Q.;05frm0121;nace2CK;664
2023;4.Q.;05frm0121;nace2CL;1094
2023;4.Q.;05frm0121;nace2CM;6596
2023;4.Q.;05frm0121;nace2DA;13
2023;4.Q.;05frm0121;nace2EA;615
2023;4.Q.;05frm0121;nace2FA;103694
2023;4.Q.;05frm0121;nace2GA;57627
2023;4.Q.;05frm0121;nace2HA;15001
2023;4.Q.;05frm0121;nace2IA;10449
2023;4.Q.;05frm0121;nace2JA;3451
2023;4.Q.;05frm0121;nace2JB;28
2023;4.Q.;05frm0121;nace2JC;12318
2023;4.Q.;05frm0121;nace2KA;2896
2023;4.Q.;05frm0121;nace2LA;1874
2023;4.Q.;05frm0121;nace2MA;30997
2023;4.Q.;05frm0121;nace2MB;325
2023;4.Q.;05frm0121;nace2MC;12671
2023;4.Q.;05frm0121;nace2NA;26727
2023;4.Q.;05frm0121;nace2OA;
2023;4.Q.;05frm0121;nace2PA;5582
2023;4.Q.;05frm0121;nace2QA;292
2023;4.Q.;05frm0121;nace2QB;474
2023;4.Q.;05frm0121;nace2RA;2999
2023;4.Q.;05frm0121;nace2SA;19436
2023;4.Q.;05frm0121;nace2ZZ;
2023;4.Q.;05frm12;nace1;38883
2023;4.Q.;05frm12;nace2AA;6
2023;4.Q.;05frm12;nace2BA;
2023;4.Q.;05frm12;nace2C;17
2023;4.Q.;05frm12;nace2CA;8
2023;4.Q.;05frm12;nace2CB;
2023;4.Q.;05frm12;nace2CC;7
2023;4.Q.;05frm12;nace2CD;
2023;4.Q.;05frm12;nace2CE;
2023;4.Q.;05frm12;nace2CF;
2023;4.Q.;05frm12;nace2CG;1
2023;4.Q.;05frm12;nace2CH;1
2023;4.Q.;05frm12;nace2CI;
2023;4.Q.;05frm12;nace2CJ;
2023;4.Q.;05frm12;nace2CK;
2023;4.Q.;05frm12;nace2CL;
2023;4.Q.;05frm12;nace2CM;
2023;4.Q.;05frm12;nace2DA;
2023;4.Q.;05frm12;nace2EA;65
2023;4.Q.;05frm12;nace2FA;42
2023;4.Q.;05frm12;nace2GA;6
2023;4.Q.;05frm12;nace2HA;28
2023;4.Q.;05frm12;nace2IA;43
2023;4.Q.;05frm12;nace2JA;13
2023;4.Q.;05frm12;nace2JB;1
2023;4.Q.;05frm12;nace2JC;4
2023;4.Q.;05frm12;nace2KA;7
2023;4.Q.;05frm12;nace2LA;2933
2023;4.Q.;05frm12;nace2MA;19
2023;4.Q.;05frm12;nace2MB;71
2023;4.Q.;05frm12;nace2MC;6
2023;4.Q.;05frm12;nace2NA;88
2023;4.Q.;05frm12;nace2OA;3214
2023;4.Q.;05frm12;nace2PA;3847
2023;4.Q.;05frm12;nace2QA;130
2023;4.Q.;05frm12;nace2QB;1472
2023;4.Q.;05frm12;nace2RA;5961
2023;4.Q.;05frm12;nace2SA;20910
2023;4.Q.;05frm12;nace2ZZ;
2022;1.Q.;05frm00;nace1;669147
2022;1.Q.;05frm00;nace2AA;24190
2022;1.Q.;05frm00;nace2BA;288
2022;1.Q.;05frm00;nace2C;82772
2022;1.Q.;05frm00;nace2CA;5804
2022;1.Q.;05frm00;nace2CB;6231
2022;1.Q.;05frm00;nace2CC;15472
2022;1.Q.;05frm00;nace2CD;32
2022;1.Q.;05frm00;nace2CE;578
2022;1.Q.;05frm00;nace2CF;29
2022;1.Q.;05frm00;nace2CG;4414
2022;1.Q.;05frm00;nace2CH;33939
2022;1.Q.;05frm00;nace2CI;1839
2022;1.Q.;05frm00;nace2CJ;2037
2022;1.Q.;05frm00;nace2CK;1738
2022;1.Q.;05frm00;nace2CL;982
2022;1.Q.;05frm00;nace2CM;9677
2022;1.Q.;05frm00;nace2DA;597
2022;1.Q.;05frm00;nace2EA;2024
2022;1.Q.;05frm00;nace2FA;119279
2022;1.Q.;05frm00;nace2GA;100966
2022;1.Q.;05frm00;nace2HA;25928
2022;1.Q.;05frm00;nace2IA;20091
2022;1.Q.;05frm00;nace2JA;6155
2022;1.Q.;05frm00;nace2JB;296
2022;1.Q.;05frm00;nace2JC;23429
2022;1.Q.;05frm00;nace2KA;12271
2022;1.Q.;05frm00;nace2LA;21516
2022;1.Q.;05frm00;nace2MA;65764
2022;1.Q.;05frm00;nace2MB;1002
2022;1.Q.;05frm00;nace2MC;25481
2022;1.Q.;05frm00;nace2NA;52504
2022;1.Q.;05frm00;nace2OA;3246
2022;1.Q.;05frm00;nace2PA;12862
2022;1.Q.;05frm00;nace2QA;9443
2022;1.Q.;05frm00;nace2QB;2457
2022;1.Q.;05frm00;nace2RA;14120
2022;1.Q.;05frm00;nace2SA;42466
2022;1.Q.;05frm00;nace2ZZ;
2022;1.Q.;05frm010;nace1;631255
2022;1.Q.;05frm010;nace2AA;24182
2022;1.Q.;05frm010;nace2BA;288
2022;1.Q.;05frm010;nace2C;82754
2022;1.Q.;05frm010;nace2CA;5796
2022;1.Q.;05frm010;nace2CB;6231
2022;1.Q.;05frm010;nace2CC;15465
2022;1.Q.;05frm010;nace2CD;32
2022;1.Q.;05frm010;nace2CE;578
2022;1.Q.;05frm010;nace2CF;29
2022;1.Q.;05frm010;nace2CG;4413
2022;1.Q.;05frm010;nace2CH;33938
2022;1.Q.;05frm010;nace2CI;1839
2022;1.Q.;05frm010;nace2CJ;2037
2022;1.Q.;05frm010;nace2CK;1738
2022;1.Q.;05frm010;nace2CL;982
2022;1.Q.;05frm010;nace2CM;9676
2022;1.Q.;05frm010;nace2DA;596
2022;1.Q.;05frm010;nace2EA;1962
2022;1.Q.;05frm010;nace2FA;119247
2022;1.Q.;05frm010;nace2GA;100961
2022;1.Q.;05frm010;nace2HA;25902
2022;1.Q.;05frm010;nace2IA;20046
2022;1.Q.;05frm010;nace2JA;6142
2022;1.Q.;05frm010;nace2JB;295
2022;1.Q.;05frm010;nace2JC;23425
2022;1.Q.;05frm010;nace2KA;12263
2022;1.Q.;05frm010;nace2LA;18236
2022;1.Q.;05frm010;nace2MA;65746
2022;1.Q.;05frm010;nace2MB;929
2022;1.Q.;05frm010;nace2MC;25475
2022;1.Q.;05frm010;nace2NA;52427
2022;1.Q.;05frm010;nace2OA;14
2022;1.Q.;05frm010;nace2PA;9010
2022;1.Q.;05frm010;nace2QA;9311
2022;1.Q.;05frm010;nace2QB;889
2022;1.Q.;05frm010;nace2RA;8175
2022;1.Q.;05frm010;nace2SA;22980
2022;1.Q.;05frm010;nace2ZZ;
2022;1.Q.;05frm011;nace1;253585
2022;1.Q.;05frm011;nace2AA;8332
2022;1.Q.;05frm011;nace2BA;212
2022;1.Q.;05frm011;nace2C;28520
2022;1.Q.;05frm011;nace2CA;3761
2022;1.Q.;05frm011;nace2CB;2448
2022;1.Q.;05frm011;nace2CC;5782
2022;1.Q.;05frm011;nace2CD;29
2022;1.Q.;05frm011;nace2CE;463
2022;1.Q.;05frm011;nace2CF;26
2022;1.Q.;05frm011;nace2CG;2132
2022;1.Q.;05frm011;nace2CH;6712
2022;1.Q.;05frm011;nace2CI;1340
2022;1.Q.;05frm011;nace2CJ;1138
2022;1.Q.;05frm011;nace2CK;1134
2022;1.Q.;05frm011;nace2CL;557
2022;1.Q.;05frm011;nace2CM;2998
2022;1.Q.;05frm011;nace2DA;544
2022;1.Q.;05frm011;nace2EA;1340
2022;1.Q.;05frm011;nace2FA;24472
2022;1.Q.;05frm011;nace2GA;42457
2022;1.Q.;05frm011;nace2HA;10642
2022;1.Q.;05frm011;nace2IA;9797
2022;1.Q.;05frm011;nace2JA;2800
2022;1.Q.;05frm011;nace2JB;268
2022;1.Q.;05frm011;nace2JC;12353
2022;1.Q.;05frm011;nace2KA;1066
2022;1.Q.;05frm011;nace2LA;16394
2022;1.Q.;05frm011;nace2MA;32070
2022;1.Q.;05frm011;nace2MB;668
2022;1.Q.;05frm011;nace2MC;12464
2022;1.Q.;05frm011;nace2NA;29920
2022;1.Q.;05frm011;nace2OA;14
2022;1.Q.;05frm011;nace2PA;4038
2022;1.Q.;05frm011;nace2QA;6567
2022;1.Q.;05frm011;nace2QB;374
2022;1.Q.;05frm011;nace2RA;3613
2022;1.Q.;05frm011;nace2SA;4660
2022;1.Q.;05frm011;nace2ZZ;
2022;1.Q.;05frm0120;nace1;377670
2022;1.Q.;05frm0120;nace2AA;15850
2022;1.Q.;05frm0120;nace2BA;76
2022;1.Q.;05frm0120;nace2C;54234
2022;1.Q.;05frm0120;nace2CA;2035
2022;1.Q.;05frm0120;nace2CB;3783
2022;1.Q.;05frm0120;nace2CC;9683
2022;1.Q.;05frm0120;nace2CD;3
2022;1.Q.;05frm0120;nace2CE;115
2022;1.Q.;05frm0120;nace2CF;3
2022;1.Q.;05frm0120;nace2CG;2281
2022;1.Q.;05frm0120;nace2CH;27226
2022;1.Q.;05frm0120;nace2CI;499
2022;1.Q.;05frm0120;nace2CJ;899
2022;1.Q.;05frm0120;nace2CK;604
2022;1.Q.;05frm0120;nace2CL;425
2022;1.Q.;05frm0120;nace2CM;6678
2022;1.Q.;05frm0120;nace2DA;52
2022;1.Q.;05frm0120;nace2EA;622
2022;1.Q.;05frm0120;nace2FA;94775
2022;1.Q.;05frm0120;nace2GA;58504
2022;1.Q.;05frm0120;nace2HA;15260
2022;1.Q.;05frm0120;nace2IA;10249
2022;1.Q.;05frm0120;nace2JA;3342
2022;1.Q.;05frm0120;nace2JB;27
2022;1.Q.;05frm0120;nace2JC;11072
2022;1.Q.;05frm0120;nace2KA;11197
2022;1.Q.;05frm0120;nace2LA;1842
2022;1.Q.;05frm0120;nace2MA;33676
2022;1.Q.;05frm0120;nace2MB;261
2022;1.Q.;05frm0120;nace2MC;13011
2022;1.Q.;05frm0120;nace2NA;22507
2022;1.Q.;05frm0120;nace2OA;
2022;1.Q.;05frm0120;nace2PA;4972
2022;1.Q.;05frm0120;nace2QA;2744
2022;1.Q.;05frm0120;nace2QB;515
2022;1.Q.;05frm0120;nace2RA;4562
2022;1.Q.;05frm0120;nace2SA;18320
2022;1.Q.;05frm0120;nace2ZZ;
2022;1.Q.;05frm0121;nace1;351940
2022;1.Q.;05frm0121;nace2AA;12410
2022;1.Q.;05frm0121;nace2BA;74
2022;1.Q.;05frm0121;nace2C;54224
2022;1.Q.;05frm0121;nace2CA;2027
2022;1.Q.;05frm0121;nace2CB;3783
2022;1.Q.;05frm0121;nace2CC;9683
2022;1.Q.;05frm0121;nace2CD;3
2022;1.Q.;05frm0121;nace2CE;115
2022;1.Q.;05frm0121;nace2CF;3
2022;1.Q.;05frm0121;nace2CG;2281
2022;1.Q.;05frm0121;nace2CH;27226
2022;1.Q.;05frm0121;nace2CI;499
2022;1.Q.;05frm0121;nace2CJ;899
2022;1.Q.;05frm0121;nace2CK;603
2022;1.Q.;05frm0121;nace2CL;425
2022;1.Q.;05frm0121;nace2CM;6677
2022;1.Q.;05frm0121;nace2DA;8
2022;1.Q.;05frm0121;nace2EA;622
2022;1.Q.;05frm0121;nace2FA;94772
2022;1.Q.;05frm0121;nace2GA;58464
2022;1.Q.;05frm0121;nace2HA;13456
2022;1.Q.;05frm0121;nace2IA;10248
2022;1.Q.;05frm0121;nace2JA;3342
2022;1.Q.;05frm0121;nace2JB;27
2022;1.Q.;05frm0121;nace2JC;11071
2022;1.Q.;05frm0121;nace2KA;2598
2022;1.Q.;05frm0121;nace2LA;1831
2022;1.Q.;05frm0121;nace2MA;28406
2022;1.Q.;05frm0121;nace2MB;261
2022;1.Q.;05frm0121;nace2MC;11035
2022;1.Q.;05frm0121;nace2NA;22445
2022;1.Q.;05frm0121;nace2OA;
2022;1.Q.;05frm0121;nace2PA;4971
2022;1.Q.;05frm0121;nace2QA;282
2022;1.Q.;05frm0121;nace2QB;504
2022;1.Q.;05frm0121;nace2RA;2570
2022;1.Q.;05frm0121;nace2SA;18319
2022;1.Q.;05frm0121;nace2ZZ;
2022;1.Q.;05frm12;nace1;37892
2022;1.Q.;05frm12;nace2AA;8
2022;1.Q.;05frm12;nace2BA;
2022;1.Q.;05frm12;nace2C;18
2022;1.Q.;05frm12;nace2CA;8
2022;1.Q.;05frm12;nace2CB;
2022;1.Q.;05frm12;nace2CC;7
2022;1.Q.;05frm12;nace2CD;
2022;1.Q.;05frm12;nace2CE;
2022;1.Q.;05frm12;nace2CF;
2022;1.Q.;05frm12;nace2CG;1
2022;1.Q.;05frm12;nace2CH;1
2022;1.Q.;05frm12;nace2CI;
2022;1.Q.;05frm12;nace2CJ;
2022;1.Q.;05frm12;nace2CK;
2022;1.Q.;05frm12;nace2CL;
2022;1.Q.;05frm12;nace2CM;1
2022;1.Q.;05frm12;nace2DA;1
2022;1.Q.;05frm12;nace2EA;62
2022;1.Q.;05frm12;nace2FA;32
2022;1.Q.;05frm12;nace2GA;5
2022;1.Q.;05frm12;nace2HA;26
2022;1.Q.;05frm12;nace2IA;45
2022;1.Q.;05frm12;nace2JA;13
2022;1.Q.;05frm12;nace2JB;1
2022;1.Q.;05frm12;nace2JC;4
2022;1.Q.;05frm12;nace2KA;8
2022;1.Q.;05frm12;nace2LA;3280
2022;1.Q.;05frm12;nace2MA;18
2022;1.Q.;05frm12;nace2MB;73
2022;1.Q.;05frm12;nace2MC;6
2022;1.Q.;05frm12;nace2NA;77
2022;1.Q.;05frm12;nace2OA;3232
2022;1.Q.;05frm12;nace2PA;3852
2022;1.Q.;05frm12;nace2QA;132
2022;1.Q.;05frm12;nace2QB;1568
2022;1.Q.;05frm12;nace2RA;5945
2022;1.Q.;05frm12;nace2SA;19486
2022;1.Q.;05frm12;nace2ZZ;
2022;2.Q.;05frm00;nace1;684881
2022;2.Q.;05frm00;nace2AA;24811
2022;2.Q.;05frm00;nace2BA;293
2022;2.Q.;05frm00;nace2C;84639
2022;2.Q.;05frm00;nace2CA;6016
2022;2.Q.;05frm00;nace2CB;6324
2022;2.Q.;05frm00;nace2CC;15742
2022;2.Q.;05frm00;nace2CD;32
2022;2.Q.;05frm00;nace2CE;584
2022;2.Q.;05frm00;nace2CF;29
2022;2.Q.;05frm00;nace2CG;4470
2022;2.Q.;05frm00;nace2CH;34772
2022;2.Q.;05frm00;nace2CI;1891
2022;2.Q.;05frm00;nace2CJ;2129
2022;2.Q.;05frm00;nace2CK;1768
2022;2.Q.;05frm00;nace2CL;1051
2022;2.Q.;05frm00;nace2CM;9831
2022;2.Q.;05frm00;nace2DA;596
2022;2.Q.;05frm00;nace2EA;2080
2022;2.Q.;05frm00;nace2FA;123247
2022;2.Q.;05frm00;nace2GA;101870
2022;2.Q.;05frm00;nace2HA;26693
2022;2.Q.;05frm00;nace2IA;20501
2022;2.Q.;05frm00;nace2JA;6301
2022;2.Q.;05frm00;nace2JB;308
2022;2.Q.;05frm00;nace2JC;24293
2022;2.Q.;05frm00;nace2KA;12464
2022;2.Q.;05frm00;nace2LA;21902
2022;2.Q.;05frm00;nace2MA;67109
2022;2.Q.;05frm00;nace2MB;1018
2022;2.Q.;05frm00;nace2MC;26100
2022;2.Q.;05frm00;nace2NA;54523
2022;2.Q.;05frm00;nace2OA;3248
2022;2.Q.;05frm00;nace2PA;13015
2022;2.Q.;05frm00;nace2QA;9455
2022;2.Q.;05frm00;nace2QB;2487
2022;2.Q.;05frm00;nace2RA;14439
2022;2.Q.;05frm00;nace2SA;43489
2022;2.Q.;05frm00;nace2ZZ;
2022;2.Q.;05frm010;nace1;646418
2022;2.Q.;05frm010;nace2AA;24804
2022;2.Q.;05frm010;nace2BA;293
2022;2.Q.;05frm010;nace2C;84622
2022;2.Q.;05frm010;nace2CA;6009
2022;2.Q.;05frm010;nace2CB;6324
2022;2.Q.;05frm010;nace2CC;15735
2022;2.Q.;05frm010;nace2CD;32
2022;2.Q.;05frm010;nace2CE;584
2022;2.Q.;05frm010;nace2CF;29
2022;2.Q.;05frm010;nace2CG;4469
2022;2.Q.;05frm010;nace2CH;34771
2022;2.Q.;05frm010;nace2CI;1891
2022;2.Q.;05frm010;nace2CJ;2129
2022;2.Q.;05frm010;nace2CK;1768
2022;2.Q.;05frm010;nace2CL;1051
2022;2.Q.;05frm010;nace2CM;9830
2022;2.Q.;05frm010;nace2DA;595
2022;2.Q.;05frm010;nace2EA;2018
2022;2.Q.;05frm010;nace2FA;123215
2022;2.Q.;05frm010;nace2GA;101865
2022;2.Q.;05frm010;nace2HA;26667
2022;2.Q.;05frm010;nace2IA;20458
2022;2.Q.;05frm010;nace2JA;6288
2022;2.Q.;05frm010;nace2JB;307
2022;2.Q.;05frm010;nace2JC;24289
2022;2.Q.;05frm010;nace2KA;12457
2022;2.Q.;05frm010;nace2LA;18613
2022;2.Q.;05frm010;nace2MA;67091
2022;2.Q.;05frm010;nace2MB;945
2022;2.Q.;05frm010;nace2MC;26094
2022;2.Q.;05frm010;nace2NA;54443
2022;2.Q.;05frm010;nace2OA;15
2022;2.Q.;05frm010;nace2PA;9160
2022;2.Q.;05frm010;nace2QA;9322
2022;2.Q.;05frm010;nace2QB;909
2022;2.Q.;05frm010;nace2RA;8416
2022;2.Q.;05frm010;nace2SA;23532
2022;2.Q.;05frm010;nace2ZZ;
2022;2.Q.;05frm011;nace1;258646
2022;2.Q.;05frm011;nace2AA;8453
2022;2.Q.;05frm011;nace2BA;216
2022;2.Q.;05frm011;nace2C;29278
2022;2.Q.;05frm011;nace2CA;3891
2022;2.Q.;05frm011;nace2CB;2503
2022;2.Q.;05frm011;nace2CC;5936
2022;2.Q.;05frm011;nace2CD;29
2022;2.Q.;05frm011;nace2CE;469
2022;2.Q.;05frm011;nace2CF;26
2022;2.Q.;05frm011;nace2CG;2156
2022;2.Q.;05frm011;nace2CH;6890
2022;2.Q.;05frm011;nace2CI;1385
2022;2.Q.;05frm011;nace2CJ;1181
2022;2.Q.;05frm011;nace2CK;1152
2022;2.Q.;05frm011;nace2CL;576
2022;2.Q.;05frm011;nace2CM;3084
2022;2.Q.;05frm011;nace2DA;539
2022;2.Q.;05frm011;nace2EA;1379
2022;2.Q.;05frm011;nace2FA;25179
2022;2.Q.;05frm011;nace2GA;42708
2022;2.Q.;05frm011;nace2HA;10910
2022;2.Q.;05frm011;nace2IA;10013
2022;2.Q.;05frm011;nace2JA;2868
2022;2.Q.;05frm011;nace2JB;279
2022;2.Q.;05frm011;nace2JC;12738
2022;2.Q.;05frm011;nace2KA;1112
2022;2.Q.;05frm011;nace2LA;16750
2022;2.Q.;05frm011;nace2MA;32649
2022;2.Q.;05frm011;nace2MB;678
2022;2.Q.;05frm011;nace2MC;12691
2022;2.Q.;05frm011;nace2NA;30698
2022;2.Q.;05frm011;nace2OA;15
2022;2.Q.;05frm011;nace2PA;4081
2022;2.Q.;05frm011;nace2QA;6604
2022;2.Q.;05frm011;nace2QB;380
2022;2.Q.;05frm011;nace2RA;3651
2022;2.Q.;05frm011;nace2SA;4777
2022;2.Q.;05frm011;nace2ZZ;
2022;2.Q.;05frm0120;nace1;387772
2022;2.Q.;05frm0120;nace2AA;16351
2022;2.Q.;05frm0120;nace2BA;77
2022;2.Q.;05frm0120;nace2C;55344
2022;2.Q.;05frm0120;nace2CA;2118
2022;2.Q.;05frm0120;nace2CB;3821
2022;2.Q.;05frm0120;nace2CC;9799
2022;2.Q.;05frm0120;nace2CD;3
2022;2.Q.;05frm0120;nace2CE;115
2022;2.Q.;05frm0120;nace2CF;3
2022;2.Q.;05frm0120;nace2CG;2313
2022;2.Q.;05frm0120;nace2CH;27881
2022;2.Q.;05frm0120;nace2CI;506
2022;2.Q.;05frm0120;nace2CJ;948
2022;2.Q.;05frm0120;nace2CK;616
2022;2.Q.;05frm0120;nace2CL;475
2022;2.Q.;05frm0120;nace2CM;6746
2022;2.Q.;05frm0120;nace2DA;56
2022;2.Q.;05frm0120;nace2EA;639
2022;2.Q.;05frm0120;nace2FA;98036
2022;2.Q.;05frm0120;nace2GA;59157
2022;2.Q.;05frm0120;nace2HA;15757
2022;2.Q.;05frm0120;nace2IA;10445
2022;2.Q.;05frm0120;nace2JA;3420
2022;2.Q.;05frm0120;nace2JB;28
2022;2.Q.;05frm0120;nace2JC;11551
2022;2.Q.;05frm0120;nace2KA;11345
2022;2.Q.;05frm0120;nace2LA;1863
2022;2.Q.;05frm0120;nace2MA;34442
2022;2.Q.;05frm0120;nace2MB;267
2022;2.Q.;05frm0120;nace2MC;13403
2022;2.Q.;05frm0120;nace2NA;23745
2022;2.Q.;05frm0120;nace2OA;
2022;2.Q.;05frm0120;nace2PA;5079
2022;2.Q.;05frm0120;nace2QA;2718
2022;2.Q.;05frm0120;nace2QB;529
2022;2.Q.;05frm0120;nace2RA;4765
2022;2.Q.;05frm0120;nace2SA;18755
2022;2.Q.;05frm0120;nace2ZZ;
2022;2.Q.;05frm0121;nace1;361505
2022;2.Q.;05frm0121;nace2AA;12764
2022;2.Q.;05frm0121;nace2BA;75
2022;2.Q.;05frm0121;nace2C;55333
2022;2.Q.;05frm0121;nace2CA;2110
2022;2.Q.;05frm0121;nace2CB;3821
2022;2.Q.;05frm0121;nace2CC;9799
2022;2.Q.;05frm0121;nace2CD;3
2022;2.Q.;05frm0121;nace2CE;115
2022;2.Q.;05frm0121;nace2CF;3
2022;2.Q.;05frm0121;nace2CG;2313
2022;2.Q.;05frm0121;nace2CH;27880
2022;2.Q.;05frm0121;nace2CI;506
2022;2.Q.;05frm0121;nace2CJ;948
2022;2.Q.;05frm0121;nace2CK;615
2022;2.Q.;05frm0121;nace2CL;475
2022;2.Q.;05frm0121;nace2CM;6745
2022;2.Q.;05frm0121;nace2DA;7
2022;2.Q.;05frm0121;nace2EA;639
2022;2.Q.;05frm0121;nace2FA;98032
2022;2.Q.;05frm0121;nace2GA;59111
2022;2.Q.;05frm0121;nace2HA;13828
2022;2.Q.;05frm0121;nace2IA;10444
2022;2.Q.;05frm0121;nace2JA;3420
2022;2.Q.;05frm0121;nace2JB;28
2022;2.Q.;05frm0121;nace2JC;11550
2022;2.Q.;05frm0121;nace2KA;2607
2022;2.Q.;05frm0121;nace2LA;1853
2022;2.Q.;05frm0121;nace2MA;29182
2022;2.Q.;05frm0121;nace2MB;267
2022;2.Q.;05frm0121;nace2MC;11387
2022;2.Q.;05frm0121;nace2NA;23687
2022;2.Q.;05frm0121;nace2OA;
2022;2.Q.;05frm0121;nace2PA;5078
2022;2.Q.;05frm0121;nace2QA;277
2022;2.Q.;05frm0121;nace2QB;519
2022;2.Q.;05frm0121;nace2RA;2663
2022;2.Q.;05frm0121;nace2SA;18754
2022;2.Q.;05frm0121;nace2ZZ;
2022;2.Q.;05frm12;nace1;38463
2022;2.Q.;05frm12;nace2AA;7
2022;2.Q.;05frm12;nace2BA;
2022;2.Q.;05frm12;nace2C;17
2022;2.Q.;05frm12;nace2CA;7
2022;2.Q.;05frm12;nace2CB;
2022;2.Q.;05frm12;nace2CC;7
2022;2.Q.;05frm12;nace2CD;
2022;2.Q.;05frm12;nace2CE;
2022;2.Q.;05frm12;nace2CF;
2022;2.Q.;05frm12;nace2CG;1
2022;2.Q.;05frm12;nace2CH;1
2022;2.Q.;05frm12;nace2CI;
2022;2.Q.;05frm12;nace2CJ;
2022;2.Q.;05frm12;nace2CK;
2022;2.Q.;05frm12;nace2CL;
2022;2.Q.;05frm12;nace2CM;1
2022;2.Q.;05frm12;nace2DA;1
2022;2.Q.;05frm12;nace2EA;62
2022;2.Q.;05frm12;nace2FA;32
2022;2.Q.;05frm12;nace2GA;5
2022;2.Q.;05frm12;nace2HA;26
2022;2.Q.;05frm12;nace2IA;43
2022;2.Q.;05frm12;nace2JA;13
2022;2.Q.;05frm12;nace2JB;1
2022;2.Q.;05frm12;nace2JC;4
2022;2.Q.;05frm12;nace2KA;7
2022;2.Q.;05frm12;nace2LA;3289
2022;2.Q.;05frm12;nace2MA;18
2022;2.Q.;05frm12;nace2MB;73
2022;2.Q.;05frm12;nace2MC;6
2022;2.Q.;05frm12;nace2NA;80
2022;2.Q.;05frm12;nace2OA;3233
2022;2.Q.;05frm12;nace2PA;3855
2022;2.Q.;05frm12;nace2QA;133
2022;2.Q.;05frm12;nace2QB;1578
2022;2.Q.;05frm12;nace2RA;6023
2022;2.Q.;05frm12;nace2SA;19957
2022;2.Q.;05frm12;nace2ZZ;
2022;3.Q.;05frm00;nace1;695979
2022;3.Q.;05frm00;nace2AA;25082
2022;3.Q.;05frm00;nace2BA;303
2022;3.Q.;05frm00;nace2C;85887
2022;3.Q.;05frm00;nace2CA;6118
2022;3.Q.;05frm00;nace2CB;6385
2022;3.Q.;05frm00;nace2CC;15902
2022;3.Q.;05frm00;nace2CD;33
2022;3.Q.;05frm00;nace2CE;588
2022;3.Q.;05frm00;nace2CF;29
2022;3.Q.;05frm00;nace2CG;4518
2022;3.Q.;05frm00;nace2CH;35382
2022;3.Q.;05frm00;nace2CI;1929
2022;3.Q.;05frm00;nace2CJ;2170
2022;3.Q.;05frm00;nace2CK;1814
2022;3.Q.;05frm00;nace2CL;1127
2022;3.Q.;05frm00;nace2CM;9892
2022;3.Q.;05frm00;nace2DA;602
2022;3.Q.;05frm00;nace2EA;2125
2022;3.Q.;05frm00;nace2FA;125897
2022;3.Q.;05frm00;nace2GA;102274
2022;3.Q.;05frm00;nace2HA;27269
2022;3.Q.;05frm00;nace2IA;20755
2022;3.Q.;05frm00;nace2JA;6391
2022;3.Q.;05frm00;nace2JB;307
2022;3.Q.;05frm00;nace2JC;24882
2022;3.Q.;05frm00;nace2KA;13057
2022;3.Q.;05frm00;nace2LA;22245
2022;3.Q.;05frm00;nace2MA;68178
2022;3.Q.;05frm00;nace2MB;1036
2022;3.Q.;05frm00;nace2MC;26616
2022;3.Q.;05frm00;nace2NA;55808
2022;3.Q.;05frm00;nace2OA;3249
2022;3.Q.;05frm00;nace2PA;13158
2022;3.Q.;05frm00;nace2QA;9468
2022;3.Q.;05frm00;nace2QB;2503
2022;3.Q.;05frm00;nace2RA;14765
2022;3.Q.;05frm00;nace2SA;44122
2022;3.Q.;05frm00;nace2ZZ;
2022;3.Q.;05frm010;nace1;657108
2022;3.Q.;05frm010;nace2AA;25075
2022;3.Q.;05frm010;nace2BA;303
2022;3.Q.;05frm010;nace2C;85870
2022;3.Q.;05frm010;nace2CA;6111
2022;3.Q.;05frm010;nace2CB;6385
2022;3.Q.;05frm010;nace2CC;15895
2022;3.Q.;05frm010;nace2CD;33
2022;3.Q.;05frm010;nace2CE;588
2022;3.Q.;05frm010;nace2CF;29
2022;3.Q.;05frm010;nace2CG;4517
2022;3.Q.;05frm010;nace2CH;35381
2022;3.Q.;05frm010;nace2CI;1929
2022;3.Q.;05frm010;nace2CJ;2170
2022;3.Q.;05frm010;nace2CK;1814
2022;3.Q.;05frm010;nace2CL;1127
2022;3.Q.;05frm010;nace2CM;9891
2022;3.Q.;05frm010;nace2DA;601
2022;3.Q.;05frm010;nace2EA;2063
2022;3.Q.;05frm010;nace2FA;125862
2022;3.Q.;05frm010;nace2GA;102269
2022;3.Q.;05frm010;nace2HA;27243
2022;3.Q.;05frm010;nace2IA;20711
2022;3.Q.;05frm010;nace2JA;6377
2022;3.Q.;05frm010;nace2JB;306
2022;3.Q.;05frm010;nace2JC;24878
2022;3.Q.;05frm010;nace2KA;13050
2022;3.Q.;05frm010;nace2LA;18953
2022;3.Q.;05frm010;nace2MA;68160
2022;3.Q.;05frm010;nace2MB;963
2022;3.Q.;05frm010;nace2MC;26610
2022;3.Q.;05frm010;nace2NA;55726
2022;3.Q.;05frm010;nace2OA;15
2022;3.Q.;05frm010;nace2PA;9296
2022;3.Q.;05frm010;nace2QA;9335
2022;3.Q.;05frm010;nace2QB;918
2022;3.Q.;05frm010;nace2RA;8687
2022;3.Q.;05frm010;nace2SA;23837
2022;3.Q.;05frm010;nace2ZZ;
2022;3.Q.;05frm011;nace1;262856
2022;3.Q.;05frm011;nace2AA;8533
2022;3.Q.;05frm011;nace2BA;227
2022;3.Q.;05frm011;nace2C;29856
2022;3.Q.;05frm011;nace2CA;3980
2022;3.Q.;05frm011;nace2CB;2554
2022;3.Q.;05frm011;nace2CC;6054
2022;3.Q.;05frm011;nace2CD;30
2022;3.Q.;05frm011;nace2CE;472
2022;3.Q.;05frm011;nace2CF;26
2022;3.Q.;05frm011;nace2CG;2187
2022;3.Q.;05frm011;nace2CH;7013
2022;3.Q.;05frm011;nace2CI;1426
2022;3.Q.;05frm011;nace2CJ;1210
2022;3.Q.;05frm011;nace2CK;1175
2022;3.Q.;05frm011;nace2CL;592
2022;3.Q.;05frm011;nace2CM;3137
2022;3.Q.;05frm011;nace2DA;537
2022;3.Q.;05frm011;nace2EA;1416
2022;3.Q.;05frm011;nace2FA;25654
2022;3.Q.;05frm011;nace2GA;42869
2022;3.Q.;05frm011;nace2HA;11135
2022;3.Q.;05frm011;nace2IA;10185
2022;3.Q.;05frm011;nace2JA;2926
2022;3.Q.;05frm011;nace2JB;278
2022;3.Q.;05frm011;nace2JC;13062
2022;3.Q.;05frm011;nace2KA;1135
2022;3.Q.;05frm011;nace2LA;17072
2022;3.Q.;05frm011;nace2MA;33188
2022;3.Q.;05frm011;nace2MB;688
2022;3.Q.;05frm011;nace2MC;12967
2022;3.Q.;05frm011;nace2NA;31322
2022;3.Q.;05frm011;nace2OA;15
2022;3.Q.;05frm011;nace2PA;4170
2022;3.Q.;05frm011;nace2QA;6622
2022;3.Q.;05frm011;nace2QB;383
2022;3.Q.;05frm011;nace2RA;3714
2022;3.Q.;05frm011;nace2SA;4902
2022;3.Q.;05frm011;nace2ZZ;
2022;3.Q.;05frm0120;nace1;394252
2022;3.Q.;05frm0120;nace2AA;16542
2022;3.Q.;05frm0120;nace2BA;76
2022;3.Q.;05frm0120;nace2C;56014
2022;3.Q.;05frm0120;nace2CA;2131
2022;3.Q.;05frm0120;nace2CB;3831
2022;3.Q.;05frm0120;nace2CC;9841
2022;3.Q.;05frm0120;nace2CD;3
2022;3.Q.;05frm0120;nace2CE;116
2022;3.Q.;05frm0120;nace2CF;3
2022;3.Q.;05frm0120;nace2CG;2330
2022;3.Q.;05frm0120;nace2CH;28368
2022;3.Q.;05frm0120;nace2CI;503
2022;3.Q.;05frm0120;nace2CJ;960
2022;3.Q.;05frm0120;nace2CK;639
2022;3.Q.;05frm0120;nace2CL;535
2022;3.Q.;05frm0120;nace2CM;6754
2022;3.Q.;05frm0120;nace2DA;64
2022;3.Q.;05frm0120;nace2EA;647
2022;3.Q.;05frm0120;nace2FA;100208
2022;3.Q.;05frm0120;nace2GA;59400
2022;3.Q.;05frm0120;nace2HA;16108
2022;3.Q.;05frm0120;nace2IA;10526
2022;3.Q.;05frm0120;nace2JA;3451
2022;3.Q.;05frm0120;nace2JB;28
2022;3.Q.;05frm0120;nace2JC;11816
2022;3.Q.;05frm0120;nace2KA;11915
2022;3.Q.;05frm0120;nace2LA;1881
2022;3.Q.;05frm0120;nace2MA;34972
2022;3.Q.;05frm0120;nace2MB;275
2022;3.Q.;05frm0120;nace2MC;13643
2022;3.Q.;05frm0120;nace2NA;24404
2022;3.Q.;05frm0120;nace2OA;
2022;3.Q.;05frm0120;nace2PA;5126
2022;3.Q.;05frm0120;nace2QA;2713
2022;3.Q.;05frm0120;nace2QB;535
2022;3.Q.;05frm0120;nace2RA;4973
2022;3.Q.;05frm0120;nace2SA;18935
2022;3.Q.;05frm0120;nace2ZZ;
2022;3.Q.;05frm0121;nace1;367439
2022;3.Q.;05frm0121;nace2AA;12941
2022;3.Q.;05frm0121;nace2BA;74
2022;3.Q.;05frm0121;nace2C;56002
2022;3.Q.;05frm0121;nace2CA;2123
2022;3.Q.;05frm0121;nace2CB;3831
2022;3.Q.;05frm0121;nace2CC;9841
2022;3.Q.;05frm0121;nace2CD;3
2022;3.Q.;05frm0121;nace2CE;116
2022;3.Q.;05frm0121;nace2CF;3
2022;3.Q.;05frm0121;nace2CG;2329
2022;3.Q.;05frm0121;nace2CH;28367
2022;3.Q.;05frm0121;nace2CI;503
2022;3.Q.;05frm0121;nace2CJ;960
2022;3.Q.;05frm0121;nace2CK;638
2022;3.Q.;05frm0121;nace2CL;535
2022;3.Q.;05frm0121;nace2CM;6753
2022;3.Q.;05frm0121;nace2DA;10
2022;3.Q.;05frm0121;nace2EA;647
2022;3.Q.;05frm0121;nace2FA;100204
2022;3.Q.;05frm0121;nace2GA;59350
2022;3.Q.;05frm0121;nace2HA;14067
2022;3.Q.;05frm0121;nace2IA;10526
2022;3.Q.;05frm0121;nace2JA;3451
2022;3.Q.;05frm0121;nace2JB;28
2022;3.Q.;05frm0121;nace2JC;11814
2022;3.Q.;05frm0121;nace2KA;2876
2022;3.Q.;05frm0121;nace2LA;1872
2022;3.Q.;05frm0121;nace2MA;29698
2022;3.Q.;05frm0121;nace2MB;275
2022;3.Q.;05frm0121;nace2MC;11599
2022;3.Q.;05frm0121;nace2NA;24350
2022;3.Q.;05frm0121;nace2OA;
2022;3.Q.;05frm0121;nace2PA;5125
2022;3.Q.;05frm0121;nace2QA;307
2022;3.Q.;05frm0121;nace2QB;525
2022;3.Q.;05frm0121;nace2RA;2764
2022;3.Q.;05frm0121;nace2SA;18934
2022;3.Q.;05frm0121;nace2ZZ;
2022;3.Q.;05frm12;nace1;38871
2022;3.Q.;05frm12;nace2AA;7
2022;3.Q.;05frm12;nace2BA;
2022;3.Q.;05frm12;nace2C;17
2022;3.Q.;05frm12;nace2CA;7
2022;3.Q.;05frm12;nace2CB;
2022;3.Q.;05frm12;nace2CC;7
2022;3.Q.;05frm12;nace2CD;
2022;3.Q.;05frm12;nace2CE;
2022;3.Q.;05frm12;nace2CF;
2022;3.Q.;05frm12;nace2CG;1
2022;3.Q.;05frm12;nace2CH;1
2022;3.Q.;05frm12;nace2CI;
2022;3.Q.;05frm12;nace2CJ;
2022;3.Q.;05frm12;nace2CK;
2022;3.Q.;05frm12;nace2CL;
2022;3.Q.;05frm12;nace2CM;1
2022;3.Q.;05frm12;nace2DA;1
2022;3.Q.;05frm12;nace2EA;62
2022;3.Q.;05frm12;nace2FA;35
2022;3.Q.;05frm12;nace2GA;5
2022;3.Q.;05frm12;nace2HA;26
2022;3.Q.;05frm12;nace2IA;44
2022;3.Q.;05frm12;nace2JA;14
2022;3.Q.;05frm12;nace2JB;1
2022;3.Q.;05frm12;nace2JC;4
2022;3.Q.;05frm12;nace2KA;7
2022;3.Q.;05frm12;nace2LA;3292
2022;3.Q.;05frm12;nace2MA;18
2022;3.Q.;05frm12;nace2MB;73
2022;3.Q.;05frm12;nace2MC;6
2022;3.Q.;05frm12;nace2NA;82
2022;3.Q.;05frm12;nace2OA;3234
2022;3.Q.;05frm12;nace2PA;3862
2022;3.Q.;05frm12;nace2QA;133
2022;3.Q.;05frm12;nace2QB;1585
2022;3.Q.;05frm12;nace2RA;6078
2022;3.Q.;05frm12;nace2SA;20285
2022;3.Q.;05frm12;nace2ZZ;
2022;4.Q.;05frm00;nace1;710210
2022;4.Q.;05frm00;nace2AA;25254
2022;4.Q.;05frm00;nace2BA;303
2022;4.Q.;05frm00;nace2C;87463
2022;4.Q.;05frm00;nace2CA;6278
2022;4.Q.;05frm00;nace2CB;6489
2022;4.Q.;05frm00;nace2CC;16102
2022;4.Q.;05frm00;nace2CD;33
2022;4.Q.;05frm00;nace2CE;606
2022;4.Q.;05frm00;nace2CF;29
2022;4.Q.;05frm00;nace2CG;4579
2022;4.Q.;05frm00;nace2CH;36056
2022;4.Q.;05frm00;nace2CI;1974
2022;4.Q.;05frm00;nace2CJ;2236
2022;4.Q.;05frm00;nace2CK;1848
2022;4.Q.;05frm00;nace2CL;1223
2022;4.Q.;05frm00;nace2CM;10010
2022;4.Q.;05frm00;nace2DA;598
2022;4.Q.;05frm00;nace2EA;2163
2022;4.Q.;05frm00;nace2FA;129536
2022;4.Q.;05frm00;nace2GA;102838
2022;4.Q.;05frm00;nace2HA;28158
2022;4.Q.;05frm00;nace2IA;20951
2022;4.Q.;05frm00;nace2JA;6501
2022;4.Q.;05frm00;nace2JB;307
2022;4.Q.;05frm00;nace2JC;25563
2022;4.Q.;05frm00;nace2KA;13273
2022;4.Q.;05frm00;nace2LA;22541
2022;4.Q.;05frm00;nace2MA;69762
2022;4.Q.;05frm00;nace2MB;1059
2022;4.Q.;05frm00;nace2MC;27198
2022;4.Q.;05frm00;nace2NA;57774
2022;4.Q.;05frm00;nace2OA;3249
2022;4.Q.;05frm00;nace2PA;13502
2022;4.Q.;05frm00;nace2QA;9452
2022;4.Q.;05frm00;nace2QB;2518
2022;4.Q.;05frm00;nace2RA;15114
2022;4.Q.;05frm00;nace2SA;45133
2022;4.Q.;05frm00;nace2ZZ;
2022;4.Q.;05frm010;nace1;670817
2022;4.Q.;05frm010;nace2AA;25247
2022;4.Q.;05frm010;nace2BA;303
2022;4.Q.;05frm010;nace2C;87446
2022;4.Q.;05frm010;nace2CA;6271
2022;4.Q.;05frm010;nace2CB;6489
2022;4.Q.;05frm010;nace2CC;16095
2022;4.Q.;05frm010;nace2CD;33
2022;4.Q.;05frm010;nace2CE;606
2022;4.Q.;05frm010;nace2CF;29
2022;4.Q.;05frm010;nace2CG;4578
2022;4.Q.;05frm010;nace2CH;36055
2022;4.Q.;05frm010;nace2CI;1974
2022;4.Q.;05frm010;nace2CJ;2236
2022;4.Q.;05frm010;nace2CK;1848
2022;4.Q.;05frm010;nace2CL;1223
2022;4.Q.;05frm010;nace2CM;10009
2022;4.Q.;05frm010;nace2DA;597
2022;4.Q.;05frm010;nace2EA;2102
2022;4.Q.;05frm010;nace2FA;129500
2022;4.Q.;05frm010;nace2GA;102833
2022;4.Q.;05frm010;nace2HA;28132
2022;4.Q.;05frm010;nace2IA;20909
2022;4.Q.;05frm010;nace2JA;6487
2022;4.Q.;05frm010;nace2JB;306
2022;4.Q.;05frm010;nace2JC;25559
2022;4.Q.;05frm010;nace2KA;13266
2022;4.Q.;05frm010;nace2LA;19251
2022;4.Q.;05frm010;nace2MA;69744
2022;4.Q.;05frm010;nace2MB;986
2022;4.Q.;05frm010;nace2MC;27192
2022;4.Q.;05frm010;nace2NA;57692
2022;4.Q.;05frm010;nace2OA;15
2022;4.Q.;05frm010;nace2PA;9632
2022;4.Q.;05frm010;nace2QA;9319
2022;4.Q.;05frm010;nace2QB;929
2022;4.Q.;05frm010;nace2RA;8981
2022;4.Q.;05frm010;nace2SA;24389
2022;4.Q.;05frm010;nace2ZZ;
2022;4.Q.;05frm011;nace1;266583
2022;4.Q.;05frm011;nace2AA;8623
2022;4.Q.;05frm011;nace2BA;226
2022;4.Q.;05frm011;nace2C;30435
2022;4.Q.;05frm011;nace2CA;4077
2022;4.Q.;05frm011;nace2CB;2615
2022;4.Q.;05frm011;nace2CC;6148
2022;4.Q.;05frm011;nace2CD;30
2022;4.Q.;05frm011;nace2CE;488
2022;4.Q.;05frm011;nace2CF;26
2022;4.Q.;05frm011;nace2CG;2213
2022;4.Q.;05frm011;nace2CH;7138
2022;4.Q.;05frm011;nace2CI;1464
2022;4.Q.;05frm011;nace2CJ;1244
2022;4.Q.;05frm011;nace2CK;1196
2022;4.Q.;05frm011;nace2CL;601
2022;4.Q.;05frm011;nace2CM;3195
2022;4.Q.;05frm011;nace2DA;532
2022;4.Q.;05frm011;nace2EA;1436
2022;4.Q.;05frm011;nace2FA;26110
2022;4.Q.;05frm011;nace2GA;42814
2022;4.Q.;05frm011;nace2HA;11331
2022;4.Q.;05frm011;nace2IA;10308
2022;4.Q.;05frm011;nace2JA;2969
2022;4.Q.;05frm011;nace2JB;278
2022;4.Q.;05frm011;nace2JC;13391
2022;4.Q.;05frm011;nace2KA;1167
2022;4.Q.;05frm011;nace2LA;17346
2022;4.Q.;05frm011;nace2MA;33653
2022;4.Q.;05frm011;nace2MB;702
2022;4.Q.;05frm011;nace2MC;13221
2022;4.Q.;05frm011;nace2NA;31947
2022;4.Q.;05frm011;nace2OA;15
2022;4.Q.;05frm011;nace2PA;4267
2022;4.Q.;05frm011;nace2QA;6627
2022;4.Q.;05frm011;nace2QB;385
2022;4.Q.;05frm011;nace2RA;3785
2022;4.Q.;05frm011;nace2SA;5015
2022;4.Q.;05frm011;nace2ZZ;
2022;4.Q.;05frm0120;nace1;404234
2022;4.Q.;05frm0120;nace2AA;16624
2022;4.Q.;05frm0120;nace2BA;77
2022;4.Q.;05frm0120;nace2C;57011
2022;4.Q.;05frm0120;nace2CA;2194
2022;4.Q.;05frm0120;nace2CB;3874
2022;4.Q.;05frm0120;nace2CC;9947
2022;4.Q.;05frm0120;nace2CD;3
2022;4.Q.;05frm0120;nace2CE;118
2022;4.Q.;05frm0120;nace2CF;3
2022;4.Q.;05frm0120;nace2CG;2365
2022;4.Q.;05frm0120;nace2CH;28917
2022;4.Q.;05frm0120;nace2CI;510
2022;4.Q.;05frm0120;nace2CJ;992
2022;4.Q.;05frm0120;nace2CK;652
2022;4.Q.;05frm0120;nace2CL;622
2022;4.Q.;05frm0120;nace2CM;6814
2022;4.Q.;05frm0120;nace2DA;65
2022;4.Q.;05frm0120;nace2EA;666
2022;4.Q.;05frm0120;nace2FA;103390
2022;4.Q.;05frm0120;nace2GA;60019
2022;4.Q.;05frm0120;nace2HA;16801
2022;4.Q.;05frm0120;nace2IA;10601
2022;4.Q.;05frm0120;nace2JA;3518
2022;4.Q.;05frm0120;nace2JB;28
2022;4.Q.;05frm0120;nace2JC;12168
2022;4.Q.;05frm0120;nace2KA;12099
2022;4.Q.;05frm0120;nace2LA;1905
2022;4.Q.;05frm0120;nace2MA;36091
2022;4.Q.;05frm0120;nace2MB;284
2022;4.Q.;05frm0120;nace2MC;13971
2022;4.Q.;05frm0120;nace2NA;25745
2022;4.Q.;05frm0120;nace2OA;
2022;4.Q.;05frm0120;nace2PA;5365
2022;4.Q.;05frm0120;nace2QA;2692
2022;4.Q.;05frm0120;nace2QB;544
2022;4.Q.;05frm0120;nace2RA;5196
2022;4.Q.;05frm0120;nace2SA;19374
2022;4.Q.;05frm0120;nace2ZZ;
2022;4.Q.;05frm0121;nace1;376991
2022;4.Q.;05frm0121;nace2AA;13013
2022;4.Q.;05frm0121;nace2BA;75
2022;4.Q.;05frm0121;nace2C;57000
2022;4.Q.;05frm0121;nace2CA;2186
2022;4.Q.;05frm0121;nace2CB;3874
2022;4.Q.;05frm0121;nace2CC;9947
2022;4.Q.;05frm0121;nace2CD;3
2022;4.Q.;05frm0121;nace2CE;118
2022;4.Q.;05frm0121;nace2CF;3
2022;4.Q.;05frm0121;nace2CG;2364
2022;4.Q.;05frm0121;nace2CH;28916
2022;4.Q.;05frm0121;nace2CI;510
2022;4.Q.;05frm0121;nace2CJ;992
2022;4.Q.;05frm0121;nace2CK;652
2022;4.Q.;05frm0121;nace2CL;622
2022;4.Q.;05frm0121;nace2CM;6813
2022;4.Q.;05frm0121;nace2DA;10
2022;4.Q.;05frm0121;nace2EA;666
2022;4.Q.;05frm0121;nace2FA;103386
2022;4.Q.;05frm0121;nace2GA;59981
2022;4.Q.;05frm0121;nace2HA;14738
2022;4.Q.;05frm0121;nace2IA;10601
2022;4.Q.;05frm0121;nace2JA;3518
2022;4.Q.;05frm0121;nace2JB;28
2022;4.Q.;05frm0121;nace2JC;12168
2022;4.Q.;05frm0121;nace2KA;2842
2022;4.Q.;05frm0121;nace2LA;1896
2022;4.Q.;05frm0121;nace2MA;30783
2022;4.Q.;05frm0121;nace2MB;284
2022;4.Q.;05frm0121;nace2MC;11896
2022;4.Q.;05frm0121;nace2NA;25692
2022;4.Q.;05frm0121;nace2OA;
2022;4.Q.;05frm0121;nace2PA;5364
2022;4.Q.;05frm0121;nace2QA;304
2022;4.Q.;05frm0121;nace2QB;534
2022;4.Q.;05frm0121;nace2RA;2839
2022;4.Q.;05frm0121;nace2SA;19373
2022;4.Q.;05frm0121;nace2ZZ;
2022;4.Q.;05frm12;nace1;39393
2022;4.Q.;05frm12;nace2AA;7
2022;4.Q.;05frm12;nace2BA;
2022;4.Q.;05frm12;nace2C;17
2022;4.Q.;05frm12;nace2CA;7
2022;4.Q.;05frm12;nace2CB;
2022;4.Q.;05frm12;nace2CC;7
2022;4.Q.;05frm12;nace2CD;
2022;4.Q.;05frm12;nace2CE;
2022;4.Q.;05frm12;nace2CF;
2022;4.Q.;05frm12;nace2CG;1
2022;4.Q.;05frm12;nace2CH;1
2022;4.Q.;05frm12;nace2CI;
2022;4.Q.;05frm12;nace2CJ;
2022;4.Q.;05frm12;nace2CK;
2022;4.Q.;05frm12;nace2CL;
2022;4.Q.;05frm12;nace2CM;1
2022;4.Q.;05frm12;nace2DA;1
2022;4.Q.;05frm12;nace2EA;61
2022;4.Q.;05frm12;nace2FA;36
2022;4.Q.;05frm12;nace2GA;5
2022;4.Q.;05frm12;nace2HA;26
2022;4.Q.;05frm12;nace2IA;42
2022;4.Q.;05frm12;nace2JA;14
2022;4.Q.;05frm12;nace2JB;1
2022;4.Q.;05frm12;nace2JC;4
2022;4.Q.;05frm12;nace2KA;7
2022;4.Q.;05frm12;nace2LA;3290
2022;4.Q.;05frm12;nace2MA;18
2022;4.Q.;05frm12;nace2MB;73
2022;4.Q.;05frm12;nace2MC;6
2022;4.Q.;05frm12;nace2NA;82
2022;4.Q.;05frm12;nace2OA;3234
2022;4.Q.;05frm12;nace2PA;3870
2022;4.Q.;05frm12;nace2QA;133
2022;4.Q.;05frm12;nace2QB;1589
2022;4.Q.;05frm12;nace2RA;6133
2022;4.Q.;05frm12;nace2SA;20744
2022;4.Q.;05frm12;nace2ZZ;
2021;1.Q.;05frm00;nace1;638330
2021;1.Q.;05frm00;nace2AA;23851
2021;1.Q.;05frm00;nace2BA;269
2021;1.Q.;05frm00;nace2C;79096
2021;1.Q.;05frm00;nace2CA;5315
2021;1.Q.;05frm00;nace2CB;6012
2021;1.Q.;05frm00;nace2CC;15035
2021;1.Q.;05frm00;nace2CD;30
2021;1.Q.;05frm00;nace2CE;557
2021;1.Q.;05frm00;nace2CF;27
2021;1.Q.;05frm00;nace2CG;4256
2021;1.Q.;05frm00;nace2CH;32095
2021;1.Q.;05frm00;nace2CI;1762
2021;1.Q.;05frm00;nace2CJ;1897
2021;1.Q.;05frm00;nace2CK;1694
2021;1.Q.;05frm00;nace2CL;927
2021;1.Q.;05frm00;nace2CM;9489
2021;1.Q.;05frm00;nace2DA;595
2021;1.Q.;05frm00;nace2EA;1866
2021;1.Q.;05frm00;nace2FA;109953
2021;1.Q.;05frm00;nace2GA;100624
2021;1.Q.;05frm00;nace2HA;23727
2021;1.Q.;05frm00;nace2IA;19593
2021;1.Q.;05frm00;nace2JA;5808
2021;1.Q.;05frm00;nace2JB;302
2021;1.Q.;05frm00;nace2JC;21560
2021;1.Q.;05frm00;nace2KA;12741
2021;1.Q.;05frm00;nace2LA;20027
2021;1.Q.;05frm00;nace2MA;62795
2021;1.Q.;05frm00;nace2MB;951
2021;1.Q.;05frm00;nace2MC;23338
2021;1.Q.;05frm00;nace2NA;46563
2021;1.Q.;05frm00;nace2OA;3234
2021;1.Q.;05frm00;nace2PA;12310
2021;1.Q.;05frm00;nace2QA;9803
2021;1.Q.;05frm00;nace2QB;2393
2021;1.Q.;05frm00;nace2RA;14173
2021;1.Q.;05frm00;nace2SA;42758
2021;1.Q.;05frm00;nace2ZZ;
2021;1.Q.;05frm010;nace1;599251
2021;1.Q.;05frm010;nace2AA;23843
2021;1.Q.;05frm010;nace2BA;269
2021;1.Q.;05frm010;nace2C;79088
2021;1.Q.;05frm010;nace2CA;5312
2021;1.Q.;05frm010;nace2CB;6012
2021;1.Q.;05frm010;nace2CC;15031
2021;1.Q.;05frm010;nace2CD;30
2021;1.Q.;05frm010;nace2CE;557
2021;1.Q.;05frm010;nace2CF;27
2021;1.Q.;05frm010;nace2CG;4256
2021;1.Q.;05frm010;nace2CH;32094
2021;1.Q.;05frm010;nace2CI;1762
2021;1.Q.;05frm010;nace2CJ;1897
2021;1.Q.;05frm010;nace2CK;1694
2021;1.Q.;05frm010;nace2CL;927
2021;1.Q.;05frm010;nace2CM;9489
2021;1.Q.;05frm010;nace2DA;594
2021;1.Q.;05frm010;nace2EA;1808
2021;1.Q.;05frm010;nace2FA;109926
2021;1.Q.;05frm010;nace2GA;100620
2021;1.Q.;05frm010;nace2HA;23705
2021;1.Q.;05frm010;nace2IA;19551
2021;1.Q.;05frm010;nace2JA;5794
2021;1.Q.;05frm010;nace2JB;301
2021;1.Q.;05frm010;nace2JC;21555
2021;1.Q.;05frm010;nace2KA;12733
2021;1.Q.;05frm010;nace2LA;17211
2021;1.Q.;05frm010;nace2MA;62779
2021;1.Q.;05frm010;nace2MB;878
2021;1.Q.;05frm010;nace2MC;23332
2021;1.Q.;05frm010;nace2NA;46504
2021;1.Q.;05frm010;nace2OA;13
2021;1.Q.;05frm010;nace2PA;8496
2021;1.Q.;05frm010;nace2QA;9671
2021;1.Q.;05frm010;nace2QB;847
2021;1.Q.;05frm010;nace2RA;7432
2021;1.Q.;05frm010;nace2SA;22301
2021;1.Q.;05frm010;nace2ZZ;
2021;1.Q.;05frm011;nace1;253377
2021;1.Q.;05frm011;nace2AA;8262
2021;1.Q.;05frm011;nace2BA;202
2021;1.Q.;05frm011;nace2C;29060
2021;1.Q.;05frm011;nace2CA;3628
2021;1.Q.;05frm011;nace2CB;2365
2021;1.Q.;05frm011;nace2CC;5850
2021;1.Q.;05frm011;nace2CD;27
2021;1.Q.;05frm011;nace2CE;464
2021;1.Q.;05frm011;nace2CF;24
2021;1.Q.;05frm011;nace2CG;2137
2021;1.Q.;05frm011;nace2CH;7436
2021;1.Q.;05frm011;nace2CI;1319
2021;1.Q.;05frm011;nace2CJ;1117
2021;1.Q.;05frm011;nace2CK;1116
2021;1.Q.;05frm011;nace2CL;654
2021;1.Q.;05frm011;nace2CM;2923
2021;1.Q.;05frm011;nace2DA;543
2021;1.Q.;05frm011;nace2EA;1295
2021;1.Q.;05frm011;nace2FA;26103
2021;1.Q.;05frm011;nace2GA;43298
2021;1.Q.;05frm011;nace2HA;11901
2021;1.Q.;05frm011;nace2IA;10122
2021;1.Q.;05frm011;nace2JA;2675
2021;1.Q.;05frm011;nace2JB;278
2021;1.Q.;05frm011;nace2JC;11684
2021;1.Q.;05frm011;nace2KA;871
2021;1.Q.;05frm011;nace2LA;15437
2021;1.Q.;05frm011;nace2MA;30847
2021;1.Q.;05frm011;nace2MB;645
2021;1.Q.;05frm011;nace2MC;11999
2021;1.Q.;05frm011;nace2NA;28825
2021;1.Q.;05frm011;nace2OA;13
2021;1.Q.;05frm011;nace2PA;3836
2021;1.Q.;05frm011;nace2QA;6538
2021;1.Q.;05frm011;nace2QB;389
2021;1.Q.;05frm011;nace2RA;3459
2021;1.Q.;05frm011;nace2SA;5095
2021;1.Q.;05frm011;nace2ZZ;
2021;1.Q.;05frm0120;nace1;345874
2021;1.Q.;05frm0120;nace2AA;15581
2021;1.Q.;05frm0120;nace2BA;67
2021;1.Q.;05frm0120;nace2C;50028
2021;1.Q.;05frm0120;nace2CA;1684
2021;1.Q.;05frm0120;nace2CB;3647
2021;1.Q.;05frm0120;nace2CC;9181
2021;1.Q.;05frm0120;nace2CD;3
2021;1.Q.;05frm0120;nace2CE;93
2021;1.Q.;05frm0120;nace2CF;3
2021;1.Q.;05frm0120;nace2CG;2119
2021;1.Q.;05frm0120;nace2CH;24658
2021;1.Q.;05frm0120;nace2CI;443
2021;1.Q.;05frm0120;nace2CJ;780
2021;1.Q.;05frm0120;nace2CK;578
2021;1.Q.;05frm0120;nace2CL;273
2021;1.Q.;05frm0120;nace2CM;6566
2021;1.Q.;05frm0120;nace2DA;51
2021;1.Q.;05frm0120;nace2EA;513
2021;1.Q.;05frm0120;nace2FA;83823
2021;1.Q.;05frm0120;nace2GA;57322
2021;1.Q.;05frm0120;nace2HA;11804
2021;1.Q.;05frm0120;nace2IA;9429
2021;1.Q.;05frm0120;nace2JA;3119
2021;1.Q.;05frm0120;nace2JB;23
2021;1.Q.;05frm0120;nace2JC;9871
2021;1.Q.;05frm0120;nace2KA;11862
2021;1.Q.;05frm0120;nace2LA;1774
2021;1.Q.;05frm0120;nace2MA;31932
2021;1.Q.;05frm0120;nace2MB;233
2021;1.Q.;05frm0120;nace2MC;11333
2021;1.Q.;05frm0120;nace2NA;17679
2021;1.Q.;05frm0120;nace2OA;
2021;1.Q.;05frm0120;nace2PA;4660
2021;1.Q.;05frm0120;nace2QA;3133
2021;1.Q.;05frm0120;nace2QB;458
2021;1.Q.;05frm0120;nace2RA;3973
2021;1.Q.;05frm0120;nace2SA;17206
2021;1.Q.;05frm0120;nace2ZZ;
2021;1.Q.;05frm0121;nace1;320304
2021;1.Q.;05frm0121;nace2AA;11930
2021;1.Q.;05frm0121;nace2BA;66
2021;1.Q.;05frm0121;nace2C;50016
2021;1.Q.;05frm0121;nace2CA;1675
2021;1.Q.;05frm0121;nace2CB;3647
2021;1.Q.;05frm0121;nace2CC;9181
2021;1.Q.;05frm0121;nace2CD;3
2021;1.Q.;05frm0121;nace2CE;93
2021;1.Q.;05frm0121;nace2CF;3
2021;1.Q.;05frm0121;nace2CG;2119
2021;1.Q.;05frm0121;nace2CH;24658
2021;1.Q.;05frm0121;nace2CI;443
2021;1.Q.;05frm0121;nace2CJ;780
2021;1.Q.;05frm0121;nace2CK;577
2021;1.Q.;05frm0121;nace2CL;273
2021;1.Q.;05frm0121;nace2CM;6564
2021;1.Q.;05frm0121;nace2DA;8
2021;1.Q.;05frm0121;nace2EA;513
2021;1.Q.;05frm0121;nace2FA;83819
2021;1.Q.;05frm0121;nace2GA;57268
2021;1.Q.;05frm0121;nace2HA;10314
2021;1.Q.;05frm0121;nace2IA;9429
2021;1.Q.;05frm0121;nace2JA;3119
2021;1.Q.;05frm0121;nace2JB;23
2021;1.Q.;05frm0121;nace2JC;9870
2021;1.Q.;05frm0121;nace2KA;2502
2021;1.Q.;05frm0121;nace2LA;1761
2021;1.Q.;05frm0121;nace2MA;26708
2021;1.Q.;05frm0121;nace2MB;233
2021;1.Q.;05frm0121;nace2MC;10082
2021;1.Q.;05frm0121;nace2NA;17615
2021;1.Q.;05frm0121;nace2OA;
2021;1.Q.;05frm0121;nace2PA;4659
2021;1.Q.;05frm0121;nace2QA;304
2021;1.Q.;05frm0121;nace2QB;450
2021;1.Q.;05frm0121;nace2RA;2409
2021;1.Q.;05frm0121;nace2SA;17206
2021;1.Q.;05frm0121;nace2ZZ;
2021;1.Q.;05frm12;nace1;39079
2021;1.Q.;05frm12;nace2AA;8
2021;1.Q.;05frm12;nace2BA;
2021;1.Q.;05frm12;nace2C;8
2021;1.Q.;05frm12;nace2CA;3
2021;1.Q.;05frm12;nace2CB;
2021;1.Q.;05frm12;nace2CC;4
2021;1.Q.;05frm12;nace2CD;
2021;1.Q.;05frm12;nace2CE;
2021;1.Q.;05frm12;nace2CF;
2021;1.Q.;05frm12;nace2CG;
2021;1.Q.;05frm12;nace2CH;1
2021;1.Q.;05frm12;nace2CI;
2021;1.Q.;05frm12;nace2CJ;
2021;1.Q.;05frm12;nace2CK;
2021;1.Q.;05frm12;nace2CL;
2021;1.Q.;05frm12;nace2CM;
2021;1.Q.;05frm12;nace2DA;1
2021;1.Q.;05frm12;nace2EA;58
2021;1.Q.;05frm12;nace2FA;27
2021;1.Q.;05frm12;nace2GA;4
2021;1.Q.;05frm12;nace2HA;22
2021;1.Q.;05frm12;nace2IA;42
2021;1.Q.;05frm12;nace2JA;14
2021;1.Q.;05frm12;nace2JB;1
2021;1.Q.;05frm12;nace2JC;5
2021;1.Q.;05frm12;nace2KA;8
2021;1.Q.;05frm12;nace2LA;2816
2021;1.Q.;05frm12;nace2MA;16
2021;1.Q.;05frm12;nace2MB;73
2021;1.Q.;05frm12;nace2MC;6
2021;1.Q.;05frm12;nace2NA;59
2021;1.Q.;05frm12;nace2OA;3221
2021;1.Q.;05frm12;nace2PA;3814
2021;1.Q.;05frm12;nace2QA;132
2021;1.Q.;05frm12;nace2QB;1546
2021;1.Q.;05frm12;nace2RA;6741
2021;1.Q.;05frm12;nace2SA;20457
2021;1.Q.;05frm12;nace2ZZ;
2021;2.Q.;05frm00;nace1;653818
2021;2.Q.;05frm00;nace2AA;24484
2021;2.Q.;05frm00;nace2BA;275
2021;2.Q.;05frm00;nace2C;80457
2021;2.Q.;05frm00;nace2CA;5516
2021;2.Q.;05frm00;nace2CB;6092
2021;2.Q.;05frm00;nace2CC;15213
2021;2.Q.;05frm00;nace2CD;31
2021;2.Q.;05frm00;nace2CE;570
2021;2.Q.;05frm00;nace2CF;27
2021;2.Q.;05frm00;nace2CG;4382
2021;2.Q.;05frm00;nace2CH;32683
2021;2.Q.;05frm00;nace2CI;1789
2021;2.Q.;05frm00;nace2CJ;1926
2021;2.Q.;05frm00;nace2CK;1711
2021;2.Q.;05frm00;nace2CL;947
2021;2.Q.;05frm00;nace2CM;9570
2021;2.Q.;05frm00;nace2DA;597
2021;2.Q.;05frm00;nace2EA;1951
2021;2.Q.;05frm00;nace2FA;114322
2021;2.Q.;05frm00;nace2GA;101471
2021;2.Q.;05frm00;nace2HA;24646
2021;2.Q.;05frm00;nace2IA;20001
2021;2.Q.;05frm00;nace2JA;5888
2021;2.Q.;05frm00;nace2JB;305
2021;2.Q.;05frm00;nace2JC;22004
2021;2.Q.;05frm00;nace2KA;12907
2021;2.Q.;05frm00;nace2LA;20321
2021;2.Q.;05frm00;nace2MA;63993
2021;2.Q.;05frm00;nace2MB;951
2021;2.Q.;05frm00;nace2MC;24497
2021;2.Q.;05frm00;nace2NA;48995
2021;2.Q.;05frm00;nace2OA;3237
2021;2.Q.;05frm00;nace2PA;12505
2021;2.Q.;05frm00;nace2QA;9816
2021;2.Q.;05frm00;nace2QB;2405
2021;2.Q.;05frm00;nace2RA;14454
2021;2.Q.;05frm00;nace2SA;43336
2021;2.Q.;05frm00;nace2ZZ;
2021;2.Q.;05frm010;nace1;614348
2021;2.Q.;05frm010;nace2AA;24477
2021;2.Q.;05frm010;nace2BA;275
2021;2.Q.;05frm010;nace2C;80445
2021;2.Q.;05frm010;nace2CA;5510
2021;2.Q.;05frm010;nace2CB;6092
2021;2.Q.;05frm010;nace2CC;15209
2021;2.Q.;05frm010;nace2CD;31
2021;2.Q.;05frm010;nace2CE;570
2021;2.Q.;05frm010;nace2CF;27
2021;2.Q.;05frm010;nace2CG;4381
2021;2.Q.;05frm010;nace2CH;32682
2021;2.Q.;05frm010;nace2CI;1789
2021;2.Q.;05frm010;nace2CJ;1926
2021;2.Q.;05frm010;nace2CK;1711
2021;2.Q.;05frm010;nace2CL;947
2021;2.Q.;05frm010;nace2CM;9570
2021;2.Q.;05frm010;nace2DA;596
2021;2.Q.;05frm010;nace2EA;1893
2021;2.Q.;05frm010;nace2FA;114293
2021;2.Q.;05frm010;nace2GA;101467
2021;2.Q.;05frm010;nace2HA;24624
2021;2.Q.;05frm010;nace2IA;19959
2021;2.Q.;05frm010;nace2JA;5874
2021;2.Q.;05frm010;nace2JB;304
2021;2.Q.;05frm010;nace2JC;21999
2021;2.Q.;05frm010;nace2KA;12899
2021;2.Q.;05frm010;nace2LA;17508
2021;2.Q.;05frm010;nace2MA;63977
2021;2.Q.;05frm010;nace2MB;878
2021;2.Q.;05frm010;nace2MC;24491
2021;2.Q.;05frm010;nace2NA;48929
2021;2.Q.;05frm010;nace2OA;13
2021;2.Q.;05frm010;nace2PA;8654
2021;2.Q.;05frm010;nace2QA;9687
2021;2.Q.;05frm010;nace2QB;866
2021;2.Q.;05frm010;nace2RA;7628
2021;2.Q.;05frm010;nace2SA;22612
2021;2.Q.;05frm010;nace2ZZ;
2021;2.Q.;05frm011;nace1;257330
2021;2.Q.;05frm011;nace2AA;8331
2021;2.Q.;05frm011;nace2BA;203
2021;2.Q.;05frm011;nace2C;29406
2021;2.Q.;05frm011;nace2CA;3718
2021;2.Q.;05frm011;nace2CB;2414
2021;2.Q.;05frm011;nace2CC;5911
2021;2.Q.;05frm011;nace2CD;28
2021;2.Q.;05frm011;nace2CE;470
2021;2.Q.;05frm011;nace2CF;24
2021;2.Q.;05frm011;nace2CG;2158
2021;2.Q.;05frm011;nace2CH;7487
2021;2.Q.;05frm011;nace2CI;1328
2021;2.Q.;05frm011;nace2CJ;1126
2021;2.Q.;05frm011;nace2CK;1127
2021;2.Q.;05frm011;nace2CL;648
2021;2.Q.;05frm011;nace2CM;2967
2021;2.Q.;05frm011;nace2DA;544
2021;2.Q.;05frm011;nace2EA;1324
2021;2.Q.;05frm011;nace2FA;26667
2021;2.Q.;05frm011;nace2GA;43372
2021;2.Q.;05frm011;nace2HA;12061
2021;2.Q.;05frm011;nace2IA;10313
2021;2.Q.;05frm011;nace2JA;2714
2021;2.Q.;05frm011;nace2JB;281
2021;2.Q.;05frm011;nace2JC;11903
2021;2.Q.;05frm011;nace2KA;932
2021;2.Q.;05frm011;nace2LA;15731
2021;2.Q.;05frm011;nace2MA;31393
2021;2.Q.;05frm011;nace2MB;643
2021;2.Q.;05frm011;nace2MC;12205
2021;2.Q.;05frm011;nace2NA;29716
2021;2.Q.;05frm011;nace2OA;13
2021;2.Q.;05frm011;nace2PA;3922
2021;2.Q.;05frm011;nace2QA;6555
2021;2.Q.;05frm011;nace2QB;395
2021;2.Q.;05frm011;nace2RA;3541
2021;2.Q.;05frm011;nace2SA;5165
2021;2.Q.;05frm011;nace2ZZ;
2021;2.Q.;05frm0120;nace1;357018
2021;2.Q.;05frm0120;nace2AA;16146
2021;2.Q.;05frm0120;nace2BA;72
2021;2.Q.;05frm0120;nace2C;51039
2021;2.Q.;05frm0120;nace2CA;1792
2021;2.Q.;05frm0120;nace2CB;3678
2021;2.Q.;05frm0120;nace2CC;9298
2021;2.Q.;05frm0120;nace2CD;3
2021;2.Q.;05frm0120;nace2CE;100
2021;2.Q.;05frm0120;nace2CF;3
2021;2.Q.;05frm0120;nace2CG;2223
2021;2.Q.;05frm0120;nace2CH;25195
2021;2.Q.;05frm0120;nace2CI;461
2021;2.Q.;05frm0120;nace2CJ;800
2021;2.Q.;05frm0120;nace2CK;584
2021;2.Q.;05frm0120;nace2CL;299
2021;2.Q.;05frm0120;nace2CM;6603
2021;2.Q.;05frm0120;nace2DA;52
2021;2.Q.;05frm0120;nace2EA;569
2021;2.Q.;05frm0120;nace2FA;87626
2021;2.Q.;05frm0120;nace2GA;58095
2021;2.Q.;05frm0120;nace2HA;12563
2021;2.Q.;05frm0120;nace2IA;9646
2021;2.Q.;05frm0120;nace2JA;3160
2021;2.Q.;05frm0120;nace2JB;23
2021;2.Q.;05frm0120;nace2JC;10096
2021;2.Q.;05frm0120;nace2KA;11967
2021;2.Q.;05frm0120;nace2LA;1777
2021;2.Q.;05frm0120;nace2MA;32584
2021;2.Q.;05frm0120;nace2MB;235
2021;2.Q.;05frm0120;nace2MC;12286
2021;2.Q.;05frm0120;nace2NA;19213
2021;2.Q.;05frm0120;nace2OA;
2021;2.Q.;05frm0120;nace2PA;4732
2021;2.Q.;05frm0120;nace2QA;3132
2021;2.Q.;05frm0120;nace2QB;471
2021;2.Q.;05frm0120;nace2RA;4087
2021;2.Q.;05frm0120;nace2SA;17447
2021;2.Q.;05frm0120;nace2ZZ;
2021;2.Q.;05frm0121;nace1;330447
2021;2.Q.;05frm0121;nace2AA;12340
2021;2.Q.;05frm0121;nace2BA;71
2021;2.Q.;05frm0121;nace2C;51027
2021;2.Q.;05frm0121;nace2CA;1783
2021;2.Q.;05frm0121;nace2CB;3678
2021;2.Q.;05frm0121;nace2CC;9298
2021;2.Q.;05frm0121;nace2CD;3
2021;2.Q.;05frm0121;nace2CE;100
2021;2.Q.;05frm0121;nace2CF;3
2021;2.Q.;05frm0121;nace2CG;2223
2021;2.Q.;05frm0121;nace2CH;25195
2021;2.Q.;05frm0121;nace2CI;461
2021;2.Q.;05frm0121;nace2CJ;800
2021;2.Q.;05frm0121;nace2CK;583
2021;2.Q.;05frm0121;nace2CL;299
2021;2.Q.;05frm0121;nace2CM;6601
2021;2.Q.;05frm0121;nace2DA;8
2021;2.Q.;05frm0121;nace2EA;569
2021;2.Q.;05frm0121;nace2FA;87622
2021;2.Q.;05frm0121;nace2GA;58038
2021;2.Q.;05frm0121;nace2HA;11062
2021;2.Q.;05frm0121;nace2IA;9646
2021;2.Q.;05frm0121;nace2JA;3160
2021;2.Q.;05frm0121;nace2JB;23
2021;2.Q.;05frm0121;nace2JC;10095
2021;2.Q.;05frm0121;nace2KA;2578
2021;2.Q.;05frm0121;nace2LA;1765
2021;2.Q.;05frm0121;nace2MA;27299
2021;2.Q.;05frm0121;nace2MB;235
2021;2.Q.;05frm0121;nace2MC;10359
2021;2.Q.;05frm0121;nace2NA;19145
2021;2.Q.;05frm0121;nace2OA;
2021;2.Q.;05frm0121;nace2PA;4731
2021;2.Q.;05frm0121;nace2QA;307
2021;2.Q.;05frm0121;nace2QB;463
2021;2.Q.;05frm0121;nace2RA;2457
2021;2.Q.;05frm0121;nace2SA;17447
2021;2.Q.;05frm0121;nace2ZZ;
2021;2.Q.;05frm12;nace1;39470
2021;2.Q.;05frm12;nace2AA;7
2021;2.Q.;05frm12;nace2BA;
2021;2.Q.;05frm12;nace2C;12
2021;2.Q.;05frm12;nace2CA;6
2021;2.Q.;05frm12;nace2CB;
2021;2.Q.;05frm12;nace2CC;4
2021;2.Q.;05frm12;nace2CD;
2021;2.Q.;05frm12;nace2CE;
2021;2.Q.;05frm12;nace2CF;
2021;2.Q.;05frm12;nace2CG;1
2021;2.Q.;05frm12;nace2CH;1
2021;2.Q.;05frm12;nace2CI;
2021;2.Q.;05frm12;nace2CJ;
2021;2.Q.;05frm12;nace2CK;
2021;2.Q.;05frm12;nace2CL;
2021;2.Q.;05frm12;nace2CM;
2021;2.Q.;05frm12;nace2DA;1
2021;2.Q.;05frm12;nace2EA;58
2021;2.Q.;05frm12;nace2FA;29
2021;2.Q.;05frm12;nace2GA;4
2021;2.Q.;05frm12;nace2HA;22
2021;2.Q.;05frm12;nace2IA;42
2021;2.Q.;05frm12;nace2JA;14
2021;2.Q.;05frm12;nace2JB;1
2021;2.Q.;05frm12;nace2JC;5
2021;2.Q.;05frm12;nace2KA;8
2021;2.Q.;05frm12;nace2LA;2813
2021;2.Q.;05frm12;nace2MA;16
2021;2.Q.;05frm12;nace2MB;73
2021;2.Q.;05frm12;nace2MC;6
2021;2.Q.;05frm12;nace2NA;66
2021;2.Q.;05frm12;nace2OA;3224
2021;2.Q.;05frm12;nace2PA;3851
2021;2.Q.;05frm12;nace2QA;129
2021;2.Q.;05frm12;nace2QB;1539
2021;2.Q.;05frm12;nace2RA;6826
2021;2.Q.;05frm12;nace2SA;20724
2021;2.Q.;05frm12;nace2ZZ;
2021;3.Q.;05frm00;nace1;664687
2021;3.Q.;05frm00;nace2AA;24582
2021;3.Q.;05frm00;nace2BA;272
2021;3.Q.;05frm00;nace2C;81350
2021;3.Q.;05frm00;nace2CA;5644
2021;3.Q.;05frm00;nace2CB;6113
2021;3.Q.;05frm00;nace2CC;15320
2021;3.Q.;05frm00;nace2CD;31
2021;3.Q.;05frm00;nace2CE;572
2021;3.Q.;05frm00;nace2CF;27
2021;3.Q.;05frm00;nace2CG;4419
2021;3.Q.;05frm00;nace2CH;33171
2021;3.Q.;05frm00;nace2CI;1805
2021;3.Q.;05frm00;nace2CJ;1972
2021;3.Q.;05frm00;nace2CK;1722
2021;3.Q.;05frm00;nace2CL;946
2021;3.Q.;05frm00;nace2CM;9608
2021;3.Q.;05frm00;nace2DA;595
2021;3.Q.;05frm00;nace2EA;1991
2021;3.Q.;05frm00;nace2FA;117521
2021;3.Q.;05frm00;nace2GA;101857
2021;3.Q.;05frm00;nace2HA;25381
2021;3.Q.;05frm00;nace2IA;20244
2021;3.Q.;05frm00;nace2JA;5985
2021;3.Q.;05frm00;nace2JB;302
2021;3.Q.;05frm00;nace2JC;22483
2021;3.Q.;05frm00;nace2KA;12954
2021;3.Q.;05frm00;nace2LA;20828
2021;3.Q.;05frm00;nace2MA;64720
2021;3.Q.;05frm00;nace2MB;965
2021;3.Q.;05frm00;nace2MC;24866
2021;3.Q.;05frm00;nace2NA;50762
2021;3.Q.;05frm00;nace2OA;3236
2021;3.Q.;05frm00;nace2PA;12664
2021;3.Q.;05frm00;nace2QA;9816
2021;3.Q.;05frm00;nace2QB;2436
2021;3.Q.;05frm00;nace2RA;14776
2021;3.Q.;05frm00;nace2SA;44101
2021;3.Q.;05frm00;nace2ZZ;
2021;3.Q.;05frm010;nace1;624455
2021;3.Q.;05frm010;nace2AA;24574
2021;3.Q.;05frm010;nace2BA;272
2021;3.Q.;05frm010;nace2C;81336
2021;3.Q.;05frm010;nace2CA;5637
2021;3.Q.;05frm010;nace2CB;6113
2021;3.Q.;05frm010;nace2CC;15315
2021;3.Q.;05frm010;nace2CD;31
2021;3.Q.;05frm010;nace2CE;572
2021;3.Q.;05frm010;nace2CF;27
2021;3.Q.;05frm010;nace2CG;4418
2021;3.Q.;05frm010;nace2CH;33170
2021;3.Q.;05frm010;nace2CI;1805
2021;3.Q.;05frm010;nace2CJ;1972
2021;3.Q.;05frm010;nace2CK;1722
2021;3.Q.;05frm010;nace2CL;946
2021;3.Q.;05frm010;nace2CM;9608
2021;3.Q.;05frm010;nace2DA;594
2021;3.Q.;05frm010;nace2EA;1932
2021;3.Q.;05frm010;nace2FA;117492
2021;3.Q.;05frm010;nace2GA;101852
2021;3.Q.;05frm010;nace2HA;25356
2021;3.Q.;05frm010;nace2IA;20199
2021;3.Q.;05frm010;nace2JA;5971
2021;3.Q.;05frm010;nace2JB;301
2021;3.Q.;05frm010;nace2JC;22478
2021;3.Q.;05frm010;nace2KA;12946
2021;3.Q.;05frm010;nace2LA;17836
2021;3.Q.;05frm010;nace2MA;64704
2021;3.Q.;05frm010;nace2MB;892
2021;3.Q.;05frm010;nace2MC;24860
2021;3.Q.;05frm010;nace2NA;50694
2021;3.Q.;05frm010;nace2OA;12
2021;3.Q.;05frm010;nace2PA;8815
2021;3.Q.;05frm010;nace2QA;9687
2021;3.Q.;05frm010;nace2QB;888
2021;3.Q.;05frm010;nace2RA;7863
2021;3.Q.;05frm010;nace2SA;22901
2021;3.Q.;05frm010;nace2ZZ;
2021;3.Q.;05frm011;nace1;261332
2021;3.Q.;05frm011;nace2AA;8396
2021;3.Q.;05frm011;nace2BA;206
2021;3.Q.;05frm011;nace2C;29810
2021;3.Q.;05frm011;nace2CA;3803
2021;3.Q.;05frm011;nace2CB;2454
2021;3.Q.;05frm011;nace2CC;5973
2021;3.Q.;05frm011;nace2CD;28
2021;3.Q.;05frm011;nace2CE;474
2021;3.Q.;05frm011;nace2CF;24
2021;3.Q.;05frm011;nace2CG;2185
2021;3.Q.;05frm011;nace2CH;7584
2021;3.Q.;05frm011;nace2CI;1342
2021;3.Q.;05frm011;nace2CJ;1148
2021;3.Q.;05frm011;nace2CK;1135
2021;3.Q.;05frm011;nace2CL;646
2021;3.Q.;05frm011;nace2CM;3014
2021;3.Q.;05frm011;nace2DA;541
2021;3.Q.;05frm011;nace2EA;1342
2021;3.Q.;05frm011;nace2FA;27180
2021;3.Q.;05frm011;nace2GA;43611
2021;3.Q.;05frm011;nace2HA;12201
2021;3.Q.;05frm011;nace2IA;10501
2021;3.Q.;05frm011;nace2JA;2766
2021;3.Q.;05frm011;nace2JB;278
2021;3.Q.;05frm011;nace2JC;12137
2021;3.Q.;05frm011;nace2KA;979
2021;3.Q.;05frm011;nace2LA;16061
2021;3.Q.;05frm011;nace2MA;31917
2021;3.Q.;05frm011;nace2MB;656
2021;3.Q.;05frm011;nace2MC;12417
2021;3.Q.;05frm011;nace2NA;30486
2021;3.Q.;05frm011;nace2OA;12
2021;3.Q.;05frm011;nace2PA;4017
2021;3.Q.;05frm011;nace2QA;6558
2021;3.Q.;05frm011;nace2QB;400
2021;3.Q.;05frm011;nace2RA;3592
2021;3.Q.;05frm011;nace2SA;5268
2021;3.Q.;05frm011;nace2ZZ;
2021;3.Q.;05frm0120;nace1;363123
2021;3.Q.;05frm0120;nace2AA;16178
2021;3.Q.;05frm0120;nace2BA;66
2021;3.Q.;05frm0120;nace2C;51526
2021;3.Q.;05frm0120;nace2CA;1834
2021;3.Q.;05frm0120;nace2CB;3659
2021;3.Q.;05frm0120;nace2CC;9342
2021;3.Q.;05frm0120;nace2CD;3
2021;3.Q.;05frm0120;nace2CE;98
2021;3.Q.;05frm0120;nace2CF;3
2021;3.Q.;05frm0120;nace2CG;2233
2021;3.Q.;05frm0120;nace2CH;25586
2021;3.Q.;05frm0120;nace2CI;463
2021;3.Q.;05frm0120;nace2CJ;824
2021;3.Q.;05frm0120;nace2CK;587
2021;3.Q.;05frm0120;nace2CL;300
2021;3.Q.;05frm0120;nace2CM;6594
2021;3.Q.;05frm0120;nace2DA;53
2021;3.Q.;05frm0120;nace2EA;590
2021;3.Q.;05frm0120;nace2FA;90312
2021;3.Q.;05frm0120;nace2GA;58241
2021;3.Q.;05frm0120;nace2HA;13155
2021;3.Q.;05frm0120;nace2IA;9698
2021;3.Q.;05frm0120;nace2JA;3205
2021;3.Q.;05frm0120;nace2JB;23
2021;3.Q.;05frm0120;nace2JC;10341
2021;3.Q.;05frm0120;nace2KA;11967
2021;3.Q.;05frm0120;nace2LA;1775
2021;3.Q.;05frm0120;nace2MA;32787
2021;3.Q.;05frm0120;nace2MB;236
2021;3.Q.;05frm0120;nace2MC;12443
2021;3.Q.;05frm0120;nace2NA;20208
2021;3.Q.;05frm0120;nace2OA;
2021;3.Q.;05frm0120;nace2PA;4798
2021;3.Q.;05frm0120;nace2QA;3129
2021;3.Q.;05frm0120;nace2QB;488
2021;3.Q.;05frm0120;nace2RA;4271
2021;3.Q.;05frm0120;nace2SA;17633
2021;3.Q.;05frm0120;nace2ZZ;
2021;3.Q.;05frm0121;nace1;336379
2021;3.Q.;05frm0121;nace2AA;12459
2021;3.Q.;05frm0121;nace2BA;65
2021;3.Q.;05frm0121;nace2C;51514
2021;3.Q.;05frm0121;nace2CA;1825
2021;3.Q.;05frm0121;nace2CB;3659
2021;3.Q.;05frm0121;nace2CC;9342
2021;3.Q.;05frm0121;nace2CD;3
2021;3.Q.;05frm0121;nace2CE;98
2021;3.Q.;05frm0121;nace2CF;3
2021;3.Q.;05frm0121;nace2CG;2233
2021;3.Q.;05frm0121;nace2CH;25586
2021;3.Q.;05frm0121;nace2CI;463
2021;3.Q.;05frm0121;nace2CJ;824
2021;3.Q.;05frm0121;nace2CK;586
2021;3.Q.;05frm0121;nace2CL;300
2021;3.Q.;05frm0121;nace2CM;6592
2021;3.Q.;05frm0121;nace2DA;8
2021;3.Q.;05frm0121;nace2EA;590
2021;3.Q.;05frm0121;nace2FA;90308
2021;3.Q.;05frm0121;nace2GA;58182
2021;3.Q.;05frm0121;nace2HA;11573
2021;3.Q.;05frm0121;nace2IA;9698
2021;3.Q.;05frm0121;nace2JA;3205
2021;3.Q.;05frm0121;nace2JB;23
2021;3.Q.;05frm0121;nace2JC;10340
2021;3.Q.;05frm0121;nace2KA;2558
2021;3.Q.;05frm0121;nace2LA;1763
2021;3.Q.;05frm0121;nace2MA;27504
2021;3.Q.;05frm0121;nace2MB;236
2021;3.Q.;05frm0121;nace2MC;10503
2021;3.Q.;05frm0121;nace2NA;20142
2021;3.Q.;05frm0121;nace2OA;
2021;3.Q.;05frm0121;nace2PA;4797
2021;3.Q.;05frm0121;nace2QA;303
2021;3.Q.;05frm0121;nace2QB;480
2021;3.Q.;05frm0121;nace2RA;2495
2021;3.Q.;05frm0121;nace2SA;17633
2021;3.Q.;05frm0121;nace2ZZ;
2021;3.Q.;05frm12;nace1;40232
2021;3.Q.;05frm12;nace2AA;8
2021;3.Q.;05frm12;nace2BA;
2021;3.Q.;05frm12;nace2C;14
2021;3.Q.;05frm12;nace2CA;7
2021;3.Q.;05frm12;nace2CB;
2021;3.Q.;05frm12;nace2CC;5
2021;3.Q.;05frm12;nace2CD;
2021;3.Q.;05frm12;nace2CE;
2021;3.Q.;05frm12;nace2CF;
2021;3.Q.;05frm12;nace2CG;1
2021;3.Q.;05frm12;nace2CH;1
2021;3.Q.;05frm12;nace2CI;
2021;3.Q.;05frm12;nace2CJ;
2021;3.Q.;05frm12;nace2CK;
2021;3.Q.;05frm12;nace2CL;
2021;3.Q.;05frm12;nace2CM;
2021;3.Q.;05frm12;nace2DA;1
2021;3.Q.;05frm12;nace2EA;59
2021;3.Q.;05frm12;nace2FA;29
2021;3.Q.;05frm12;nace2GA;5
2021;3.Q.;05frm12;nace2HA;25
2021;3.Q.;05frm12;nace2IA;45
2021;3.Q.;05frm12;nace2JA;14
2021;3.Q.;05frm12;nace2JB;1
2021;3.Q.;05frm12;nace2JC;5
2021;3.Q.;05frm12;nace2KA;8
2021;3.Q.;05frm12;nace2LA;2992
2021;3.Q.;05frm12;nace2MA;16
2021;3.Q.;05frm12;nace2MB;73
2021;3.Q.;05frm12;nace2MC;6
2021;3.Q.;05frm12;nace2NA;68
2021;3.Q.;05frm12;nace2OA;3224
2021;3.Q.;05frm12;nace2PA;3849
2021;3.Q.;05frm12;nace2QA;129
2021;3.Q.;05frm12;nace2QB;1548
2021;3.Q.;05frm12;nace2RA;6913
2021;3.Q.;05frm12;nace2SA;21200
2021;3.Q.;05frm12;nace2ZZ;
2021;4.Q.;05frm00;nace1;675851
2021;4.Q.;05frm00;nace2AA;24664
2021;4.Q.;05frm00;nace2BA;278
2021;4.Q.;05frm00;nace2C;82683
2021;4.Q.;05frm00;nace2CA;5789
2021;4.Q.;05frm00;nace2CB;6205
2021;4.Q.;05frm00;nace2CC;15520
2021;4.Q.;05frm00;nace2CD;37
2021;4.Q.;05frm00;nace2CE;585
2021;4.Q.;05frm00;nace2CF;29
2021;4.Q.;05frm00;nace2CG;4464
2021;4.Q.;05frm00;nace2CH;33781
2021;4.Q.;05frm00;nace2CI;1846
2021;4.Q.;05frm00;nace2CJ;2014
2021;4.Q.;05frm00;nace2CK;1741
2021;4.Q.;05frm00;nace2CL;966
2021;4.Q.;05frm00;nace2CM;9706
2021;4.Q.;05frm00;nace2DA;599
2021;4.Q.;05frm00;nace2EA;2037
2021;4.Q.;05frm00;nace2FA;120186
2021;4.Q.;05frm00;nace2GA;102309
2021;4.Q.;05frm00;nace2HA;26223
2021;4.Q.;05frm00;nace2IA;20354
2021;4.Q.;05frm00;nace2JA;6106
2021;4.Q.;05frm00;nace2JB;304
2021;4.Q.;05frm00;nace2JC;23068
2021;4.Q.;05frm00;nace2KA;12869
2021;4.Q.;05frm00;nace2LA;21211
2021;4.Q.;05frm00;nace2MA;65863
2021;4.Q.;05frm00;nace2MB;987
2021;4.Q.;05frm00;nace2MC;25412
2021;4.Q.;05frm00;nace2NA;52637
2021;4.Q.;05frm00;nace2OA;3236
2021;4.Q.;05frm00;nace2PA;12868
2021;4.Q.;05frm00;nace2QA;9548
2021;4.Q.;05frm00;nace2QB;2440
2021;4.Q.;05frm00;nace2RA;15051
2021;4.Q.;05frm00;nace2SA;44918
2021;4.Q.;05frm00;nace2ZZ;
2021;4.Q.;05frm010;nace1;634964
2021;4.Q.;05frm010;nace2AA;24656
2021;4.Q.;05frm010;nace2BA;278
2021;4.Q.;05frm010;nace2C;82669
2021;4.Q.;05frm010;nace2CA;5782
2021;4.Q.;05frm010;nace2CB;6205
2021;4.Q.;05frm010;nace2CC;15515
2021;4.Q.;05frm010;nace2CD;37
2021;4.Q.;05frm010;nace2CE;585
2021;4.Q.;05frm010;nace2CF;29
2021;4.Q.;05frm010;nace2CG;4463
2021;4.Q.;05frm010;nace2CH;33780
2021;4.Q.;05frm010;nace2CI;1846
2021;4.Q.;05frm010;nace2CJ;2014
2021;4.Q.;05frm010;nace2CK;1741
2021;4.Q.;05frm010;nace2CL;966
2021;4.Q.;05frm010;nace2CM;9706
2021;4.Q.;05frm010;nace2DA;598
2021;4.Q.;05frm010;nace2EA;1977
2021;4.Q.;05frm010;nace2FA;120156
2021;4.Q.;05frm010;nace2GA;102304
2021;4.Q.;05frm010;nace2HA;26198
2021;4.Q.;05frm010;nace2IA;20309
2021;4.Q.;05frm010;nace2JA;6092
2021;4.Q.;05frm010;nace2JB;303
2021;4.Q.;05frm010;nace2JC;23063
2021;4.Q.;05frm010;nace2KA;12861
2021;4.Q.;05frm010;nace2LA;18219
2021;4.Q.;05frm010;nace2MA;65846
2021;4.Q.;05frm010;nace2MB;914
2021;4.Q.;05frm010;nace2MC;25406
2021;4.Q.;05frm010;nace2NA;52561
2021;4.Q.;05frm010;nace2OA;12
2021;4.Q.;05frm010;nace2PA;9022
2021;4.Q.;05frm010;nace2QA;9419
2021;4.Q.;05frm010;nace2QB;893
2021;4.Q.;05frm010;nace2RA;8028
2021;4.Q.;05frm010;nace2SA;23180
2021;4.Q.;05frm010;nace2ZZ;
2021;4.Q.;05frm011;nace1;258090
2021;4.Q.;05frm011;nace2AA;8375
2021;4.Q.;05frm011;nace2BA;208
2021;4.Q.;05frm011;nace2C;29131
2021;4.Q.;05frm011;nace2CA;3803
2021;4.Q.;05frm011;nace2CB;2475
2021;4.Q.;05frm011;nace2CC;5922
2021;4.Q.;05frm011;nace2CD;34
2021;4.Q.;05frm011;nace2CE;475
2021;4.Q.;05frm011;nace2CF;26
2021;4.Q.;05frm011;nace2CG;2178
2021;4.Q.;05frm011;nace2CH;6988
2021;4.Q.;05frm011;nace2CI;1355
2021;4.Q.;05frm011;nace2CJ;1147
2021;4.Q.;05frm011;nace2CK;1137
2021;4.Q.;05frm011;nace2CL;570
2021;4.Q.;05frm011;nace2CM;3021
2021;4.Q.;05frm011;nace2DA;541
2021;4.Q.;05frm011;nace2EA;1365
2021;4.Q.;05frm011;nace2FA;25427
2021;4.Q.;05frm011;nace2GA;43124
2021;4.Q.;05frm011;nace2HA;11181
2021;4.Q.;05frm011;nace2IA;10166
2021;4.Q.;05frm011;nace2JA;2802
2021;4.Q.;05frm011;nace2JB;280
2021;4.Q.;05frm011;nace2JC;12335
2021;4.Q.;05frm011;nace2KA;1010
2021;4.Q.;05frm011;nace2LA;16399
2021;4.Q.;05frm011;nace2MA;32276
2021;4.Q.;05frm011;nace2MB;665
2021;4.Q.;05frm011;nace2MC;12600
2021;4.Q.;05frm011;nace2NA;30622
2021;4.Q.;05frm011;nace2OA;12
2021;4.Q.;05frm011;nace2PA;4060
2021;4.Q.;05frm011;nace2QA;6563
2021;4.Q.;05frm011;nace2QB;395
2021;4.Q.;05frm011;nace2RA;3642
2021;4.Q.;05frm011;nace2SA;4911
2021;4.Q.;05frm011;nace2ZZ;
2021;4.Q.;05frm0120;nace1;376874
2021;4.Q.;05frm0120;nace2AA;16281
2021;4.Q.;05frm0120;nace2BA;70
2021;4.Q.;05frm0120;nace2C;53538
2021;4.Q.;05frm0120;nace2CA;1979
2021;4.Q.;05frm0120;nace2CB;3730
2021;4.Q.;05frm0120;nace2CC;9593
2021;4.Q.;05frm0120;nace2CD;3
2021;4.Q.;05frm0120;nace2CE;110
2021;4.Q.;05frm0120;nace2CF;3
2021;4.Q.;05frm0120;nace2CG;2285
2021;4.Q.;05frm0120;nace2CH;26792
2021;4.Q.;05frm0120;nace2CI;491
2021;4.Q.;05frm0120;nace2CJ;867
2021;4.Q.;05frm0120;nace2CK;604
2021;4.Q.;05frm0120;nace2CL;396
2021;4.Q.;05frm0120;nace2CM;6685
2021;4.Q.;05frm0120;nace2DA;57
2021;4.Q.;05frm0120;nace2EA;612
2021;4.Q.;05frm0120;nace2FA;94729
2021;4.Q.;05frm0120;nace2GA;59180
2021;4.Q.;05frm0120;nace2HA;15017
2021;4.Q.;05frm0120;nace2IA;10143
2021;4.Q.;05frm0120;nace2JA;3290
2021;4.Q.;05frm0120;nace2JB;23
2021;4.Q.;05frm0120;nace2JC;10728
2021;4.Q.;05frm0120;nace2KA;11851
2021;4.Q.;05frm0120;nace2LA;1820
2021;4.Q.;05frm0120;nace2MA;33570
2021;4.Q.;05frm0120;nace2MB;249
2021;4.Q.;05frm0120;nace2MC;12806
2021;4.Q.;05frm0120;nace2NA;21939
2021;4.Q.;05frm0120;nace2OA;
2021;4.Q.;05frm0120;nace2PA;4962
2021;4.Q.;05frm0120;nace2QA;2856
2021;4.Q.;05frm0120;nace2QB;498
2021;4.Q.;05frm0120;nace2RA;4386
2021;4.Q.;05frm0120;nace2SA;18269
2021;4.Q.;05frm0120;nace2ZZ;
2021;4.Q.;05frm0121;nace1;350236
2021;4.Q.;05frm0121;nace2AA;12594
2021;4.Q.;05frm0121;nace2BA;69
2021;4.Q.;05frm0121;nace2C;53527
2021;4.Q.;05frm0121;nace2CA;1970
2021;4.Q.;05frm0121;nace2CB;3730
2021;4.Q.;05frm0121;nace2CC;9593
2021;4.Q.;05frm0121;nace2CD;3
2021;4.Q.;05frm0121;nace2CE;110
2021;4.Q.;05frm0121;nace2CF;3
2021;4.Q.;05frm0121;nace2CG;2285
2021;4.Q.;05frm0121;nace2CH;26792
2021;4.Q.;05frm0121;nace2CI;491
2021;4.Q.;05frm0121;nace2CJ;867
2021;4.Q.;05frm0121;nace2CK;603
2021;4.Q.;05frm0121;nace2CL;396
2021;4.Q.;05frm0121;nace2CM;6684
2021;4.Q.;05frm0121;nace2DA;9
2021;4.Q.;05frm0121;nace2EA;612
2021;4.Q.;05frm0121;nace2FA;94725
2021;4.Q.;05frm0121;nace2GA;59120
2021;4.Q.;05frm0121;nace2HA;13247
2021;4.Q.;05frm0121;nace2IA;10142
2021;4.Q.;05frm0121;nace2JA;3290
2021;4.Q.;05frm0121;nace2JB;23
2021;4.Q.;05frm0121;nace2JC;10727
2021;4.Q.;05frm0121;nace2KA;2582
2021;4.Q.;05frm0121;nace2LA;1808
2021;4.Q.;05frm0121;nace2MA;28245
2021;4.Q.;05frm0121;nace2MB;249
2021;4.Q.;05frm0121;nace2MC;10825
2021;4.Q.;05frm0121;nace2NA;21872
2021;4.Q.;05frm0121;nace2OA;
2021;4.Q.;05frm0121;nace2PA;4961
2021;4.Q.;05frm0121;nace2QA;299
2021;4.Q.;05frm0121;nace2QB;490
2021;4.Q.;05frm0121;nace2RA;2551
2021;4.Q.;05frm0121;nace2SA;18269
2021;4.Q.;05frm0121;nace2ZZ;
2021;4.Q.;05frm12;nace1;40887
2021;4.Q.;05frm12;nace2AA;8
2021;4.Q.;05frm12;nace2BA;
2021;4.Q.;05frm12;nace2C;14
2021;4.Q.;05frm12;nace2CA;7
2021;4.Q.;05frm12;nace2CB;
2021;4.Q.;05frm12;nace2CC;5
2021;4.Q.;05frm12;nace2CD;
2021;4.Q.;05frm12;nace2CE;
2021;4.Q.;05frm12;nace2CF;
2021;4.Q.;05frm12;nace2CG;1
2021;4.Q.;05frm12;nace2CH;1
2021;4.Q.;05frm12;nace2CI;
2021;4.Q.;05frm12;nace2CJ;
2021;4.Q.;05frm12;nace2CK;
2021;4.Q.;05frm12;nace2CL;
2021;4.Q.;05frm12;nace2CM;
2021;4.Q.;05frm12;nace2DA;1
2021;4.Q.;05frm12;nace2EA;60
2021;4.Q.;05frm12;nace2FA;30
2021;4.Q.;05frm12;nace2GA;5
2021;4.Q.;05frm12;nace2HA;25
2021;4.Q.;05frm12;nace2IA;45
2021;4.Q.;05frm12;nace2JA;14
2021;4.Q.;05frm12;nace2JB;1
2021;4.Q.;05frm12;nace2JC;5
2021;4.Q.;05frm12;nace2KA;8
2021;4.Q.;05frm12;nace2LA;2992
2021;4.Q.;05frm12;nace2MA;17
2021;4.Q.;05frm12;nace2MB;73
2021;4.Q.;05frm12;nace2MC;6
2021;4.Q.;05frm12;nace2NA;76
2021;4.Q.;05frm12;nace2OA;3224
2021;4.Q.;05frm12;nace2PA;3846
2021;4.Q.;05frm12;nace2QA;129
2021;4.Q.;05frm12;nace2QB;1547
2021;4.Q.;05frm12;nace2RA;7023
2021;4.Q.;05frm12;nace2SA;21738
2021;4.Q.;05frm12;nace2ZZ;
2020;1.Q.;05frm00;nace1;626845
2020;1.Q.;05frm00;nace2AA;23768
2020;1.Q.;05frm00;nace2BA;247
2020;1.Q.;05frm00;nace2C;79271
2020;1.Q.;05frm00;nace2CA;4990
2020;1.Q.;05frm00;nace2CB;6085
2020;1.Q.;05frm00;nace2CC;15090
2020;1.Q.;05frm00;nace2CD;27
2020;1.Q.;05frm00;nace2CE;523
2020;1.Q.;05frm00;nace2CF;25
2020;1.Q.;05frm00;nace2CG;4280
2020;1.Q.;05frm00;nace2CH;32639
2020;1.Q.;05frm00;nace2CI;1602
2020;1.Q.;05frm00;nace2CJ;1773
2020;1.Q.;05frm00;nace2CK;1661
2020;1.Q.;05frm00;nace2CL;867
2020;1.Q.;05frm00;nace2CM;9709
2020;1.Q.;05frm00;nace2DA;582
2020;1.Q.;05frm00;nace2EA;1753
2020;1.Q.;05frm00;nace2FA;105755
2020;1.Q.;05frm00;nace2GA;103730
2020;1.Q.;05frm00;nace2HA;22858
2020;1.Q.;05frm00;nace2IA;19619
2020;1.Q.;05frm00;nace2JA;5849
2020;1.Q.;05frm00;nace2JB;306
2020;1.Q.;05frm00;nace2JC;20751
2020;1.Q.;05frm00;nace2KA;12268
2020;1.Q.;05frm00;nace2LA;19616
2020;1.Q.;05frm00;nace2MA;61743
2020;1.Q.;05frm00;nace2MB;952
2020;1.Q.;05frm00;nace2MC;23184
2020;1.Q.;05frm00;nace2NA;42889
2020;1.Q.;05frm00;nace2OA;3237
2020;1.Q.;05frm00;nace2PA;12495
2020;1.Q.;05frm00;nace2QA;10028
2020;1.Q.;05frm00;nace2QB;2447
2020;1.Q.;05frm00;nace2RA;13184
2020;1.Q.;05frm00;nace2SA;40313
2020;1.Q.;05frm00;nace2ZZ;
2020;1.Q.;05frm010;nace1;590910
2020;1.Q.;05frm010;nace2AA;23762
2020;1.Q.;05frm010;nace2BA;247
2020;1.Q.;05frm010;nace2C;79263
2020;1.Q.;05frm010;nace2CA;4988
2020;1.Q.;05frm010;nace2CB;6085
2020;1.Q.;05frm010;nace2CC;15085
2020;1.Q.;05frm010;nace2CD;27
2020;1.Q.;05frm010;nace2CE;523
2020;1.Q.;05frm010;nace2CF;25
2020;1.Q.;05frm010;nace2CG;4280
2020;1.Q.;05frm010;nace2CH;32638
2020;1.Q.;05frm010;nace2CI;1602
2020;1.Q.;05frm010;nace2CJ;1773
2020;1.Q.;05frm010;nace2CK;1661
2020;1.Q.;05frm010;nace2CL;867
2020;1.Q.;05frm010;nace2CM;9709
2020;1.Q.;05frm010;nace2DA;581
2020;1.Q.;05frm010;nace2EA;1698
2020;1.Q.;05frm010;nace2FA;105741
2020;1.Q.;05frm010;nace2GA;103727
2020;1.Q.;05frm010;nace2HA;22840
2020;1.Q.;05frm010;nace2IA;19578
2020;1.Q.;05frm010;nace2JA;5835
2020;1.Q.;05frm010;nace2JB;305
2020;1.Q.;05frm010;nace2JC;20745
2020;1.Q.;05frm010;nace2KA;12261
2020;1.Q.;05frm010;nace2LA;16768
2020;1.Q.;05frm010;nace2MA;61727
2020;1.Q.;05frm010;nace2MB;877
2020;1.Q.;05frm010;nace2MC;23178
2020;1.Q.;05frm010;nace2NA;42849
2020;1.Q.;05frm010;nace2OA;14
2020;1.Q.;05frm010;nace2PA;8676
2020;1.Q.;05frm010;nace2QA;9888
2020;1.Q.;05frm010;nace2QB;912
2020;1.Q.;05frm010;nace2RA;7293
2020;1.Q.;05frm010;nace2SA;22145
2020;1.Q.;05frm010;nace2ZZ;
2020;1.Q.;05frm011;nace1;247220
2020;1.Q.;05frm011;nace2AA;8074
2020;1.Q.;05frm011;nace2BA;198
2020;1.Q.;05frm011;nace2C;27837
2020;1.Q.;05frm011;nace2CA;3427
2020;1.Q.;05frm011;nace2CB;2313
2020;1.Q.;05frm011;nace2CC;5535
2020;1.Q.;05frm011;nace2CD;24
2020;1.Q.;05frm011;nace2CE;435
2020;1.Q.;05frm011;nace2CF;22
2020;1.Q.;05frm011;nace2CG;2122
2020;1.Q.;05frm011;nace2CH;7252
2020;1.Q.;05frm011;nace2CI;1203
2020;1.Q.;05frm011;nace2CJ;1022
2020;1.Q.;05frm011;nace2CK;1068
2020;1.Q.;05frm011;nace2CL;651
2020;1.Q.;05frm011;nace2CM;2763
2020;1.Q.;05frm011;nace2DA;537
2020;1.Q.;05frm011;nace2EA;1223
2020;1.Q.;05frm011;nace2FA;24934
2020;1.Q.;05frm011;nace2GA;44310
2020;1.Q.;05frm011;nace2HA;11768
2020;1.Q.;05frm011;nace2IA;9570
2020;1.Q.;05frm011;nace2JA;2591
2020;1.Q.;05frm011;nace2JB;280
2020;1.Q.;05frm011;nace2JC;11216
2020;1.Q.;05frm011;nace2KA;804
2020;1.Q.;05frm011;nace2LA;14897
2020;1.Q.;05frm011;nace2MA;30296
2020;1.Q.;05frm011;nace2MB;628
2020;1.Q.;05frm011;nace2MC;11889
2020;1.Q.;05frm011;nace2NA;27483
2020;1.Q.;05frm011;nace2OA;14
2020;1.Q.;05frm011;nace2PA;3645
2020;1.Q.;05frm011;nace2QA;6523
2020;1.Q.;05frm011;nace2QB;385
2020;1.Q.;05frm011;nace2RA;3328
2020;1.Q.;05frm011;nace2SA;4790
2020;1.Q.;05frm011;nace2ZZ;
2020;1.Q.;05frm0120;nace1;343690
2020;1.Q.;05frm0120;nace2AA;15688
2020;1.Q.;05frm0120;nace2BA;49
2020;1.Q.;05frm0120;nace2C;51426
2020;1.Q.;05frm0120;nace2CA;1561
2020;1.Q.;05frm0120;nace2CB;3772
2020;1.Q.;05frm0120;nace2CC;9550
2020;1.Q.;05frm0120;nace2CD;3
2020;1.Q.;05frm0120;nace2CE;88
2020;1.Q.;05frm0120;nace2CF;3
2020;1.Q.;05frm0120;nace2CG;2158
2020;1.Q.;05frm0120;nace2CH;25386
2020;1.Q.;05frm0120;nace2CI;399
2020;1.Q.;05frm0120;nace2CJ;751
2020;1.Q.;05frm0120;nace2CK;593
2020;1.Q.;05frm0120;nace2CL;216
2020;1.Q.;05frm0120;nace2CM;6946
2020;1.Q.;05frm0120;nace2DA;44
2020;1.Q.;05frm0120;nace2EA;475
2020;1.Q.;05frm0120;nace2FA;80807
2020;1.Q.;05frm0120;nace2GA;59417
2020;1.Q.;05frm0120;nace2HA;11072
2020;1.Q.;05frm0120;nace2IA;10008
2020;1.Q.;05frm0120;nace2JA;3244
2020;1.Q.;05frm0120;nace2JB;25
2020;1.Q.;05frm0120;nace2JC;9529
2020;1.Q.;05frm0120;nace2KA;11457
2020;1.Q.;05frm0120;nace2LA;1871
2020;1.Q.;05frm0120;nace2MA;31431
2020;1.Q.;05frm0120;nace2MB;249
2020;1.Q.;05frm0120;nace2MC;11289
2020;1.Q.;05frm0120;nace2NA;15366
2020;1.Q.;05frm0120;nace2OA;
2020;1.Q.;05frm0120;nace2PA;5031
2020;1.Q.;05frm0120;nace2QA;3365
2020;1.Q.;05frm0120;nace2QB;527
2020;1.Q.;05frm0120;nace2RA;3965
2020;1.Q.;05frm0120;nace2SA;17355
2020;1.Q.;05frm0120;nace2ZZ;
2020;1.Q.;05frm0121;nace1;318901
2020;1.Q.;05frm0121;nace2AA;12094
2020;1.Q.;05frm0121;nace2BA;48
2020;1.Q.;05frm0121;nace2C;51414
2020;1.Q.;05frm0121;nace2CA;1551
2020;1.Q.;05frm0121;nace2CB;3772
2020;1.Q.;05frm0121;nace2CC;9550
2020;1.Q.;05frm0121;nace2CD;3
2020;1.Q.;05frm0121;nace2CE;88
2020;1.Q.;05frm0121;nace2CF;3
2020;1.Q.;05frm0121;nace2CG;2158
2020;1.Q.;05frm0121;nace2CH;25386
2020;1.Q.;05frm0121;nace2CI;399
2020;1.Q.;05frm0121;nace2CJ;751
2020;1.Q.;05frm0121;nace2CK;593
2020;1.Q.;05frm0121;nace2CL;216
2020;1.Q.;05frm0121;nace2CM;6944
2020;1.Q.;05frm0121;nace2DA;10
2020;1.Q.;05frm0121;nace2EA;475
2020;1.Q.;05frm0121;nace2FA;80803
2020;1.Q.;05frm0121;nace2GA;59379
2020;1.Q.;05frm0121;nace2HA;9475
2020;1.Q.;05frm0121;nace2IA;10008
2020;1.Q.;05frm0121;nace2JA;3244
2020;1.Q.;05frm0121;nace2JB;25
2020;1.Q.;05frm0121;nace2JC;9528
2020;1.Q.;05frm0121;nace2KA;2768
2020;1.Q.;05frm0121;nace2LA;1857
2020;1.Q.;05frm0121;nace2MA;26274
2020;1.Q.;05frm0121;nace2MB;249
2020;1.Q.;05frm0121;nace2MC;10096
2020;1.Q.;05frm0121;nace2NA;15307
2020;1.Q.;05frm0121;nace2OA;
2020;1.Q.;05frm0121;nace2PA;5031
2020;1.Q.;05frm0121;nace2QA;372
2020;1.Q.;05frm0121;nace2QB;518
2020;1.Q.;05frm0121;nace2RA;2571
2020;1.Q.;05frm0121;nace2SA;17355
2020;1.Q.;05frm0121;nace2ZZ;
2020;1.Q.;05frm12;nace1;35935
2020;1.Q.;05frm12;nace2AA;6
2020;1.Q.;05frm12;nace2BA;
2020;1.Q.;05frm12;nace2C;8
2020;1.Q.;05frm12;nace2CA;2
2020;1.Q.;05frm12;nace2CB;
2020;1.Q.;05frm12;nace2CC;5
2020;1.Q.;05frm12;nace2CD;
2020;1.Q.;05frm12;nace2CE;
2020;1.Q.;05frm12;nace2CF;
2020;1.Q.;05frm12;nace2CG;
2020;1.Q.;05frm12;nace2CH;1
2020;1.Q.;05frm12;nace2CI;
2020;1.Q.;05frm12;nace2CJ;
2020;1.Q.;05frm12;nace2CK;
2020;1.Q.;05frm12;nace2CL;
2020;1.Q.;05frm12;nace2CM;
2020;1.Q.;05frm12;nace2DA;1
2020;1.Q.;05frm12;nace2EA;55
2020;1.Q.;05frm12;nace2FA;14
2020;1.Q.;05frm12;nace2GA;3
2020;1.Q.;05frm12;nace2HA;18
2020;1.Q.;05frm12;nace2IA;41
2020;1.Q.;05frm12;nace2JA;14
2020;1.Q.;05frm12;nace2JB;1
2020;1.Q.;05frm12;nace2JC;6
2020;1.Q.;05frm12;nace2KA;7
2020;1.Q.;05frm12;nace2LA;2848
2020;1.Q.;05frm12;nace2MA;16
2020;1.Q.;05frm12;nace2MB;75
2020;1.Q.;05frm12;nace2MC;6
2020;1.Q.;05frm12;nace2NA;40
2020;1.Q.;05frm12;nace2OA;3223
2020;1.Q.;05frm12;nace2PA;3819
2020;1.Q.;05frm12;nace2QA;140
2020;1.Q.;05frm12;nace2QB;1535
2020;1.Q.;05frm12;nace2RA;5891
2020;1.Q.;05frm12;nace2SA;18168
2020;1.Q.;05frm12;nace2ZZ;
2020;2.Q.;05frm00;nace1;633746
2020;2.Q.;05frm00;nace2AA;24154
2020;2.Q.;05frm00;nace2BA;267
2020;2.Q.;05frm00;nace2C;79822
2020;2.Q.;05frm00;nace2CA;5148
2020;2.Q.;05frm00;nace2CB;6149
2020;2.Q.;05frm00;nace2CC;15250
2020;2.Q.;05frm00;nace2CD;29
2020;2.Q.;05frm00;nace2CE;536
2020;2.Q.;05frm00;nace2CF;25
2020;2.Q.;05frm00;nace2CG;4329
2020;2.Q.;05frm00;nace2CH;32541
2020;2.Q.;05frm00;nace2CI;1682
2020;2.Q.;05frm00;nace2CJ;1813
2020;2.Q.;05frm00;nace2CK;1683
2020;2.Q.;05frm00;nace2CL;873
2020;2.Q.;05frm00;nace2CM;9764
2020;2.Q.;05frm00;nace2DA;595
2020;2.Q.;05frm00;nace2EA;1813
2020;2.Q.;05frm00;nace2FA;107364
2020;2.Q.;05frm00;nace2GA;104186
2020;2.Q.;05frm00;nace2HA;23332
2020;2.Q.;05frm00;nace2IA;19966
2020;2.Q.;05frm00;nace2JA;5872
2020;2.Q.;05frm00;nace2JB;306
2020;2.Q.;05frm00;nace2JC;21103
2020;2.Q.;05frm00;nace2KA;12200
2020;2.Q.;05frm00;nace2LA;19912
2020;2.Q.;05frm00;nace2MA;61886
2020;2.Q.;05frm00;nace2MB;937
2020;2.Q.;05frm00;nace2MC;23504
2020;2.Q.;05frm00;nace2NA;43814
2020;2.Q.;05frm00;nace2OA;3236
2020;2.Q.;05frm00;nace2PA;12518
2020;2.Q.;05frm00;nace2QA;10000
2020;2.Q.;05frm00;nace2QB;2447
2020;2.Q.;05frm00;nace2RA;13444
2020;2.Q.;05frm00;nace2SA;41068
2020;2.Q.;05frm00;nace2ZZ;
2020;2.Q.;05frm010;nace1;597177
2020;2.Q.;05frm010;nace2AA;24148
2020;2.Q.;05frm010;nace2BA;267
2020;2.Q.;05frm010;nace2C;79811
2020;2.Q.;05frm010;nace2CA;5145
2020;2.Q.;05frm010;nace2CB;6149
2020;2.Q.;05frm010;nace2CC;15243
2020;2.Q.;05frm010;nace2CD;29
2020;2.Q.;05frm010;nace2CE;536
2020;2.Q.;05frm010;nace2CF;25
2020;2.Q.;05frm010;nace2CG;4329
2020;2.Q.;05frm010;nace2CH;32540
2020;2.Q.;05frm010;nace2CI;1682
2020;2.Q.;05frm010;nace2CJ;1813
2020;2.Q.;05frm010;nace2CK;1683
2020;2.Q.;05frm010;nace2CL;873
2020;2.Q.;05frm010;nace2CM;9764
2020;2.Q.;05frm010;nace2DA;594
2020;2.Q.;05frm010;nace2EA;1756
2020;2.Q.;05frm010;nace2FA;107348
2020;2.Q.;05frm010;nace2GA;104183
2020;2.Q.;05frm010;nace2HA;23315
2020;2.Q.;05frm010;nace2IA;19924
2020;2.Q.;05frm010;nace2JA;5859
2020;2.Q.;05frm010;nace2JB;305
2020;2.Q.;05frm010;nace2JC;21097
2020;2.Q.;05frm010;nace2KA;12193
2020;2.Q.;05frm010;nace2LA;17064
2020;2.Q.;05frm010;nace2MA;61870
2020;2.Q.;05frm010;nace2MB;862
2020;2.Q.;05frm010;nace2MC;23498
2020;2.Q.;05frm010;nace2NA;43771
2020;2.Q.;05frm010;nace2OA;14
2020;2.Q.;05frm010;nace2PA;8702
2020;2.Q.;05frm010;nace2QA;9864
2020;2.Q.;05frm010;nace2QB;904
2020;2.Q.;05frm010;nace2RA;7420
2020;2.Q.;05frm010;nace2SA;22408
2020;2.Q.;05frm010;nace2ZZ;
2020;2.Q.;05frm011;nace1;252214
2020;2.Q.;05frm011;nace2AA;8200
2020;2.Q.;05frm011;nace2BA;202
2020;2.Q.;05frm011;nace2C;28717
2020;2.Q.;05frm011;nace2CA;3558
2020;2.Q.;05frm011;nace2CB;2359
2020;2.Q.;05frm011;nace2CC;5724
2020;2.Q.;05frm011;nace2CD;26
2020;2.Q.;05frm011;nace2CE;449
2020;2.Q.;05frm011;nace2CF;22
2020;2.Q.;05frm011;nace2CG;2165
2020;2.Q.;05frm011;nace2CH;7482
2020;2.Q.;05frm011;nace2CI;1275
2020;2.Q.;05frm011;nace2CJ;1063
2020;2.Q.;05frm011;nace2CK;1096
2020;2.Q.;05frm011;nace2CL;675
2020;2.Q.;05frm011;nace2CM;2823
2020;2.Q.;05frm011;nace2DA;538
2020;2.Q.;05frm011;nace2EA;1270
2020;2.Q.;05frm011;nace2FA;25726
2020;2.Q.;05frm011;nace2GA;44553
2020;2.Q.;05frm011;nace2HA;12082
2020;2.Q.;05frm011;nace2IA;9888
2020;2.Q.;05frm011;nace2JA;2613
2020;2.Q.;05frm011;nace2JB;280
2020;2.Q.;05frm011;nace2JC;11420
2020;2.Q.;05frm011;nace2KA;821
2020;2.Q.;05frm011;nace2LA;15219
2020;2.Q.;05frm011;nace2MA;30768
2020;2.Q.;05frm011;nace2MB;612
2020;2.Q.;05frm011;nace2MC;12082
2020;2.Q.;05frm011;nace2NA;28169
2020;2.Q.;05frm011;nace2OA;14
2020;2.Q.;05frm011;nace2PA;3716
2020;2.Q.;05frm011;nace2QA;6531
2020;2.Q.;05frm011;nace2QB;397
2020;2.Q.;05frm011;nace2RA;3415
2020;2.Q.;05frm011;nace2SA;4981
2020;2.Q.;05frm011;nace2ZZ;
2020;2.Q.;05frm0120;nace1;344963
2020;2.Q.;05frm0120;nace2AA;15948
2020;2.Q.;05frm0120;nace2BA;65
2020;2.Q.;05frm0120;nace2C;51094
2020;2.Q.;05frm0120;nace2CA;1587
2020;2.Q.;05frm0120;nace2CB;3790
2020;2.Q.;05frm0120;nace2CC;9519
2020;2.Q.;05frm0120;nace2CD;3
2020;2.Q.;05frm0120;nace2CE;87
2020;2.Q.;05frm0120;nace2CF;3
2020;2.Q.;05frm0120;nace2CG;2164
2020;2.Q.;05frm0120;nace2CH;25058
2020;2.Q.;05frm0120;nace2CI;407
2020;2.Q.;05frm0120;nace2CJ;750
2020;2.Q.;05frm0120;nace2CK;587
2020;2.Q.;05frm0120;nace2CL;198
2020;2.Q.;05frm0120;nace2CM;6941
2020;2.Q.;05frm0120;nace2DA;56
2020;2.Q.;05frm0120;nace2EA;486
2020;2.Q.;05frm0120;nace2FA;81622
2020;2.Q.;05frm0120;nace2GA;59630
2020;2.Q.;05frm0120;nace2HA;11233
2020;2.Q.;05frm0120;nace2IA;10036
2020;2.Q.;05frm0120;nace2JA;3246
2020;2.Q.;05frm0120;nace2JB;25
2020;2.Q.;05frm0120;nace2JC;9677
2020;2.Q.;05frm0120;nace2KA;11372
2020;2.Q.;05frm0120;nace2LA;1845
2020;2.Q.;05frm0120;nace2MA;31102
2020;2.Q.;05frm0120;nace2MB;250
2020;2.Q.;05frm0120;nace2MC;11416
2020;2.Q.;05frm0120;nace2NA;15602
2020;2.Q.;05frm0120;nace2OA;
2020;2.Q.;05frm0120;nace2PA;4986
2020;2.Q.;05frm0120;nace2QA;3333
2020;2.Q.;05frm0120;nace2QB;507
2020;2.Q.;05frm0120;nace2RA;4005
2020;2.Q.;05frm0120;nace2SA;17427
2020;2.Q.;05frm0120;nace2ZZ;
2020;2.Q.;05frm0121;nace1;319810
2020;2.Q.;05frm0121;nace2AA;12286
2020;2.Q.;05frm0121;nace2BA;64
2020;2.Q.;05frm0121;nace2C;51082
2020;2.Q.;05frm0121;nace2CA;1577
2020;2.Q.;05frm0121;nace2CB;3790
2020;2.Q.;05frm0121;nace2CC;9519
2020;2.Q.;05frm0121;nace2CD;3
2020;2.Q.;05frm0121;nace2CE;87
2020;2.Q.;05frm0121;nace2CF;3
2020;2.Q.;05frm0121;nace2CG;2164
2020;2.Q.;05frm0121;nace2CH;25058
2020;2.Q.;05frm0121;nace2CI;407
2020;2.Q.;05frm0121;nace2CJ;750
2020;2.Q.;05frm0121;nace2CK;587
2020;2.Q.;05frm0121;nace2CL;198
2020;2.Q.;05frm0121;nace2CM;6939
2020;2.Q.;05frm0121;nace2DA;12
2020;2.Q.;05frm0121;nace2EA;486
2020;2.Q.;05frm0121;nace2FA;81618
2020;2.Q.;05frm0121;nace2GA;59580
2020;2.Q.;05frm0121;nace2HA;9598
2020;2.Q.;05frm0121;nace2IA;10036
2020;2.Q.;05frm0121;nace2JA;3246
2020;2.Q.;05frm0121;nace2JB;25
2020;2.Q.;05frm0121;nace2JC;9676
2020;2.Q.;05frm0121;nace2KA;2583
2020;2.Q.;05frm0121;nace2LA;1831
2020;2.Q.;05frm0121;nace2MA;25915
2020;2.Q.;05frm0121;nace2MB;250
2020;2.Q.;05frm0121;nace2MC;10175
2020;2.Q.;05frm0121;nace2NA;15523
2020;2.Q.;05frm0121;nace2OA;
2020;2.Q.;05frm0121;nace2PA;4986
2020;2.Q.;05frm0121;nace2QA;343
2020;2.Q.;05frm0121;nace2QB;498
2020;2.Q.;05frm0121;nace2RA;2570
2020;2.Q.;05frm0121;nace2SA;17427
2020;2.Q.;05frm0121;nace2ZZ;
2020;2.Q.;05frm12;nace1;36569
2020;2.Q.;05frm12;nace2AA;6
2020;2.Q.;05frm12;nace2BA;
2020;2.Q.;05frm12;nace2C;11
2020;2.Q.;05frm12;nace2CA;3
2020;2.Q.;05frm12;nace2CB;
2020;2.Q.;05frm12;nace2CC;7
2020;2.Q.;05frm12;nace2CD;
2020;2.Q.;05frm12;nace2CE;
2020;2.Q.;05frm12;nace2CF;
2020;2.Q.;05frm12;nace2CG;
2020;2.Q.;05frm12;nace2CH;1
2020;2.Q.;05frm12;nace2CI;
2020;2.Q.;05frm12;nace2CJ;
2020;2.Q.;05frm12;nace2CK;
2020;2.Q.;05frm12;nace2CL;
2020;2.Q.;05frm12;nace2CM;
2020;2.Q.;05frm12;nace2DA;1
2020;2.Q.;05frm12;nace2EA;57
2020;2.Q.;05frm12;nace2FA;16
2020;2.Q.;05frm12;nace2GA;3
2020;2.Q.;05frm12;nace2HA;17
2020;2.Q.;05frm12;nace2IA;42
2020;2.Q.;05frm12;nace2JA;13
2020;2.Q.;05frm12;nace2JB;1
2020;2.Q.;05frm12;nace2JC;6
2020;2.Q.;05frm12;nace2KA;7
2020;2.Q.;05frm12;nace2LA;2848
2020;2.Q.;05frm12;nace2MA;16
2020;2.Q.;05frm12;nace2MB;75
2020;2.Q.;05frm12;nace2MC;6
2020;2.Q.;05frm12;nace2NA;43
2020;2.Q.;05frm12;nace2OA;3222
2020;2.Q.;05frm12;nace2PA;3816
2020;2.Q.;05frm12;nace2QA;136
2020;2.Q.;05frm12;nace2QB;1543
2020;2.Q.;05frm12;nace2RA;6024
2020;2.Q.;05frm12;nace2SA;18660
2020;2.Q.;05frm12;nace2ZZ;
2020;3.Q.;05frm00;nace1;636250
2020;3.Q.;05frm00;nace2AA;24326
2020;3.Q.;05frm00;nace2BA;275
2020;3.Q.;05frm00;nace2C;79607
2020;3.Q.;05frm00;nace2CA;5237
2020;3.Q.;05frm00;nace2CB;6122
2020;3.Q.;05frm00;nace2CC;15206
2020;3.Q.;05frm00;nace2CD;28
2020;3.Q.;05frm00;nace2CE;542
2020;3.Q.;05frm00;nace2CF;25
2020;3.Q.;05frm00;nace2CG;4334
2020;3.Q.;05frm00;nace2CH;32234
2020;3.Q.;05frm00;nace2CI;1737
2020;3.Q.;05frm00;nace2CJ;1848
2020;3.Q.;05frm00;nace2CK;1691
2020;3.Q.;05frm00;nace2CL;883
2020;3.Q.;05frm00;nace2CM;9720
2020;3.Q.;05frm00;nace2DA;590
2020;3.Q.;05frm00;nace2EA;1844
2020;3.Q.;05frm00;nace2FA;108080
2020;3.Q.;05frm00;nace2GA;103167
2020;3.Q.;05frm00;nace2HA;23731
2020;3.Q.;05frm00;nace2IA;20049
2020;3.Q.;05frm00;nace2JA;5821
2020;3.Q.;05frm00;nace2JB;303
2020;3.Q.;05frm00;nace2JC;21165
2020;3.Q.;05frm00;nace2KA;12848
2020;3.Q.;05frm00;nace2LA;20003
2020;3.Q.;05frm00;nace2MA;62049
2020;3.Q.;05frm00;nace2MB;935
2020;3.Q.;05frm00;nace2MC;23561
2020;3.Q.;05frm00;nace2NA;44390
2020;3.Q.;05frm00;nace2OA;3237
2020;3.Q.;05frm00;nace2PA;12439
2020;3.Q.;05frm00;nace2QA;9992
2020;3.Q.;05frm00;nace2QB;2431
2020;3.Q.;05frm00;nace2RA;13673
2020;3.Q.;05frm00;nace2SA;41734
2020;3.Q.;05frm00;nace2ZZ;
2020;3.Q.;05frm010;nace1;599105
2020;3.Q.;05frm010;nace2AA;24320
2020;3.Q.;05frm010;nace2BA;274
2020;3.Q.;05frm010;nace2C;79598
2020;3.Q.;05frm010;nace2CA;5234
2020;3.Q.;05frm010;nace2CB;6122
2020;3.Q.;05frm010;nace2CC;15201
2020;3.Q.;05frm010;nace2CD;28
2020;3.Q.;05frm010;nace2CE;542
2020;3.Q.;05frm010;nace2CF;25
2020;3.Q.;05frm010;nace2CG;4334
2020;3.Q.;05frm010;nace2CH;32233
2020;3.Q.;05frm010;nace2CI;1737
2020;3.Q.;05frm010;nace2CJ;1848
2020;3.Q.;05frm010;nace2CK;1691
2020;3.Q.;05frm010;nace2CL;883
2020;3.Q.;05frm010;nace2CM;9720
2020;3.Q.;05frm010;nace2DA;589
2020;3.Q.;05frm010;nace2EA;1787
2020;3.Q.;05frm010;nace2FA;108060
2020;3.Q.;05frm010;nace2GA;103163
2020;3.Q.;05frm010;nace2HA;23714
2020;3.Q.;05frm010;nace2IA;20007
2020;3.Q.;05frm010;nace2JA;5808
2020;3.Q.;05frm010;nace2JB;302
2020;3.Q.;05frm010;nace2JC;21159
2020;3.Q.;05frm010;nace2KA;12841
2020;3.Q.;05frm010;nace2LA;17189
2020;3.Q.;05frm010;nace2MA;62033
2020;3.Q.;05frm010;nace2MB;860
2020;3.Q.;05frm010;nace2MC;23555
2020;3.Q.;05frm010;nace2NA;44341
2020;3.Q.;05frm010;nace2OA;14
2020;3.Q.;05frm010;nace2PA;8618
2020;3.Q.;05frm010;nace2QA;9859
2020;3.Q.;05frm010;nace2QB;887
2020;3.Q.;05frm010;nace2RA;7555
2020;3.Q.;05frm010;nace2SA;22572
2020;3.Q.;05frm010;nace2ZZ;
2020;3.Q.;05frm011;nace1;255168
2020;3.Q.;05frm011;nace2AA;8266
2020;3.Q.;05frm011;nace2BA;207
2020;3.Q.;05frm011;nace2C;29360
2020;3.Q.;05frm011;nace2CA;3657
2020;3.Q.;05frm011;nace2CB;2422
2020;3.Q.;05frm011;nace2CC;5852
2020;3.Q.;05frm011;nace2CD;25
2020;3.Q.;05frm011;nace2CE;454
2020;3.Q.;05frm011;nace2CF;22
2020;3.Q.;05frm011;nace2CG;2191
2020;3.Q.;05frm011;nace2CH;7607
2020;3.Q.;05frm011;nace2CI;1334
2020;3.Q.;05frm011;nace2CJ;1098
2020;3.Q.;05frm011;nace2CK;1115
2020;3.Q.;05frm011;nace2CL;685
2020;3.Q.;05frm011;nace2CM;2898
2020;3.Q.;05frm011;nace2DA;535
2020;3.Q.;05frm011;nace2EA;1300
2020;3.Q.;05frm011;nace2FA;26358
2020;3.Q.;05frm011;nace2GA;44464
2020;3.Q.;05frm011;nace2HA;12274
2020;3.Q.;05frm011;nace2IA;10136
2020;3.Q.;05frm011;nace2JA;2619
2020;3.Q.;05frm011;nace2JB;278
2020;3.Q.;05frm011;nace2JC;11563
2020;3.Q.;05frm011;nace2KA;838
2020;3.Q.;05frm011;nace2LA;15366
2020;3.Q.;05frm011;nace2MA;30873
2020;3.Q.;05frm011;nace2MB;621
2020;3.Q.;05frm011;nace2MC;12200
2020;3.Q.;05frm011;nace2NA;28613
2020;3.Q.;05frm011;nace2OA;14
2020;3.Q.;05frm011;nace2PA;3747
2020;3.Q.;05frm011;nace2QA;6533
2020;3.Q.;05frm011;nace2QB;398
2020;3.Q.;05frm011;nace2RA;3454
2020;3.Q.;05frm011;nace2SA;5151
2020;3.Q.;05frm011;nace2ZZ;
2020;3.Q.;05frm0120;nace1;343937
2020;3.Q.;05frm0120;nace2AA;16054
2020;3.Q.;05frm0120;nace2BA;67
2020;3.Q.;05frm0120;nace2C;50238
2020;3.Q.;05frm0120;nace2CA;1577
2020;3.Q.;05frm0120;nace2CB;3700
2020;3.Q.;05frm0120;nace2CC;9349
2020;3.Q.;05frm0120;nace2CD;3
2020;3.Q.;05frm0120;nace2CE;88
2020;3.Q.;05frm0120;nace2CF;3
2020;3.Q.;05frm0120;nace2CG;2143
2020;3.Q.;05frm0120;nace2CH;24626
2020;3.Q.;05frm0120;nace2CI;403
2020;3.Q.;05frm0120;nace2CJ;750
2020;3.Q.;05frm0120;nace2CK;576
2020;3.Q.;05frm0120;nace2CL;198
2020;3.Q.;05frm0120;nace2CM;6822
2020;3.Q.;05frm0120;nace2DA;54
2020;3.Q.;05frm0120;nace2EA;487
2020;3.Q.;05frm0120;nace2FA;81702
2020;3.Q.;05frm0120;nace2GA;58699
2020;3.Q.;05frm0120;nace2HA;11440
2020;3.Q.;05frm0120;nace2IA;9871
2020;3.Q.;05frm0120;nace2JA;3189
2020;3.Q.;05frm0120;nace2JB;24
2020;3.Q.;05frm0120;nace2JC;9596
2020;3.Q.;05frm0120;nace2KA;12003
2020;3.Q.;05frm0120;nace2LA;1823
2020;3.Q.;05frm0120;nace2MA;31160
2020;3.Q.;05frm0120;nace2MB;239
2020;3.Q.;05frm0120;nace2MC;11355
2020;3.Q.;05frm0120;nace2NA;15728
2020;3.Q.;05frm0120;nace2OA;
2020;3.Q.;05frm0120;nace2PA;4871
2020;3.Q.;05frm0120;nace2QA;3326
2020;3.Q.;05frm0120;nace2QB;489
2020;3.Q.;05frm0120;nace2RA;4101
2020;3.Q.;05frm0120;nace2SA;17421
2020;3.Q.;05frm0120;nace2ZZ;
2020;3.Q.;05frm0121;nace1;317800
2020;3.Q.;05frm0121;nace2AA;12272
2020;3.Q.;05frm0121;nace2BA;66
2020;3.Q.;05frm0121;nace2C;50225
2020;3.Q.;05frm0121;nace2CA;1566
2020;3.Q.;05frm0121;nace2CB;3700
2020;3.Q.;05frm0121;nace2CC;9349
2020;3.Q.;05frm0121;nace2CD;3
2020;3.Q.;05frm0121;nace2CE;88
2020;3.Q.;05frm0121;nace2CF;3
2020;3.Q.;05frm0121;nace2CG;2143
2020;3.Q.;05frm0121;nace2CH;24626
2020;3.Q.;05frm0121;nace2CI;403
2020;3.Q.;05frm0121;nace2CJ;750
2020;3.Q.;05frm0121;nace2CK;576
2020;3.Q.;05frm0121;nace2CL;198
2020;3.Q.;05frm0121;nace2CM;6820
2020;3.Q.;05frm0121;nace2DA;10
2020;3.Q.;05frm0121;nace2EA;487
2020;3.Q.;05frm0121;nace2FA;81698
2020;3.Q.;05frm0121;nace2GA;58654
2020;3.Q.;05frm0121;nace2HA;9726
2020;3.Q.;05frm0121;nace2IA;9871
2020;3.Q.;05frm0121;nace2JA;3189
2020;3.Q.;05frm0121;nace2JB;24
2020;3.Q.;05frm0121;nace2JC;9595
2020;3.Q.;05frm0121;nace2KA;2565
2020;3.Q.;05frm0121;nace2LA;1809
2020;3.Q.;05frm0121;nace2MA;25977
2020;3.Q.;05frm0121;nace2MB;239
2020;3.Q.;05frm0121;nace2MC;10098
2020;3.Q.;05frm0121;nace2NA;15647
2020;3.Q.;05frm0121;nace2OA;
2020;3.Q.;05frm0121;nace2PA;4871
2020;3.Q.;05frm0121;nace2QA;333
2020;3.Q.;05frm0121;nace2QB;480
2020;3.Q.;05frm0121;nace2RA;2543
2020;3.Q.;05frm0121;nace2SA;17421
2020;3.Q.;05frm0121;nace2ZZ;
2020;3.Q.;05frm12;nace1;37145
2020;3.Q.;05frm12;nace2AA;6
2020;3.Q.;05frm12;nace2BA;1
2020;3.Q.;05frm12;nace2C;9
2020;3.Q.;05frm12;nace2CA;3
2020;3.Q.;05frm12;nace2CB;
2020;3.Q.;05frm12;nace2CC;5
2020;3.Q.;05frm12;nace2CD;
2020;3.Q.;05frm12;nace2CE;
2020;3.Q.;05frm12;nace2CF;
2020;3.Q.;05frm12;nace2CG;
2020;3.Q.;05frm12;nace2CH;1
2020;3.Q.;05frm12;nace2CI;
2020;3.Q.;05frm12;nace2CJ;
2020;3.Q.;05frm12;nace2CK;
2020;3.Q.;05frm12;nace2CL;
2020;3.Q.;05frm12;nace2CM;
2020;3.Q.;05frm12;nace2DA;1
2020;3.Q.;05frm12;nace2EA;57
2020;3.Q.;05frm12;nace2FA;20
2020;3.Q.;05frm12;nace2GA;4
2020;3.Q.;05frm12;nace2HA;17
2020;3.Q.;05frm12;nace2IA;42
2020;3.Q.;05frm12;nace2JA;13
2020;3.Q.;05frm12;nace2JB;1
2020;3.Q.;05frm12;nace2JC;6
2020;3.Q.;05frm12;nace2KA;7
2020;3.Q.;05frm12;nace2LA;2814
2020;3.Q.;05frm12;nace2MA;16
2020;3.Q.;05frm12;nace2MB;75
2020;3.Q.;05frm12;nace2MC;6
2020;3.Q.;05frm12;nace2NA;49
2020;3.Q.;05frm12;nace2OA;3223
2020;3.Q.;05frm12;nace2PA;3821
2020;3.Q.;05frm12;nace2QA;133
2020;3.Q.;05frm12;nace2QB;1544
2020;3.Q.;05frm12;nace2RA;6118
2020;3.Q.;05frm12;nace2SA;19162
2020;3.Q.;05frm12;nace2ZZ;
2020;4.Q.;05frm00;nace1;635876
2020;4.Q.;05frm00;nace2AA;23884
2020;4.Q.;05frm00;nace2BA;274
2020;4.Q.;05frm00;nace2C;78810
2020;4.Q.;05frm00;nace2CA;5336
2020;4.Q.;05frm00;nace2CB;6094
2020;4.Q.;05frm00;nace2CC;15019
2020;4.Q.;05frm00;nace2CD;28
2020;4.Q.;05frm00;nace2CE;542
2020;4.Q.;05frm00;nace2CF;25
2020;4.Q.;05frm00;nace2CG;4279
2020;4.Q.;05frm00;nace2CH;31797
2020;4.Q.;05frm00;nace2CI;1758
2020;4.Q.;05frm00;nace2CJ;1863
2020;4.Q.;05frm00;nace2CK;1681
2020;4.Q.;05frm00;nace2CL;913
2020;4.Q.;05frm00;nace2CM;9475
2020;4.Q.;05frm00;nace2DA;588
2020;4.Q.;05frm00;nace2EA;1858
2020;4.Q.;05frm00;nace2FA;108177
2020;4.Q.;05frm00;nace2GA;101165
2020;4.Q.;05frm00;nace2HA;23991
2020;4.Q.;05frm00;nace2IA;19810
2020;4.Q.;05frm00;nace2JA;5738
2020;4.Q.;05frm00;nace2JB;305
2020;4.Q.;05frm00;nace2JC;21093
2020;4.Q.;05frm00;nace2KA;13041
2020;4.Q.;05frm00;nace2LA;20177
2020;4.Q.;05frm00;nace2MA;62722
2020;4.Q.;05frm00;nace2MB;933
2020;4.Q.;05frm00;nace2MC;23344
2020;4.Q.;05frm00;nace2NA;45934
2020;4.Q.;05frm00;nace2OA;3237
2020;4.Q.;05frm00;nace2PA;12291
2020;4.Q.;05frm00;nace2QA;9976
2020;4.Q.;05frm00;nace2QB;2413
2020;4.Q.;05frm00;nace2RA;13854
2020;4.Q.;05frm00;nace2SA;42261
2020;4.Q.;05frm00;nace2ZZ;
2020;4.Q.;05frm010;nace1;597813
2020;4.Q.;05frm010;nace2AA;23876
2020;4.Q.;05frm010;nace2BA;274
2020;4.Q.;05frm010;nace2C;78801
2020;4.Q.;05frm010;nace2CA;5333
2020;4.Q.;05frm010;nace2CB;6094
2020;4.Q.;05frm010;nace2CC;15014
2020;4.Q.;05frm010;nace2CD;28
2020;4.Q.;05frm010;nace2CE;542
2020;4.Q.;05frm010;nace2CF;25
2020;4.Q.;05frm010;nace2CG;4279
2020;4.Q.;05frm010;nace2CH;31796
2020;4.Q.;05frm010;nace2CI;1758
2020;4.Q.;05frm010;nace2CJ;1863
2020;4.Q.;05frm010;nace2CK;1681
2020;4.Q.;05frm010;nace2CL;913
2020;4.Q.;05frm010;nace2CM;9475
2020;4.Q.;05frm010;nace2DA;587
2020;4.Q.;05frm010;nace2EA;1800
2020;4.Q.;05frm010;nace2FA;108152
2020;4.Q.;05frm010;nace2GA;101161
2020;4.Q.;05frm010;nace2HA;23973
2020;4.Q.;05frm010;nace2IA;19769
2020;4.Q.;05frm010;nace2JA;5725
2020;4.Q.;05frm010;nace2JB;304
2020;4.Q.;05frm010;nace2JC;21087
2020;4.Q.;05frm010;nace2KA;13034
2020;4.Q.;05frm010;nace2LA;17359
2020;4.Q.;05frm010;nace2MA;62706
2020;4.Q.;05frm010;nace2MB;858
2020;4.Q.;05frm010;nace2MC;23338
2020;4.Q.;05frm010;nace2NA;45882
2020;4.Q.;05frm010;nace2OA;14
2020;4.Q.;05frm010;nace2PA;8461
2020;4.Q.;05frm010;nace2QA;9843
2020;4.Q.;05frm010;nace2QB;860
2020;4.Q.;05frm010;nace2RA;7561
2020;4.Q.;05frm010;nace2SA;22388
2020;4.Q.;05frm010;nace2ZZ;
2020;4.Q.;05frm011;nace1;258813
2020;4.Q.;05frm011;nace2AA;8344
2020;4.Q.;05frm011;nace2BA;208
2020;4.Q.;05frm011;nace2C;29738
2020;4.Q.;05frm011;nace2CA;3741
2020;4.Q.;05frm011;nace2CB;2453
2020;4.Q.;05frm011;nace2CC;5949
2020;4.Q.;05frm011;nace2CD;25
2020;4.Q.;05frm011;nace2CE;457
2020;4.Q.;05frm011;nace2CF;22
2020;4.Q.;05frm011;nace2CG;2211
2020;4.Q.;05frm011;nace2CH;7676
2020;4.Q.;05frm011;nace2CI;1348
2020;4.Q.;05frm011;nace2CJ;1119
2020;4.Q.;05frm011;nace2CK;1126
2020;4.Q.;05frm011;nace2CL;684
2020;4.Q.;05frm011;nace2CM;2927
2020;4.Q.;05frm011;nace2DA;534
2020;4.Q.;05frm011;nace2EA;1321
2020;4.Q.;05frm011;nace2FA;26857
2020;4.Q.;05frm011;nace2GA;44448
2020;4.Q.;05frm011;nace2HA;12414
2020;4.Q.;05frm011;nace2IA;10326
2020;4.Q.;05frm011;nace2JA;2674
2020;4.Q.;05frm011;nace2JB;280
2020;4.Q.;05frm011;nace2JC;11774
2020;4.Q.;05frm011;nace2KA;858
2020;4.Q.;05frm011;nace2LA;15617
2020;4.Q.;05frm011;nace2MA;31346
2020;4.Q.;05frm011;nace2MB;642
2020;4.Q.;05frm011;nace2MC;12315
2020;4.Q.;05frm011;nace2NA;29566
2020;4.Q.;05frm011;nace2OA;14
2020;4.Q.;05frm011;nace2PA;3833
2020;4.Q.;05frm011;nace2QA;6541
2020;4.Q.;05frm011;nace2QB;403
2020;4.Q.;05frm011;nace2RA;3504
2020;4.Q.;05frm011;nace2SA;5256
2020;4.Q.;05frm011;nace2ZZ;
2020;4.Q.;05frm0120;nace1;339000
2020;4.Q.;05frm0120;nace2AA;15532
2020;4.Q.;05frm0120;nace2BA;66
2020;4.Q.;05frm0120;nace2C;49063
2020;4.Q.;05frm0120;nace2CA;1592
2020;4.Q.;05frm0120;nace2CB;3641
2020;4.Q.;05frm0120;nace2CC;9065
2020;4.Q.;05frm0120;nace2CD;3
2020;4.Q.;05frm0120;nace2CE;85
2020;4.Q.;05frm0120;nace2CF;3
2020;4.Q.;05frm0120;nace2CG;2068
2020;4.Q.;05frm0120;nace2CH;24120
2020;4.Q.;05frm0120;nace2CI;410
2020;4.Q.;05frm0120;nace2CJ;744
2020;4.Q.;05frm0120;nace2CK;555
2020;4.Q.;05frm0120;nace2CL;229
2020;4.Q.;05frm0120;nace2CM;6548
2020;4.Q.;05frm0120;nace2DA;53
2020;4.Q.;05frm0120;nace2EA;479
2020;4.Q.;05frm0120;nace2FA;81295
2020;4.Q.;05frm0120;nace2GA;56713
2020;4.Q.;05frm0120;nace2HA;11559
2020;4.Q.;05frm0120;nace2IA;9443
2020;4.Q.;05frm0120;nace2JA;3051
2020;4.Q.;05frm0120;nace2JB;24
2020;4.Q.;05frm0120;nace2JC;9313
2020;4.Q.;05frm0120;nace2KA;12176
2020;4.Q.;05frm0120;nace2LA;1742
2020;4.Q.;05frm0120;nace2MA;31360
2020;4.Q.;05frm0120;nace2MB;216
2020;4.Q.;05frm0120;nace2MC;11023
2020;4.Q.;05frm0120;nace2NA;16316
2020;4.Q.;05frm0120;nace2OA;
2020;4.Q.;05frm0120;nace2PA;4628
2020;4.Q.;05frm0120;nace2QA;3302
2020;4.Q.;05frm0120;nace2QB;457
2020;4.Q.;05frm0120;nace2RA;4057
2020;4.Q.;05frm0120;nace2SA;17132
2020;4.Q.;05frm0120;nace2ZZ;
2020;4.Q.;05frm0121;nace1;312269
2020;4.Q.;05frm0121;nace2AA;11766
2020;4.Q.;05frm0121;nace2BA;65
2020;4.Q.;05frm0121;nace2C;49050
2020;4.Q.;05frm0121;nace2CA;1581
2020;4.Q.;05frm0121;nace2CB;3641
2020;4.Q.;05frm0121;nace2CC;9065
2020;4.Q.;05frm0121;nace2CD;3
2020;4.Q.;05frm0121;nace2CE;85
2020;4.Q.;05frm0121;nace2CF;3
2020;4.Q.;05frm0121;nace2CG;2068
2020;4.Q.;05frm0121;nace2CH;24120
2020;4.Q.;05frm0121;nace2CI;410
2020;4.Q.;05frm0121;nace2CJ;744
2020;4.Q.;05frm0121;nace2CK;555
2020;4.Q.;05frm0121;nace2CL;229
2020;4.Q.;05frm0121;nace2CM;6546
2020;4.Q.;05frm0121;nace2DA;9
2020;4.Q.;05frm0121;nace2EA;479
2020;4.Q.;05frm0121;nace2FA;81291
2020;4.Q.;05frm0121;nace2GA;56663
2020;4.Q.;05frm0121;nace2HA;9815
2020;4.Q.;05frm0121;nace2IA;9443
2020;4.Q.;05frm0121;nace2JA;3051
2020;4.Q.;05frm0121;nace2JB;24
2020;4.Q.;05frm0121;nace2JC;9312
2020;4.Q.;05frm0121;nace2KA;2468
2020;4.Q.;05frm0121;nace2LA;1728
2020;4.Q.;05frm0121;nace2MA;25979
2020;4.Q.;05frm0121;nace2MB;216
2020;4.Q.;05frm0121;nace2MC;9752
2020;4.Q.;05frm0121;nace2NA;16236
2020;4.Q.;05frm0121;nace2OA;
2020;4.Q.;05frm0121;nace2PA;4627
2020;4.Q.;05frm0121;nace2QA;314
2020;4.Q.;05frm0121;nace2QB;448
2020;4.Q.;05frm0121;nace2RA;2401
2020;4.Q.;05frm0121;nace2SA;17132
2020;4.Q.;05frm0121;nace2ZZ;
2020;4.Q.;05frm12;nace1;38063
2020;4.Q.;05frm12;nace2AA;8
2020;4.Q.;05frm12;nace2BA;
2020;4.Q.;05frm12;nace2C;9
2020;4.Q.;05frm12;nace2CA;3
2020;4.Q.;05frm12;nace2CB;
2020;4.Q.;05frm12;nace2CC;5
2020;4.Q.;05frm12;nace2CD;
2020;4.Q.;05frm12;nace2CE;
2020;4.Q.;05frm12;nace2CF;
2020;4.Q.;05frm12;nace2CG;
2020;4.Q.;05frm12;nace2CH;1
2020;4.Q.;05frm12;nace2CI;
2020;4.Q.;05frm12;nace2CJ;
2020;4.Q.;05frm12;nace2CK;
2020;4.Q.;05frm12;nace2CL;
2020;4.Q.;05frm12;nace2CM;
2020;4.Q.;05frm12;nace2DA;1
2020;4.Q.;05frm12;nace2EA;58
2020;4.Q.;05frm12;nace2FA;25
2020;4.Q.;05frm12;nace2GA;4
2020;4.Q.;05frm12;nace2HA;18
2020;4.Q.;05frm12;nace2IA;41
2020;4.Q.;05frm12;nace2JA;13
2020;4.Q.;05frm12;nace2JB;1
2020;4.Q.;05frm12;nace2JC;6
2020;4.Q.;05frm12;nace2KA;7
2020;4.Q.;05frm12;nace2LA;2818
2020;4.Q.;05frm12;nace2MA;16
2020;4.Q.;05frm12;nace2MB;75
2020;4.Q.;05frm12;nace2MC;6
2020;4.Q.;05frm12;nace2NA;52
2020;4.Q.;05frm12;nace2OA;3223
2020;4.Q.;05frm12;nace2PA;3830
2020;4.Q.;05frm12;nace2QA;133
2020;4.Q.;05frm12;nace2QB;1553
2020;4.Q.;05frm12;nace2RA;6293
2020;4.Q.;05frm12;nace2SA;19873
2020;4.Q.;05frm12;nace2ZZ;
2019;1.Q.;05frm00;nace1;587988
2019;1.Q.;05frm00;nace2AA;22949
2019;1.Q.;05frm00;nace2BA;232
2019;1.Q.;05frm00;nace2C;74659
2019;1.Q.;05frm00;nace2CA;4434
2019;1.Q.;05frm00;nace2CB;5736
2019;1.Q.;05frm00;nace2CC;14413
2019;1.Q.;05frm00;nace2CD;31
2019;1.Q.;05frm00;nace2CE;524
2019;1.Q.;05frm00;nace2CF;30
2019;1.Q.;05frm00;nace2CG;4205
2019;1.Q.;05frm00;nace2CH;30449
2019;1.Q.;05frm00;nace2CI;1439
2019;1.Q.;05frm00;nace2CJ;1635
2019;1.Q.;05frm00;nace2CK;1641
2019;1.Q.;05frm00;nace2CL;727
2019;1.Q.;05frm00;nace2CM;9395
2019;1.Q.;05frm00;nace2DA;565
2019;1.Q.;05frm00;nace2EA;1645
2019;1.Q.;05frm00;nace2FA;96120
2019;1.Q.;05frm00;nace2GA;104578
2019;1.Q.;05frm00;nace2HA;21283
2019;1.Q.;05frm00;nace2IA;18544
2019;1.Q.;05frm00;nace2JA;5497
2019;1.Q.;05frm00;nace2JB;306
2019;1.Q.;05frm00;nace2JC;18259
2019;1.Q.;05frm00;nace2KA;12365
2019;1.Q.;05frm00;nace2LA;18426
2019;1.Q.;05frm00;nace2MA;58043
2019;1.Q.;05frm00;nace2MB;890
2019;1.Q.;05frm00;nace2MC;21422
2019;1.Q.;05frm00;nace2NA;37528
2019;1.Q.;05frm00;nace2OA;3232
2019;1.Q.;05frm00;nace2PA;11796
2019;1.Q.;05frm00;nace2QA;10139
2019;1.Q.;05frm00;nace2QB;2384
2019;1.Q.;05frm00;nace2RA;10499
2019;1.Q.;05frm00;nace2SA;36627
2019;1.Q.;05frm00;nace2ZZ;
2019;1.Q.;05frm010;nace1;554942
2019;1.Q.;05frm010;nace2AA;22944
2019;1.Q.;05frm010;nace2BA;232
2019;1.Q.;05frm010;nace2C;74654
2019;1.Q.;05frm010;nace2CA;4432
2019;1.Q.;05frm010;nace2CB;5736
2019;1.Q.;05frm010;nace2CC;14411
2019;1.Q.;05frm010;nace2CD;31
2019;1.Q.;05frm010;nace2CE;524
2019;1.Q.;05frm010;nace2CF;30
2019;1.Q.;05frm010;nace2CG;4205
2019;1.Q.;05frm010;nace2CH;30448
2019;1.Q.;05frm010;nace2CI;1439
2019;1.Q.;05frm010;nace2CJ;1635
2019;1.Q.;05frm010;nace2CK;1641
2019;1.Q.;05frm010;nace2CL;727
2019;1.Q.;05frm010;nace2CM;9395
2019;1.Q.;05frm010;nace2DA;564
2019;1.Q.;05frm010;nace2EA;1590
2019;1.Q.;05frm010;nace2FA;96109
2019;1.Q.;05frm010;nace2GA;104575
2019;1.Q.;05frm010;nace2HA;21265
2019;1.Q.;05frm010;nace2IA;18500
2019;1.Q.;05frm010;nace2JA;5483
2019;1.Q.;05frm010;nace2JB;305
2019;1.Q.;05frm010;nace2JC;18253
2019;1.Q.;05frm010;nace2KA;12358
2019;1.Q.;05frm010;nace2LA;15710
2019;1.Q.;05frm010;nace2MA;58030
2019;1.Q.;05frm010;nace2MB;816
2019;1.Q.;05frm010;nace2MC;21414
2019;1.Q.;05frm010;nace2NA;37495
2019;1.Q.;05frm010;nace2OA;14
2019;1.Q.;05frm010;nace2PA;7993
2019;1.Q.;05frm010;nace2QA;10001
2019;1.Q.;05frm010;nace2QB;849
2019;1.Q.;05frm010;nace2RA;5275
2019;1.Q.;05frm010;nace2SA;20513
2019;1.Q.;05frm010;nace2ZZ;
2019;1.Q.;05frm011;nace1;228896
2019;1.Q.;05frm011;nace2AA;7632
2019;1.Q.;05frm011;nace2BA;192
2019;1.Q.;05frm011;nace2C;24961
2019;1.Q.;05frm011;nace2CA;2927
2019;1.Q.;05frm011;nace2CB;2093
2019;1.Q.;05frm011;nace2CC;5086
2019;1.Q.;05frm011;nace2CD;27
2019;1.Q.;05frm011;nace2CE;434
2019;1.Q.;05frm011;nace2CF;27
2019;1.Q.;05frm011;nace2CG;2004
2019;1.Q.;05frm011;nace2CH;6211
2019;1.Q.;05frm011;nace2CI;1062
2019;1.Q.;05frm011;nace2CJ;913
2019;1.Q.;05frm011;nace2CK;1034
2019;1.Q.;05frm011;nace2CL;584
2019;1.Q.;05frm011;nace2CM;2559
2019;1.Q.;05frm011;nace2DA;525
2019;1.Q.;05frm011;nace2EA;1128
2019;1.Q.;05frm011;nace2FA;21423
2019;1.Q.;05frm011;nace2GA;44976
2019;1.Q.;05frm011;nace2HA;11105
2019;1.Q.;05frm011;nace2IA;8532
2019;1.Q.;05frm011;nace2JA;2420
2019;1.Q.;05frm011;nace2JB;279
2019;1.Q.;05frm011;nace2JC;10191
2019;1.Q.;05frm011;nace2KA;764
2019;1.Q.;05frm011;nace2LA;13975
2019;1.Q.;05frm011;nace2MA;28246
2019;1.Q.;05frm011;nace2MB;598
2019;1.Q.;05frm011;nace2MC;10968
2019;1.Q.;05frm011;nace2NA;23869
2019;1.Q.;05frm011;nace2OA;14
2019;1.Q.;05frm011;nace2PA;3342
2019;1.Q.;05frm011;nace2QA;6452
2019;1.Q.;05frm011;nace2QB;345
2019;1.Q.;05frm011;nace2RA;3009
2019;1.Q.;05frm011;nace2SA;3950
2019;1.Q.;05frm011;nace2ZZ;
2019;1.Q.;05frm0120;nace1;326046
2019;1.Q.;05frm0120;nace2AA;15312
2019;1.Q.;05frm0120;nace2BA;40
2019;1.Q.;05frm0120;nace2C;49693
2019;1.Q.;05frm0120;nace2CA;1505
2019;1.Q.;05frm0120;nace2CB;3643
2019;1.Q.;05frm0120;nace2CC;9325
2019;1.Q.;05frm0120;nace2CD;4
2019;1.Q.;05frm0120;nace2CE;90
2019;1.Q.;05frm0120;nace2CF;3
2019;1.Q.;05frm0120;nace2CG;2201
2019;1.Q.;05frm0120;nace2CH;24237
2019;1.Q.;05frm0120;nace2CI;377
2019;1.Q.;05frm0120;nace2CJ;722
2019;1.Q.;05frm0120;nace2CK;607
2019;1.Q.;05frm0120;nace2CL;143
2019;1.Q.;05frm0120;nace2CM;6836
2019;1.Q.;05frm0120;nace2DA;39
2019;1.Q.;05frm0120;nace2EA;462
2019;1.Q.;05frm0120;nace2FA;74686
2019;1.Q.;05frm0120;nace2GA;59599
2019;1.Q.;05frm0120;nace2HA;10160
2019;1.Q.;05frm0120;nace2IA;9968
2019;1.Q.;05frm0120;nace2JA;3063
2019;1.Q.;05frm0120;nace2JB;26
2019;1.Q.;05frm0120;nace2JC;8062
2019;1.Q.;05frm0120;nace2KA;11594
2019;1.Q.;05frm0120;nace2LA;1735
2019;1.Q.;05frm0120;nace2MA;29784
2019;1.Q.;05frm0120;nace2MB;218
2019;1.Q.;05frm0120;nace2MC;10446
2019;1.Q.;05frm0120;nace2NA;13626
2019;1.Q.;05frm0120;nace2OA;
2019;1.Q.;05frm0120;nace2PA;4651
2019;1.Q.;05frm0120;nace2QA;3549
2019;1.Q.;05frm0120;nace2QB;504
2019;1.Q.;05frm0120;nace2RA;2266
2019;1.Q.;05frm0120;nace2SA;16563
2019;1.Q.;05frm0120;nace2ZZ;
2019;1.Q.;05frm0121;nace1;303687
2019;1.Q.;05frm0121;nace2AA;11783
2019;1.Q.;05frm0121;nace2BA;39
2019;1.Q.;05frm0121;nace2C;49678
2019;1.Q.;05frm0121;nace2CA;1493
2019;1.Q.;05frm0121;nace2CB;3643
2019;1.Q.;05frm0121;nace2CC;9325
2019;1.Q.;05frm0121;nace2CD;4
2019;1.Q.;05frm0121;nace2CE;90
2019;1.Q.;05frm0121;nace2CF;3
2019;1.Q.;05frm0121;nace2CG;2201
2019;1.Q.;05frm0121;nace2CH;24237
2019;1.Q.;05frm0121;nace2CI;377
2019;1.Q.;05frm0121;nace2CJ;722
2019;1.Q.;05frm0121;nace2CK;606
2019;1.Q.;05frm0121;nace2CL;143
2019;1.Q.;05frm0121;nace2CM;6834
2019;1.Q.;05frm0121;nace2DA;9
2019;1.Q.;05frm0121;nace2EA;462
2019;1.Q.;05frm0121;nace2FA;74682
2019;1.Q.;05frm0121;nace2GA;59556
2019;1.Q.;05frm0121;nace2HA;9473
2019;1.Q.;05frm0121;nace2IA;9967
2019;1.Q.;05frm0121;nace2JA;3063
2019;1.Q.;05frm0121;nace2JB;26
2019;1.Q.;05frm0121;nace2JC;8060
2019;1.Q.;05frm0121;nace2KA;3245
2019;1.Q.;05frm0121;nace2LA;1721
2019;1.Q.;05frm0121;nace2MA;24485
2019;1.Q.;05frm0121;nace2MB;218
2019;1.Q.;05frm0121;nace2MC;9252
2019;1.Q.;05frm0121;nace2NA;13570
2019;1.Q.;05frm0121;nace2OA;
2019;1.Q.;05frm0121;nace2PA;4650
2019;1.Q.;05frm0121;nace2QA;463
2019;1.Q.;05frm0121;nace2QB;492
2019;1.Q.;05frm0121;nace2RA;2230
2019;1.Q.;05frm0121;nace2SA;16563
2019;1.Q.;05frm0121;nace2ZZ;
2019;1.Q.;05frm12;nace1;33046
2019;1.Q.;05frm12;nace2AA;5
2019;1.Q.;05frm12;nace2BA;
2019;1.Q.;05frm12;nace2C;5
2019;1.Q.;05frm12;nace2CA;2
2019;1.Q.;05frm12;nace2CB;
2019;1.Q.;05frm12;nace2CC;2
2019;1.Q.;05frm12;nace2CD;
2019;1.Q.;05frm12;nace2CE;
2019;1.Q.;05frm12;nace2CF;
2019;1.Q.;05frm12;nace2CG;
2019;1.Q.;05frm12;nace2CH;1
2019;1.Q.;05frm12;nace2CI;
2019;1.Q.;05frm12;nace2CJ;
2019;1.Q.;05frm12;nace2CK;
2019;1.Q.;05frm12;nace2CL;
2019;1.Q.;05frm12;nace2CM;
2019;1.Q.;05frm12;nace2DA;1
2019;1.Q.;05frm12;nace2EA;55
2019;1.Q.;05frm12;nace2FA;11
2019;1.Q.;05frm12;nace2GA;3
2019;1.Q.;05frm12;nace2HA;18
2019;1.Q.;05frm12;nace2IA;44
2019;1.Q.;05frm12;nace2JA;14
2019;1.Q.;05frm12;nace2JB;1
2019;1.Q.;05frm12;nace2JC;6
2019;1.Q.;05frm12;nace2KA;7
2019;1.Q.;05frm12;nace2LA;2716
2019;1.Q.;05frm12;nace2MA;13
2019;1.Q.;05frm12;nace2MB;74
2019;1.Q.;05frm12;nace2MC;8
2019;1.Q.;05frm12;nace2NA;33
2019;1.Q.;05frm12;nace2OA;3218
2019;1.Q.;05frm12;nace2PA;3803
2019;1.Q.;05frm12;nace2QA;138
2019;1.Q.;05frm12;nace2QB;1535
2019;1.Q.;05frm12;nace2RA;5224
2019;1.Q.;05frm12;nace2SA;16114
2019;1.Q.;05frm12;nace2ZZ;
2019;2.Q.;05frm00;nace1;604379
2019;2.Q.;05frm00;nace2AA;23820
2019;2.Q.;05frm00;nace2BA;240
2019;2.Q.;05frm00;nace2C;76777
2019;2.Q.;05frm00;nace2CA;4656
2019;2.Q.;05frm00;nace2CB;5855
2019;2.Q.;05frm00;nace2CC;14755
2019;2.Q.;05frm00;nace2CD;29
2019;2.Q.;05frm00;nace2CE;516
2019;2.Q.;05frm00;nace2CF;28
2019;2.Q.;05frm00;nace2CG;4299
2019;2.Q.;05frm00;nace2CH;31454
2019;2.Q.;05frm00;nace2CI;1489
2019;2.Q.;05frm00;nace2CJ;1672
2019;2.Q.;05frm00;nace2CK;1639
2019;2.Q.;05frm00;nace2CL;789
2019;2.Q.;05frm00;nace2CM;9596
2019;2.Q.;05frm00;nace2DA;571
2019;2.Q.;05frm00;nace2EA;1685
2019;2.Q.;05frm00;nace2FA;100745
2019;2.Q.;05frm00;nace2GA;105279
2019;2.Q.;05frm00;nace2HA;21442
2019;2.Q.;05frm00;nace2IA;19151
2019;2.Q.;05frm00;nace2JA;5631
2019;2.Q.;05frm00;nace2JB;306
2019;2.Q.;05frm00;nace2JC;19059
2019;2.Q.;05frm00;nace2KA;12674
2019;2.Q.;05frm00;nace2LA;18873
2019;2.Q.;05frm00;nace2MA;59365
2019;2.Q.;05frm00;nace2MB;913
2019;2.Q.;05frm00;nace2MC;22224
2019;2.Q.;05frm00;nace2NA;39744
2019;2.Q.;05frm00;nace2OA;3233
2019;2.Q.;05frm00;nace2PA;12004
2019;2.Q.;05frm00;nace2QA;10167
2019;2.Q.;05frm00;nace2QB;2415
2019;2.Q.;05frm00;nace2RA;10780
2019;2.Q.;05frm00;nace2SA;37281
2019;2.Q.;05frm00;nace2ZZ;
2019;2.Q.;05frm010;nace1;571210
2019;2.Q.;05frm010;nace2AA;23815
2019;2.Q.;05frm010;nace2BA;240
2019;2.Q.;05frm010;nace2C;76772
2019;2.Q.;05frm010;nace2CA;4654
2019;2.Q.;05frm010;nace2CB;5855
2019;2.Q.;05frm010;nace2CC;14753
2019;2.Q.;05frm010;nace2CD;29
2019;2.Q.;05frm010;nace2CE;516
2019;2.Q.;05frm010;nace2CF;28
2019;2.Q.;05frm010;nace2CG;4299
2019;2.Q.;05frm010;nace2CH;31453
2019;2.Q.;05frm010;nace2CI;1489
2019;2.Q.;05frm010;nace2CJ;1672
2019;2.Q.;05frm010;nace2CK;1639
2019;2.Q.;05frm010;nace2CL;789
2019;2.Q.;05frm010;nace2CM;9596
2019;2.Q.;05frm010;nace2DA;570
2019;2.Q.;05frm010;nace2EA;1630
2019;2.Q.;05frm010;nace2FA;100734
2019;2.Q.;05frm010;nace2GA;105276
2019;2.Q.;05frm010;nace2HA;21424
2019;2.Q.;05frm010;nace2IA;19107
2019;2.Q.;05frm010;nace2JA;5617
2019;2.Q.;05frm010;nace2JB;305
2019;2.Q.;05frm010;nace2JC;19053
2019;2.Q.;05frm010;nace2KA;12667
2019;2.Q.;05frm010;nace2LA;16151
2019;2.Q.;05frm010;nace2MA;59352
2019;2.Q.;05frm010;nace2MB;839
2019;2.Q.;05frm010;nace2MC;22216
2019;2.Q.;05frm010;nace2NA;39711
2019;2.Q.;05frm010;nace2OA;14
2019;2.Q.;05frm010;nace2PA;8200
2019;2.Q.;05frm010;nace2QA;10029
2019;2.Q.;05frm010;nace2QB;876
2019;2.Q.;05frm010;nace2RA;5546
2019;2.Q.;05frm010;nace2SA;21066
2019;2.Q.;05frm010;nace2ZZ;
2019;2.Q.;05frm011;nace1;236398
2019;2.Q.;05frm011;nace2AA;7759
2019;2.Q.;05frm011;nace2BA;194
2019;2.Q.;05frm011;nace2C;25860
2019;2.Q.;05frm011;nace2CA;3099
2019;2.Q.;05frm011;nace2CB;2157
2019;2.Q.;05frm011;nace2CC;5244
2019;2.Q.;05frm011;nace2CD;26
2019;2.Q.;05frm011;nace2CE;429
2019;2.Q.;05frm011;nace2CF;25
2019;2.Q.;05frm011;nace2CG;2060
2019;2.Q.;05frm011;nace2CH;6514
2019;2.Q.;05frm011;nace2CI;1102
2019;2.Q.;05frm011;nace2CJ;931
2019;2.Q.;05frm011;nace2CK;1031
2019;2.Q.;05frm011;nace2CL;627
2019;2.Q.;05frm011;nace2CM;2615
2019;2.Q.;05frm011;nace2DA;528
2019;2.Q.;05frm011;nace2EA;1156
2019;2.Q.;05frm011;nace2FA;22662
2019;2.Q.;05frm011;nace2GA;45217
2019;2.Q.;05frm011;nace2HA;11466
2019;2.Q.;05frm011;nace2IA;8960
2019;2.Q.;05frm011;nace2JA;2495
2019;2.Q.;05frm011;nace2JB;281
2019;2.Q.;05frm011;nace2JC;10568
2019;2.Q.;05frm011;nace2KA;783
2019;2.Q.;05frm011;nace2LA;14380
2019;2.Q.;05frm011;nace2MA;29052
2019;2.Q.;05frm011;nace2MB;610
2019;2.Q.;05frm011;nace2MC;11348
2019;2.Q.;05frm011;nace2NA;25447
2019;2.Q.;05frm011;nace2OA;14
2019;2.Q.;05frm011;nace2PA;3449
2019;2.Q.;05frm011;nace2QA;6491
2019;2.Q.;05frm011;nace2QB;358
2019;2.Q.;05frm011;nace2RA;3161
2019;2.Q.;05frm011;nace2SA;4159
2019;2.Q.;05frm011;nace2ZZ;
2019;2.Q.;05frm0120;nace1;334812
2019;2.Q.;05frm0120;nace2AA;16056
2019;2.Q.;05frm0120;nace2BA;46
2019;2.Q.;05frm0120;nace2C;50912
2019;2.Q.;05frm0120;nace2CA;1555
2019;2.Q.;05frm0120;nace2CB;3698
2019;2.Q.;05frm0120;nace2CC;9509
2019;2.Q.;05frm0120;nace2CD;3
2019;2.Q.;05frm0120;nace2CE;87
2019;2.Q.;05frm0120;nace2CF;3
2019;2.Q.;05frm0120;nace2CG;2239
2019;2.Q.;05frm0120;nace2CH;24939
2019;2.Q.;05frm0120;nace2CI;387
2019;2.Q.;05frm0120;nace2CJ;741
2019;2.Q.;05frm0120;nace2CK;608
2019;2.Q.;05frm0120;nace2CL;162
2019;2.Q.;05frm0120;nace2CM;6981
2019;2.Q.;05frm0120;nace2DA;42
2019;2.Q.;05frm0120;nace2EA;474
2019;2.Q.;05frm0120;nace2FA;78072
2019;2.Q.;05frm0120;nace2GA;60059
2019;2.Q.;05frm0120;nace2HA;9958
2019;2.Q.;05frm0120;nace2IA;10147
2019;2.Q.;05frm0120;nace2JA;3122
2019;2.Q.;05frm0120;nace2JB;24
2019;2.Q.;05frm0120;nace2JC;8485
2019;2.Q.;05frm0120;nace2KA;11884
2019;2.Q.;05frm0120;nace2LA;1771
2019;2.Q.;05frm0120;nace2MA;30300
2019;2.Q.;05frm0120;nace2MB;229
2019;2.Q.;05frm0120;nace2MC;10868
2019;2.Q.;05frm0120;nace2NA;14264
2019;2.Q.;05frm0120;nace2OA;
2019;2.Q.;05frm0120;nace2PA;4751
2019;2.Q.;05frm0120;nace2QA;3538
2019;2.Q.;05frm0120;nace2QB;518
2019;2.Q.;05frm0120;nace2RA;2385
2019;2.Q.;05frm0120;nace2SA;16907
2019;2.Q.;05frm0120;nace2ZZ;
2019;2.Q.;05frm0121;nace1;312044
2019;2.Q.;05frm0121;nace2AA;12477
2019;2.Q.;05frm0121;nace2BA;45
2019;2.Q.;05frm0121;nace2C;50897
2019;2.Q.;05frm0121;nace2CA;1543
2019;2.Q.;05frm0121;nace2CB;3698
2019;2.Q.;05frm0121;nace2CC;9509
2019;2.Q.;05frm0121;nace2CD;3
2019;2.Q.;05frm0121;nace2CE;87
2019;2.Q.;05frm0121;nace2CF;3
2019;2.Q.;05frm0121;nace2CG;2239
2019;2.Q.;05frm0121;nace2CH;24939
2019;2.Q.;05frm0121;nace2CI;387
2019;2.Q.;05frm0121;nace2CJ;741
2019;2.Q.;05frm0121;nace2CK;607
2019;2.Q.;05frm0121;nace2CL;162
2019;2.Q.;05frm0121;nace2CM;6979
2019;2.Q.;05frm0121;nace2DA;9
2019;2.Q.;05frm0121;nace2EA;474
2019;2.Q.;05frm0121;nace2FA;78068
2019;2.Q.;05frm0121;nace2GA;60016
2019;2.Q.;05frm0121;nace2HA;9270
2019;2.Q.;05frm0121;nace2IA;10146
2019;2.Q.;05frm0121;nace2JA;3122
2019;2.Q.;05frm0121;nace2JB;24
2019;2.Q.;05frm0121;nace2JC;8483
2019;2.Q.;05frm0121;nace2KA;3141
2019;2.Q.;05frm0121;nace2LA;1757
2019;2.Q.;05frm0121;nace2MA;25035
2019;2.Q.;05frm0121;nace2MB;229
2019;2.Q.;05frm0121;nace2MC;9672
2019;2.Q.;05frm0121;nace2NA;14206
2019;2.Q.;05frm0121;nace2OA;
2019;2.Q.;05frm0121;nace2PA;4750
2019;2.Q.;05frm0121;nace2QA;466
2019;2.Q.;05frm0121;nace2QB;506
2019;2.Q.;05frm0121;nace2RA;2344
2019;2.Q.;05frm0121;nace2SA;16907
2019;2.Q.;05frm0121;nace2ZZ;
2019;2.Q.;05frm12;nace1;33169
2019;2.Q.;05frm12;nace2AA;5
2019;2.Q.;05frm12;nace2BA;
2019;2.Q.;05frm12;nace2C;5
2019;2.Q.;05frm12;nace2CA;2
2019;2.Q.;05frm12;nace2CB;
2019;2.Q.;05frm12;nace2CC;2
2019;2.Q.;05frm12;nace2CD;
2019;2.Q.;05frm12;nace2CE;
2019;2.Q.;05frm12;nace2CF;
2019;2.Q.;05frm12;nace2CG;
2019;2.Q.;05frm12;nace2CH;1
2019;2.Q.;05frm12;nace2CI;
2019;2.Q.;05frm12;nace2CJ;
2019;2.Q.;05frm12;nace2CK;
2019;2.Q.;05frm12;nace2CL;
2019;2.Q.;05frm12;nace2CM;
2019;2.Q.;05frm12;nace2DA;1
2019;2.Q.;05frm12;nace2EA;55
2019;2.Q.;05frm12;nace2FA;11
2019;2.Q.;05frm12;nace2GA;3
2019;2.Q.;05frm12;nace2HA;18
2019;2.Q.;05frm12;nace2IA;44
2019;2.Q.;05frm12;nace2JA;14
2019;2.Q.;05frm12;nace2JB;1
2019;2.Q.;05frm12;nace2JC;6
2019;2.Q.;05frm12;nace2KA;7
2019;2.Q.;05frm12;nace2LA;2722
2019;2.Q.;05frm12;nace2MA;13
2019;2.Q.;05frm12;nace2MB;74
2019;2.Q.;05frm12;nace2MC;8
2019;2.Q.;05frm12;nace2NA;33
2019;2.Q.;05frm12;nace2OA;3219
2019;2.Q.;05frm12;nace2PA;3804
2019;2.Q.;05frm12;nace2QA;138
2019;2.Q.;05frm12;nace2QB;1539
2019;2.Q.;05frm12;nace2RA;5234
2019;2.Q.;05frm12;nace2SA;16215
2019;2.Q.;05frm12;nace2ZZ;
2019;3.Q.;05frm00;nace1;620003
2019;3.Q.;05frm00;nace2AA;24157
2019;3.Q.;05frm00;nace2BA;242
2019;3.Q.;05frm00;nace2C;78480
2019;3.Q.;05frm00;nace2CA;4809
2019;3.Q.;05frm00;nace2CB;5957
2019;3.Q.;05frm00;nace2CC;14973
2019;3.Q.;05frm00;nace2CD;29
2019;3.Q.;05frm00;nace2CE;525
2019;3.Q.;05frm00;nace2CF;27
2019;3.Q.;05frm00;nace2CG;4353
2019;3.Q.;05frm00;nace2CH;32301
2019;3.Q.;05frm00;nace2CI;1541
2019;3.Q.;05frm00;nace2CJ;1714
2019;3.Q.;05frm00;nace2CK;1649
2019;3.Q.;05frm00;nace2CL;855
2019;3.Q.;05frm00;nace2CM;9747
2019;3.Q.;05frm00;nace2DA;578
2019;3.Q.;05frm00;nace2EA;1717
2019;3.Q.;05frm00;nace2FA;104294
2019;3.Q.;05frm00;nace2GA;105790
2019;3.Q.;05frm00;nace2HA;22327
2019;3.Q.;05frm00;nace2IA;19455
2019;3.Q.;05frm00;nace2JA;5716
2019;3.Q.;05frm00;nace2JB;306
2019;3.Q.;05frm00;nace2JC;19760
2019;3.Q.;05frm00;nace2KA;12704
2019;3.Q.;05frm00;nace2LA;19186
2019;3.Q.;05frm00;nace2MA;60448
2019;3.Q.;05frm00;nace2MB;937
2019;3.Q.;05frm00;nace2MC;22769
2019;3.Q.;05frm00;nace2NA;41496
2019;3.Q.;05frm00;nace2OA;3233
2019;3.Q.;05frm00;nace2PA;12255
2019;3.Q.;05frm00;nace2QA;10178
2019;3.Q.;05frm00;nace2QB;2443
2019;3.Q.;05frm00;nace2RA;12247
2019;3.Q.;05frm00;nace2SA;39285
2019;3.Q.;05frm00;nace2ZZ;
2019;3.Q.;05frm010;nace1;584861
2019;3.Q.;05frm010;nace2AA;24152
2019;3.Q.;05frm010;nace2BA;242
2019;3.Q.;05frm010;nace2C;78475
2019;3.Q.;05frm010;nace2CA;4807
2019;3.Q.;05frm010;nace2CB;5957
2019;3.Q.;05frm010;nace2CC;14971
2019;3.Q.;05frm010;nace2CD;29
2019;3.Q.;05frm010;nace2CE;525
2019;3.Q.;05frm010;nace2CF;27
2019;3.Q.;05frm010;nace2CG;4353
2019;3.Q.;05frm010;nace2CH;32300
2019;3.Q.;05frm010;nace2CI;1541
2019;3.Q.;05frm010;nace2CJ;1714
2019;3.Q.;05frm010;nace2CK;1649
2019;3.Q.;05frm010;nace2CL;855
2019;3.Q.;05frm010;nace2CM;9747
2019;3.Q.;05frm010;nace2DA;577
2019;3.Q.;05frm010;nace2EA;1662
2019;3.Q.;05frm010;nace2FA;104283
2019;3.Q.;05frm010;nace2GA;105787
2019;3.Q.;05frm010;nace2HA;22309
2019;3.Q.;05frm010;nace2IA;19411
2019;3.Q.;05frm010;nace2JA;5701
2019;3.Q.;05frm010;nace2JB;305
2019;3.Q.;05frm010;nace2JC;19754
2019;3.Q.;05frm010;nace2KA;12697
2019;3.Q.;05frm010;nace2LA;16464
2019;3.Q.;05frm010;nace2MA;60435
2019;3.Q.;05frm010;nace2MB;864
2019;3.Q.;05frm010;nace2MC;22762
2019;3.Q.;05frm010;nace2NA;41463
2019;3.Q.;05frm010;nace2OA;14
2019;3.Q.;05frm010;nace2PA;8433
2019;3.Q.;05frm010;nace2QA;10040
2019;3.Q.;05frm010;nace2QB;902
2019;3.Q.;05frm010;nace2RA;6655
2019;3.Q.;05frm010;nace2SA;21474
2019;3.Q.;05frm010;nace2ZZ;
2019;3.Q.;05frm011;nace1;241857
2019;3.Q.;05frm011;nace2AA;7852
2019;3.Q.;05frm011;nace2BA;196
2019;3.Q.;05frm011;nace2C;26657
2019;3.Q.;05frm011;nace2CA;3242
2019;3.Q.;05frm011;nace2CB;2209
2019;3.Q.;05frm011;nace2CC;5378
2019;3.Q.;05frm011;nace2CD;26
2019;3.Q.;05frm011;nace2CE;432
2019;3.Q.;05frm011;nace2CF;24
2019;3.Q.;05frm011;nace2CG;2117
2019;3.Q.;05frm011;nace2CH;6783
2019;3.Q.;05frm011;nace2CI;1133
2019;3.Q.;05frm011;nace2CJ;962
2019;3.Q.;05frm011;nace2CK;1039
2019;3.Q.;05frm011;nace2CL;643
2019;3.Q.;05frm011;nace2CM;2669
2019;3.Q.;05frm011;nace2DA;530
2019;3.Q.;05frm011;nace2EA;1178
2019;3.Q.;05frm011;nace2FA;23653
2019;3.Q.;05frm011;nace2GA;45365
2019;3.Q.;05frm011;nace2HA;11709
2019;3.Q.;05frm011;nace2IA;9196
2019;3.Q.;05frm011;nace2JA;2540
2019;3.Q.;05frm011;nace2JB;281
2019;3.Q.;05frm011;nace2JC;10856
2019;3.Q.;05frm011;nace2KA;792
2019;3.Q.;05frm011;nace2LA;14667
2019;3.Q.;05frm011;nace2MA;29599
2019;3.Q.;05frm011;nace2MB;623
2019;3.Q.;05frm011;nace2MC;11649
2019;3.Q.;05frm011;nace2NA;26581
2019;3.Q.;05frm011;nace2OA;14
2019;3.Q.;05frm011;nace2PA;3513
2019;3.Q.;05frm011;nace2QA;6518
2019;3.Q.;05frm011;nace2QB;363
2019;3.Q.;05frm011;nace2RA;3228
2019;3.Q.;05frm011;nace2SA;4297
2019;3.Q.;05frm011;nace2ZZ;
2019;3.Q.;05frm0120;nace1;343004
2019;3.Q.;05frm0120;nace2AA;16300
2019;3.Q.;05frm0120;nace2BA;46
2019;3.Q.;05frm0120;nace2C;51818
2019;3.Q.;05frm0120;nace2CA;1565
2019;3.Q.;05frm0120;nace2CB;3748
2019;3.Q.;05frm0120;nace2CC;9593
2019;3.Q.;05frm0120;nace2CD;3
2019;3.Q.;05frm0120;nace2CE;93
2019;3.Q.;05frm0120;nace2CF;3
2019;3.Q.;05frm0120;nace2CG;2236
2019;3.Q.;05frm0120;nace2CH;25517
2019;3.Q.;05frm0120;nace2CI;408
2019;3.Q.;05frm0120;nace2CJ;752
2019;3.Q.;05frm0120;nace2CK;610
2019;3.Q.;05frm0120;nace2CL;212
2019;3.Q.;05frm0120;nace2CM;7078
2019;3.Q.;05frm0120;nace2DA;47
2019;3.Q.;05frm0120;nace2EA;484
2019;3.Q.;05frm0120;nace2FA;80630
2019;3.Q.;05frm0120;nace2GA;60422
2019;3.Q.;05frm0120;nace2HA;10600
2019;3.Q.;05frm0120;nace2IA;10215
2019;3.Q.;05frm0120;nace2JA;3161
2019;3.Q.;05frm0120;nace2JB;24
2019;3.Q.;05frm0120;nace2JC;8898
2019;3.Q.;05frm0120;nace2KA;11905
2019;3.Q.;05frm0120;nace2LA;1797
2019;3.Q.;05frm0120;nace2MA;30836
2019;3.Q.;05frm0120;nace2MB;241
2019;3.Q.;05frm0120;nace2MC;11113
2019;3.Q.;05frm0120;nace2NA;14882
2019;3.Q.;05frm0120;nace2OA;
2019;3.Q.;05frm0120;nace2PA;4920
2019;3.Q.;05frm0120;nace2QA;3522
2019;3.Q.;05frm0120;nace2QB;539
2019;3.Q.;05frm0120;nace2RA;3427
2019;3.Q.;05frm0120;nace2SA;17177
2019;3.Q.;05frm0120;nace2ZZ;
2019;3.Q.;05frm0121;nace1;318798
2019;3.Q.;05frm0121;nace2AA;12725
2019;3.Q.;05frm0121;nace2BA;45
2019;3.Q.;05frm0121;nace2C;51802
2019;3.Q.;05frm0121;nace2CA;1553
2019;3.Q.;05frm0121;nace2CB;3748
2019;3.Q.;05frm0121;nace2CC;9593
2019;3.Q.;05frm0121;nace2CD;3
2019;3.Q.;05frm0121;nace2CE;93
2019;3.Q.;05frm0121;nace2CF;3
2019;3.Q.;05frm0121;nace2CG;2236
2019;3.Q.;05frm0121;nace2CH;25517
2019;3.Q.;05frm0121;nace2CI;408
2019;3.Q.;05frm0121;nace2CJ;752
2019;3.Q.;05frm0121;nace2CK;608
2019;3.Q.;05frm0121;nace2CL;212
2019;3.Q.;05frm0121;nace2CM;7076
2019;3.Q.;05frm0121;nace2DA;9
2019;3.Q.;05frm0121;nace2EA;484
2019;3.Q.;05frm0121;nace2FA;80626
2019;3.Q.;05frm0121;nace2GA;60374
2019;3.Q.;05frm0121;nace2HA;9535
2019;3.Q.;05frm0121;nace2IA;10214
2019;3.Q.;05frm0121;nace2JA;3161
2019;3.Q.;05frm0121;nace2JB;24
2019;3.Q.;05frm0121;nace2JC;8896
2019;3.Q.;05frm0121;nace2KA;3046
2019;3.Q.;05frm0121;nace2LA;1783
2019;3.Q.;05frm0121;nace2MA;25541
2019;3.Q.;05frm0121;nace2MB;241
2019;3.Q.;05frm0121;nace2MC;9920
2019;3.Q.;05frm0121;nace2NA;14818
2019;3.Q.;05frm0121;nace2OA;
2019;3.Q.;05frm0121;nace2PA;4919
2019;3.Q.;05frm0121;nace2QA;455
2019;3.Q.;05frm0121;nace2QB;528
2019;3.Q.;05frm0121;nace2RA;2475
2019;3.Q.;05frm0121;nace2SA;17177
2019;3.Q.;05frm0121;nace2ZZ;
2019;3.Q.;05frm12;nace1;35142
2019;3.Q.;05frm12;nace2AA;5
2019;3.Q.;05frm12;nace2BA;
2019;3.Q.;05frm12;nace2C;5
2019;3.Q.;05frm12;nace2CA;2
2019;3.Q.;05frm12;nace2CB;
2019;3.Q.;05frm12;nace2CC;2
2019;3.Q.;05frm12;nace2CD;
2019;3.Q.;05frm12;nace2CE;
2019;3.Q.;05frm12;nace2CF;
2019;3.Q.;05frm12;nace2CG;
2019;3.Q.;05frm12;nace2CH;1
2019;3.Q.;05frm12;nace2CI;
2019;3.Q.;05frm12;nace2CJ;
2019;3.Q.;05frm12;nace2CK;
2019;3.Q.;05frm12;nace2CL;
2019;3.Q.;05frm12;nace2CM;
2019;3.Q.;05frm12;nace2DA;1
2019;3.Q.;05frm12;nace2EA;55
2019;3.Q.;05frm12;nace2FA;11
2019;3.Q.;05frm12;nace2GA;3
2019;3.Q.;05frm12;nace2HA;18
2019;3.Q.;05frm12;nace2IA;44
2019;3.Q.;05frm12;nace2JA;15
2019;3.Q.;05frm12;nace2JB;1
2019;3.Q.;05frm12;nace2JC;6
2019;3.Q.;05frm12;nace2KA;7
2019;3.Q.;05frm12;nace2LA;2722
2019;3.Q.;05frm12;nace2MA;13
2019;3.Q.;05frm12;nace2MB;73
2019;3.Q.;05frm12;nace2MC;7
2019;3.Q.;05frm12;nace2NA;33
2019;3.Q.;05frm12;nace2OA;3219
2019;3.Q.;05frm12;nace2PA;3822
2019;3.Q.;05frm12;nace2QA;138
2019;3.Q.;05frm12;nace2QB;1541
2019;3.Q.;05frm12;nace2RA;5592
2019;3.Q.;05frm12;nace2SA;17811
2019;3.Q.;05frm12;nace2ZZ;
2019;4.Q.;05frm00;nace1;631622
2019;4.Q.;05frm00;nace2AA;24125
2019;4.Q.;05frm00;nace2BA;245
2019;4.Q.;05frm00;nace2C;79845
2019;4.Q.;05frm00;nace2CA;4969
2019;4.Q.;05frm00;nace2CB;6075
2019;4.Q.;05frm00;nace2CC;15203
2019;4.Q.;05frm00;nace2CD;29
2019;4.Q.;05frm00;nace2CE;533
2019;4.Q.;05frm00;nace2CF;25
2019;4.Q.;05frm00;nace2CG;4381
2019;4.Q.;05frm00;nace2CH;32910
2019;4.Q.;05frm00;nace2CI;1575
2019;4.Q.;05frm00;nace2CJ;1748
2019;4.Q.;05frm00;nace2CK;1677
2019;4.Q.;05frm00;nace2CL;878
2019;4.Q.;05frm00;nace2CM;9842
2019;4.Q.;05frm00;nace2DA;585
2019;4.Q.;05frm00;nace2EA;1752
2019;4.Q.;05frm00;nace2FA;106753
2019;4.Q.;05frm00;nace2GA;106363
2019;4.Q.;05frm00;nace2HA;23247
2019;4.Q.;05frm00;nace2IA;19773
2019;4.Q.;05frm00;nace2JA;5819
2019;4.Q.;05frm00;nace2JB;306
2019;4.Q.;05frm00;nace2JC;20380
2019;4.Q.;05frm00;nace2KA;12614
2019;4.Q.;05frm00;nace2LA;19492
2019;4.Q.;05frm00;nace2MA;61720
2019;4.Q.;05frm00;nace2MB;953
2019;4.Q.;05frm00;nace2MC;23267
2019;4.Q.;05frm00;nace2NA;42976
2019;4.Q.;05frm00;nace2OA;3232
2019;4.Q.;05frm00;nace2PA;12478
2019;4.Q.;05frm00;nace2QA;10210
2019;4.Q.;05frm00;nace2QB;2463
2019;4.Q.;05frm00;nace2RA;12918
2019;4.Q.;05frm00;nace2SA;40106
2019;4.Q.;05frm00;nace2ZZ;
2019;4.Q.;05frm010;nace1;596042
2019;4.Q.;05frm010;nace2AA;24119
2019;4.Q.;05frm010;nace2BA;245
2019;4.Q.;05frm010;nace2C;79839
2019;4.Q.;05frm010;nace2CA;4967
2019;4.Q.;05frm010;nace2CB;6075
2019;4.Q.;05frm010;nace2CC;15200
2019;4.Q.;05frm010;nace2CD;29
2019;4.Q.;05frm010;nace2CE;533
2019;4.Q.;05frm010;nace2CF;25
2019;4.Q.;05frm010;nace2CG;4381
2019;4.Q.;05frm010;nace2CH;32909
2019;4.Q.;05frm010;nace2CI;1575
2019;4.Q.;05frm010;nace2CJ;1748
2019;4.Q.;05frm010;nace2CK;1677
2019;4.Q.;05frm010;nace2CL;878
2019;4.Q.;05frm010;nace2CM;9842
2019;4.Q.;05frm010;nace2DA;584
2019;4.Q.;05frm010;nace2EA;1697
2019;4.Q.;05frm010;nace2FA;106741
2019;4.Q.;05frm010;nace2GA;106360
2019;4.Q.;05frm010;nace2HA;23229
2019;4.Q.;05frm010;nace2IA;19731
2019;4.Q.;05frm010;nace2JA;5804
2019;4.Q.;05frm010;nace2JB;305
2019;4.Q.;05frm010;nace2JC;20374
2019;4.Q.;05frm010;nace2KA;12607
2019;4.Q.;05frm010;nace2LA;16770
2019;4.Q.;05frm010;nace2MA;61707
2019;4.Q.;05frm010;nace2MB;880
2019;4.Q.;05frm010;nace2MC;23260
2019;4.Q.;05frm010;nace2NA;42941
2019;4.Q.;05frm010;nace2OA;14
2019;4.Q.;05frm010;nace2PA;8663
2019;4.Q.;05frm010;nace2QA;10071
2019;4.Q.;05frm010;nace2QB;921
2019;4.Q.;05frm010;nace2RA;7256
2019;4.Q.;05frm010;nace2SA;21924
2019;4.Q.;05frm010;nace2ZZ;
2019;4.Q.;05frm011;nace1;247022
2019;4.Q.;05frm011;nace2AA;7940
2019;4.Q.;05frm011;nace2BA;198
2019;4.Q.;05frm011;nace2C;27491
2019;4.Q.;05frm011;nace2CA;3380
2019;4.Q.;05frm011;nace2CB;2271
2019;4.Q.;05frm011;nace2CC;5512
2019;4.Q.;05frm011;nace2CD;26
2019;4.Q.;05frm011;nace2CE;440
2019;4.Q.;05frm011;nace2CF;22
2019;4.Q.;05frm011;nace2CG;2152
2019;4.Q.;05frm011;nace2CH;7088
2019;4.Q.;05frm011;nace2CI;1160
2019;4.Q.;05frm011;nace2CJ;989
2019;4.Q.;05frm011;nace2CK;1067
2019;4.Q.;05frm011;nace2CL;664
2019;4.Q.;05frm011;nace2CM;2720
2019;4.Q.;05frm011;nace2DA;535
2019;4.Q.;05frm011;nace2EA;1210
2019;4.Q.;05frm011;nace2FA;24582
2019;4.Q.;05frm011;nace2GA;45372
2019;4.Q.;05frm011;nace2HA;11890
2019;4.Q.;05frm011;nace2IA;9444
2019;4.Q.;05frm011;nace2JA;2577
2019;4.Q.;05frm011;nace2JB;281
2019;4.Q.;05frm011;nace2JC;11142
2019;4.Q.;05frm011;nace2KA;800
2019;4.Q.;05frm011;nace2LA;14934
2019;4.Q.;05frm011;nace2MA;30188
2019;4.Q.;05frm011;nace2MB;628
2019;4.Q.;05frm011;nace2MC;11938
2019;4.Q.;05frm011;nace2NA;27559
2019;4.Q.;05frm011;nace2OA;14
2019;4.Q.;05frm011;nace2PA;3601
2019;4.Q.;05frm011;nace2QA;6532
2019;4.Q.;05frm011;nace2QB;370
2019;4.Q.;05frm011;nace2RA;3308
2019;4.Q.;05frm011;nace2SA;4488
2019;4.Q.;05frm011;nace2ZZ;
2019;4.Q.;05frm0120;nace1;349020
2019;4.Q.;05frm0120;nace2AA;16179
2019;4.Q.;05frm0120;nace2BA;47
2019;4.Q.;05frm0120;nace2C;52348
2019;4.Q.;05frm0120;nace2CA;1587
2019;4.Q.;05frm0120;nace2CB;3804
2019;4.Q.;05frm0120;nace2CC;9688
2019;4.Q.;05frm0120;nace2CD;3
2019;4.Q.;05frm0120;nace2CE;93
2019;4.Q.;05frm0120;nace2CF;3
2019;4.Q.;05frm0120;nace2CG;2229
2019;4.Q.;05frm0120;nace2CH;25821
2019;4.Q.;05frm0120;nace2CI;415
2019;4.Q.;05frm0120;nace2CJ;759
2019;4.Q.;05frm0120;nace2CK;610
2019;4.Q.;05frm0120;nace2CL;214
2019;4.Q.;05frm0120;nace2CM;7122
2019;4.Q.;05frm0120;nace2DA;49
2019;4.Q.;05frm0120;nace2EA;487
2019;4.Q.;05frm0120;nace2FA;82159
2019;4.Q.;05frm0120;nace2GA;60988
2019;4.Q.;05frm0120;nace2HA;11339
2019;4.Q.;05frm0120;nace2IA;10287
2019;4.Q.;05frm0120;nace2JA;3227
2019;4.Q.;05frm0120;nace2JB;24
2019;4.Q.;05frm0120;nace2JC;9232
2019;4.Q.;05frm0120;nace2KA;11807
2019;4.Q.;05frm0120;nace2LA;1836
2019;4.Q.;05frm0120;nace2MA;31519
2019;4.Q.;05frm0120;nace2MB;252
2019;4.Q.;05frm0120;nace2MC;11322
2019;4.Q.;05frm0120;nace2NA;15382
2019;4.Q.;05frm0120;nace2OA;
2019;4.Q.;05frm0120;nace2PA;5062
2019;4.Q.;05frm0120;nace2QA;3539
2019;4.Q.;05frm0120;nace2QB;551
2019;4.Q.;05frm0120;nace2RA;3948
2019;4.Q.;05frm0120;nace2SA;17436
2019;4.Q.;05frm0120;nace2ZZ;
2019;4.Q.;05frm0121;nace1;323896
2019;4.Q.;05frm0121;nace2AA;12456
2019;4.Q.;05frm0121;nace2BA;46
2019;4.Q.;05frm0121;nace2C;52332
2019;4.Q.;05frm0121;nace2CA;1575
2019;4.Q.;05frm0121;nace2CB;3804
2019;4.Q.;05frm0121;nace2CC;9688
2019;4.Q.;05frm0121;nace2CD;3
2019;4.Q.;05frm0121;nace2CE;93
2019;4.Q.;05frm0121;nace2CF;3
2019;4.Q.;05frm0121;nace2CG;2229
2019;4.Q.;05frm0121;nace2CH;25821
2019;4.Q.;05frm0121;nace2CI;415
2019;4.Q.;05frm0121;nace2CJ;759
2019;4.Q.;05frm0121;nace2CK;608
2019;4.Q.;05frm0121;nace2CL;214
2019;4.Q.;05frm0121;nace2CM;7120
2019;4.Q.;05frm0121;nace2DA;9
2019;4.Q.;05frm0121;nace2EA;487
2019;4.Q.;05frm0121;nace2FA;82155
2019;4.Q.;05frm0121;nace2GA;60940
2019;4.Q.;05frm0121;nace2HA;9807
2019;4.Q.;05frm0121;nace2IA;10287
2019;4.Q.;05frm0121;nace2JA;3227
2019;4.Q.;05frm0121;nace2JB;24
2019;4.Q.;05frm0121;nace2JC;9230
2019;4.Q.;05frm0121;nace2KA;3003
2019;4.Q.;05frm0121;nace2LA;1822
2019;4.Q.;05frm0121;nace2MA;26315
2019;4.Q.;05frm0121;nace2MB;252
2019;4.Q.;05frm0121;nace2MC;10124
2019;4.Q.;05frm0121;nace2NA;15319
2019;4.Q.;05frm0121;nace2OA;
2019;4.Q.;05frm0121;nace2PA;5061
2019;4.Q.;05frm0121;nace2QA;450
2019;4.Q.;05frm0121;nace2QB;540
2019;4.Q.;05frm0121;nace2RA;2574
2019;4.Q.;05frm0121;nace2SA;17436
2019;4.Q.;05frm0121;nace2ZZ;
2019;4.Q.;05frm12;nace1;35580
2019;4.Q.;05frm12;nace2AA;6
2019;4.Q.;05frm12;nace2BA;
2019;4.Q.;05frm12;nace2C;6
2019;4.Q.;05frm12;nace2CA;2
2019;4.Q.;05frm12;nace2CB;
2019;4.Q.;05frm12;nace2CC;3
2019;4.Q.;05frm12;nace2CD;
2019;4.Q.;05frm12;nace2CE;
2019;4.Q.;05frm12;nace2CF;
2019;4.Q.;05frm12;nace2CG;
2019;4.Q.;05frm12;nace2CH;1
2019;4.Q.;05frm12;nace2CI;
2019;4.Q.;05frm12;nace2CJ;
2019;4.Q.;05frm12;nace2CK;
2019;4.Q.;05frm12;nace2CL;
2019;4.Q.;05frm12;nace2CM;
2019;4.Q.;05frm12;nace2DA;1
2019;4.Q.;05frm12;nace2EA;55
2019;4.Q.;05frm12;nace2FA;12
2019;4.Q.;05frm12;nace2GA;3
2019;4.Q.;05frm12;nace2HA;18
2019;4.Q.;05frm12;nace2IA;42
2019;4.Q.;05frm12;nace2JA;15
2019;4.Q.;05frm12;nace2JB;1
2019;4.Q.;05frm12;nace2JC;6
2019;4.Q.;05frm12;nace2KA;7
2019;4.Q.;05frm12;nace2LA;2722
2019;4.Q.;05frm12;nace2MA;13
2019;4.Q.;05frm12;nace2MB;73
2019;4.Q.;05frm12;nace2MC;7
2019;4.Q.;05frm12;nace2NA;35
2019;4.Q.;05frm12;nace2OA;3218
2019;4.Q.;05frm12;nace2PA;3815
2019;4.Q.;05frm12;nace2QA;139
2019;4.Q.;05frm12;nace2QB;1542
2019;4.Q.;05frm12;nace2RA;5662
2019;4.Q.;05frm12;nace2SA;18182
2019;4.Q.;05frm12;nace2ZZ;
2018;1.Q.;05frm00;nace1;556888
2018;1.Q.;05frm00;nace2AA;21973
2018;1.Q.;05frm00;nace2BA;213
2018;1.Q.;05frm00;nace2C;68962
2018;1.Q.;05frm00;nace2CA;3997
2018;1.Q.;05frm00;nace2CB;5531
2018;1.Q.;05frm00;nace2CC;13560
2018;1.Q.;05frm00;nace2CD;29
2018;1.Q.;05frm00;nace2CE;501
2018;1.Q.;05frm00;nace2CF;31
2018;1.Q.;05frm00;nace2CG;4089
2018;1.Q.;05frm00;nace2CH;27201
2018;1.Q.;05frm00;nace2CI;1271
2018;1.Q.;05frm00;nace2CJ;1532
2018;1.Q.;05frm00;nace2CK;1560
2018;1.Q.;05frm00;nace2CL;610
2018;1.Q.;05frm00;nace2CM;9050
2018;1.Q.;05frm00;nace2DA;536
2018;1.Q.;05frm00;nace2EA;1504
2018;1.Q.;05frm00;nace2FA;86416
2018;1.Q.;05frm00;nace2GA;105583
2018;1.Q.;05frm00;nace2HA;19732
2018;1.Q.;05frm00;nace2IA;17884
2018;1.Q.;05frm00;nace2JA;5282
2018;1.Q.;05frm00;nace2JB;310
2018;1.Q.;05frm00;nace2JC;16380
2018;1.Q.;05frm00;nace2KA;13628
2018;1.Q.;05frm00;nace2LA;17378
2018;1.Q.;05frm00;nace2MA;54006
2018;1.Q.;05frm00;nace2MB;809
2018;1.Q.;05frm00;nace2MC;19897
2018;1.Q.;05frm00;nace2NA;33467
2018;1.Q.;05frm00;nace2OA;3227
2018;1.Q.;05frm00;nace2PA;11152
2018;1.Q.;05frm00;nace2QA;10054
2018;1.Q.;05frm00;nace2QB;2443
2018;1.Q.;05frm00;nace2RA;10218
2018;1.Q.;05frm00;nace2SA;35834
2018;1.Q.;05frm00;nace2ZZ;
2018;1.Q.;05frm010;nace1;522863
2018;1.Q.;05frm010;nace2AA;21968
2018;1.Q.;05frm010;nace2BA;213
2018;1.Q.;05frm010;nace2C;68956
2018;1.Q.;05frm010;nace2CA;3995
2018;1.Q.;05frm010;nace2CB;5531
2018;1.Q.;05frm010;nace2CC;13557
2018;1.Q.;05frm010;nace2CD;29
2018;1.Q.;05frm010;nace2CE;501
2018;1.Q.;05frm010;nace2CF;31
2018;1.Q.;05frm010;nace2CG;4089
2018;1.Q.;05frm010;nace2CH;27200
2018;1.Q.;05frm010;nace2CI;1271
2018;1.Q.;05frm010;nace2CJ;1532
2018;1.Q.;05frm010;nace2CK;1560
2018;1.Q.;05frm010;nace2CL;610
2018;1.Q.;05frm010;nace2CM;9050
2018;1.Q.;05frm010;nace2DA;535
2018;1.Q.;05frm010;nace2EA;1449
2018;1.Q.;05frm010;nace2FA;86403
2018;1.Q.;05frm010;nace2GA;105580
2018;1.Q.;05frm010;nace2HA;19714
2018;1.Q.;05frm010;nace2IA;17840
2018;1.Q.;05frm010;nace2JA;5267
2018;1.Q.;05frm010;nace2JB;309
2018;1.Q.;05frm010;nace2JC;16374
2018;1.Q.;05frm010;nace2KA;13621
2018;1.Q.;05frm010;nace2LA;14669
2018;1.Q.;05frm010;nace2MA;53987
2018;1.Q.;05frm010;nace2MB;730
2018;1.Q.;05frm010;nace2MC;19889
2018;1.Q.;05frm010;nace2NA;33432
2018;1.Q.;05frm010;nace2OA;12
2018;1.Q.;05frm010;nace2PA;7321
2018;1.Q.;05frm010;nace2QA;9915
2018;1.Q.;05frm010;nace2QB;896
2018;1.Q.;05frm010;nace2RA;4850
2018;1.Q.;05frm010;nace2SA;18933
2018;1.Q.;05frm010;nace2ZZ;
2018;1.Q.;05frm011;nace1;215748
2018;1.Q.;05frm011;nace2AA;7375
2018;1.Q.;05frm011;nace2BA;185
2018;1.Q.;05frm011;nace2C;22205
2018;1.Q.;05frm011;nace2CA;2544
2018;1.Q.;05frm011;nace2CB;1891
2018;1.Q.;05frm011;nace2CC;4578
2018;1.Q.;05frm011;nace2CD;26
2018;1.Q.;05frm011;nace2CE;411
2018;1.Q.;05frm011;nace2CF;28
2018;1.Q.;05frm011;nace2CG;1884
2018;1.Q.;05frm011;nace2CH;5293
2018;1.Q.;05frm011;nace2CI;894
2018;1.Q.;05frm011;nace2CJ;827
2018;1.Q.;05frm011;nace2CK;975
2018;1.Q.;05frm011;nace2CL;480
2018;1.Q.;05frm011;nace2CM;2374
2018;1.Q.;05frm011;nace2DA;507
2018;1.Q.;05frm011;nace2EA;1032
2018;1.Q.;05frm011;nace2FA;19535
2018;1.Q.;05frm011;nace2GA;46043
2018;1.Q.;05frm011;nace2HA;10468
2018;1.Q.;05frm011;nace2IA;7942
2018;1.Q.;05frm011;nace2JA;2320
2018;1.Q.;05frm011;nace2JB;286
2018;1.Q.;05frm011;nace2JC;9393
2018;1.Q.;05frm011;nace2KA;729
2018;1.Q.;05frm011;nace2LA;12976
2018;1.Q.;05frm011;nace2MA;26757
2018;1.Q.;05frm011;nace2MB;544
2018;1.Q.;05frm011;nace2MC;10211
2018;1.Q.;05frm011;nace2NA;21449
2018;1.Q.;05frm011;nace2OA;12
2018;1.Q.;05frm011;nace2PA;3016
2018;1.Q.;05frm011;nace2QA;6333
2018;1.Q.;05frm011;nace2QB;348
2018;1.Q.;05frm011;nace2RA;2809
2018;1.Q.;05frm011;nace2SA;3273
2018;1.Q.;05frm011;nace2ZZ;
2018;1.Q.;05frm0120;nace1;307115
2018;1.Q.;05frm0120;nace2AA;14593
2018;1.Q.;05frm0120;nace2BA;28
2018;1.Q.;05frm0120;nace2C;46751
2018;1.Q.;05frm0120;nace2CA;1451
2018;1.Q.;05frm0120;nace2CB;3640
2018;1.Q.;05frm0120;nace2CC;8979
2018;1.Q.;05frm0120;nace2CD;3
2018;1.Q.;05frm0120;nace2CE;90
2018;1.Q.;05frm0120;nace2CF;3
2018;1.Q.;05frm0120;nace2CG;2205
2018;1.Q.;05frm0120;nace2CH;21907
2018;1.Q.;05frm0120;nace2CI;377
2018;1.Q.;05frm0120;nace2CJ;705
2018;1.Q.;05frm0120;nace2CK;585
2018;1.Q.;05frm0120;nace2CL;130
2018;1.Q.;05frm0120;nace2CM;6676
2018;1.Q.;05frm0120;nace2DA;28
2018;1.Q.;05frm0120;nace2EA;417
2018;1.Q.;05frm0120;nace2FA;66868
2018;1.Q.;05frm0120;nace2GA;59537
2018;1.Q.;05frm0120;nace2HA;9246
2018;1.Q.;05frm0120;nace2IA;9898
2018;1.Q.;05frm0120;nace2JA;2947
2018;1.Q.;05frm0120;nace2JB;23
2018;1.Q.;05frm0120;nace2JC;6981
2018;1.Q.;05frm0120;nace2KA;12892
2018;1.Q.;05frm0120;nace2LA;1693
2018;1.Q.;05frm0120;nace2MA;27230
2018;1.Q.;05frm0120;nace2MB;186
2018;1.Q.;05frm0120;nace2MC;9678
2018;1.Q.;05frm0120;nace2NA;11983
2018;1.Q.;05frm0120;nace2OA;
2018;1.Q.;05frm0120;nace2PA;4305
2018;1.Q.;05frm0120;nace2QA;3582
2018;1.Q.;05frm0120;nace2QB;548
2018;1.Q.;05frm0120;nace2RA;2041
2018;1.Q.;05frm0120;nace2SA;15660
2018;1.Q.;05frm0120;nace2ZZ;
2018;1.Q.;05frm0121;nace1;283784
2018;1.Q.;05frm0121;nace2AA;11095
2018;1.Q.;05frm0121;nace2BA;27
2018;1.Q.;05frm0121;nace2C;46735
2018;1.Q.;05frm0121;nace2CA;1439
2018;1.Q.;05frm0121;nace2CB;3640
2018;1.Q.;05frm0121;nace2CC;8979
2018;1.Q.;05frm0121;nace2CD;3
2018;1.Q.;05frm0121;nace2CE;90
2018;1.Q.;05frm0121;nace2CF;3
2018;1.Q.;05frm0121;nace2CG;2204
2018;1.Q.;05frm0121;nace2CH;21907
2018;1.Q.;05frm0121;nace2CI;377
2018;1.Q.;05frm0121;nace2CJ;705
2018;1.Q.;05frm0121;nace2CK;585
2018;1.Q.;05frm0121;nace2CL;130
2018;1.Q.;05frm0121;nace2CM;6673
2018;1.Q.;05frm0121;nace2DA;11
2018;1.Q.;05frm0121;nace2EA;417
2018;1.Q.;05frm0121;nace2FA;66865
2018;1.Q.;05frm0121;nace2GA;59489
2018;1.Q.;05frm0121;nace2HA;8534
2018;1.Q.;05frm0121;nace2IA;9897
2018;1.Q.;05frm0121;nace2JA;2946
2018;1.Q.;05frm0121;nace2JB;23
2018;1.Q.;05frm0121;nace2JC;6980
2018;1.Q.;05frm0121;nace2KA;3352
2018;1.Q.;05frm0121;nace2LA;1681
2018;1.Q.;05frm0121;nace2MA;22154
2018;1.Q.;05frm0121;nace2MB;186
2018;1.Q.;05frm0121;nace2MC;8478
2018;1.Q.;05frm0121;nace2NA;11916
2018;1.Q.;05frm0121;nace2OA;
2018;1.Q.;05frm0121;nace2PA;4305
2018;1.Q.;05frm0121;nace2QA;472
2018;1.Q.;05frm0121;nace2QB;538
2018;1.Q.;05frm0121;nace2RA;2023
2018;1.Q.;05frm0121;nace2SA;15660
2018;1.Q.;05frm0121;nace2ZZ;
2018;1.Q.;05frm12;nace1;34025
2018;1.Q.;05frm12;nace2AA;5
2018;1.Q.;05frm12;nace2BA;
2018;1.Q.;05frm12;nace2C;6
2018;1.Q.;05frm12;nace2CA;2
2018;1.Q.;05frm12;nace2CB;
2018;1.Q.;05frm12;nace2CC;3
2018;1.Q.;05frm12;nace2CD;
2018;1.Q.;05frm12;nace2CE;
2018;1.Q.;05frm12;nace2CF;
2018;1.Q.;05frm12;nace2CG;
2018;1.Q.;05frm12;nace2CH;1
2018;1.Q.;05frm12;nace2CI;
2018;1.Q.;05frm12;nace2CJ;
2018;1.Q.;05frm12;nace2CK;
2018;1.Q.;05frm12;nace2CL;
2018;1.Q.;05frm12;nace2CM;
2018;1.Q.;05frm12;nace2DA;1
2018;1.Q.;05frm12;nace2EA;55
2018;1.Q.;05frm12;nace2FA;13
2018;1.Q.;05frm12;nace2GA;3
2018;1.Q.;05frm12;nace2HA;18
2018;1.Q.;05frm12;nace2IA;44
2018;1.Q.;05frm12;nace2JA;15
2018;1.Q.;05frm12;nace2JB;1
2018;1.Q.;05frm12;nace2JC;6
2018;1.Q.;05frm12;nace2KA;7
2018;1.Q.;05frm12;nace2LA;2709
2018;1.Q.;05frm12;nace2MA;19
2018;1.Q.;05frm12;nace2MB;79
2018;1.Q.;05frm12;nace2MC;8
2018;1.Q.;05frm12;nace2NA;35
2018;1.Q.;05frm12;nace2OA;3215
2018;1.Q.;05frm12;nace2PA;3831
2018;1.Q.;05frm12;nace2QA;139
2018;1.Q.;05frm12;nace2QB;1547
2018;1.Q.;05frm12;nace2RA;5368
2018;1.Q.;05frm12;nace2SA;16901
2018;1.Q.;05frm12;nace2ZZ;
2018;2.Q.;05frm00;nace1;569742
2018;2.Q.;05frm00;nace2AA;22472
2018;2.Q.;05frm00;nace2BA;220
2018;2.Q.;05frm00;nace2C;70459
2018;2.Q.;05frm00;nace2CA;4141
2018;2.Q.;05frm00;nace2CB;5612
2018;2.Q.;05frm00;nace2CC;13836
2018;2.Q.;05frm00;nace2CD;30
2018;2.Q.;05frm00;nace2CE;507
2018;2.Q.;05frm00;nace2CF;30
2018;2.Q.;05frm00;nace2CG;4179
2018;2.Q.;05frm00;nace2CH;27760
2018;2.Q.;05frm00;nace2CI;1354
2018;2.Q.;05frm00;nace2CJ;1567
2018;2.Q.;05frm00;nace2CK;1590
2018;2.Q.;05frm00;nace2CL;669
2018;2.Q.;05frm00;nace2CM;9184
2018;2.Q.;05frm00;nace2DA;543
2018;2.Q.;05frm00;nace2EA;1549
2018;2.Q.;05frm00;nace2FA;88511
2018;2.Q.;05frm00;nace2GA;106081
2018;2.Q.;05frm00;nace2HA;20303
2018;2.Q.;05frm00;nace2IA;18297
2018;2.Q.;05frm00;nace2JA;5369
2018;2.Q.;05frm00;nace2JB;307
2018;2.Q.;05frm00;nace2JC;17070
2018;2.Q.;05frm00;nace2KA;15217
2018;2.Q.;05frm00;nace2LA;17787
2018;2.Q.;05frm00;nace2MA;55304
2018;2.Q.;05frm00;nace2MB;832
2018;2.Q.;05frm00;nace2MC;20445
2018;2.Q.;05frm00;nace2NA;34657
2018;2.Q.;05frm00;nace2OA;3227
2018;2.Q.;05frm00;nace2PA;11336
2018;2.Q.;05frm00;nace2QA;10082
2018;2.Q.;05frm00;nace2QB;2423
2018;2.Q.;05frm00;nace2RA;10460
2018;2.Q.;05frm00;nace2SA;36791
2018;2.Q.;05frm00;nace2ZZ;
2018;2.Q.;05frm010;nace1;535064
2018;2.Q.;05frm010;nace2AA;22467
2018;2.Q.;05frm010;nace2BA;220
2018;2.Q.;05frm010;nace2C;70454
2018;2.Q.;05frm010;nace2CA;4139
2018;2.Q.;05frm010;nace2CB;5612
2018;2.Q.;05frm010;nace2CC;13834
2018;2.Q.;05frm010;nace2CD;30
2018;2.Q.;05frm010;nace2CE;507
2018;2.Q.;05frm010;nace2CF;30
2018;2.Q.;05frm010;nace2CG;4179
2018;2.Q.;05frm010;nace2CH;27759
2018;2.Q.;05frm010;nace2CI;1354
2018;2.Q.;05frm010;nace2CJ;1567
2018;2.Q.;05frm010;nace2CK;1590
2018;2.Q.;05frm010;nace2CL;669
2018;2.Q.;05frm010;nace2CM;9184
2018;2.Q.;05frm010;nace2DA;542
2018;2.Q.;05frm010;nace2EA;1494
2018;2.Q.;05frm010;nace2FA;88499
2018;2.Q.;05frm010;nace2GA;106078
2018;2.Q.;05frm010;nace2HA;20285
2018;2.Q.;05frm010;nace2IA;18253
2018;2.Q.;05frm010;nace2JA;5355
2018;2.Q.;05frm010;nace2JB;306
2018;2.Q.;05frm010;nace2JC;17064
2018;2.Q.;05frm010;nace2KA;15210
2018;2.Q.;05frm010;nace2LA;15081
2018;2.Q.;05frm010;nace2MA;55290
2018;2.Q.;05frm010;nace2MB;756
2018;2.Q.;05frm010;nace2MC;20437
2018;2.Q.;05frm010;nace2NA;34623
2018;2.Q.;05frm010;nace2OA;12
2018;2.Q.;05frm010;nace2PA;7506
2018;2.Q.;05frm010;nace2QA;9945
2018;2.Q.;05frm010;nace2QB;877
2018;2.Q.;05frm010;nace2RA;4991
2018;2.Q.;05frm010;nace2SA;19319
2018;2.Q.;05frm010;nace2ZZ;
2018;2.Q.;05frm011;nace1;221446
2018;2.Q.;05frm011;nace2AA;7441
2018;2.Q.;05frm011;nace2BA;188
2018;2.Q.;05frm011;nace2C;23401
2018;2.Q.;05frm011;nace2CA;2668
2018;2.Q.;05frm011;nace2CB;1990
2018;2.Q.;05frm011;nace2CC;4842
2018;2.Q.;05frm011;nace2CD;27
2018;2.Q.;05frm011;nace2CE;422
2018;2.Q.;05frm011;nace2CF;27
2018;2.Q.;05frm011;nace2CG;1967
2018;2.Q.;05frm011;nace2CH;5638
2018;2.Q.;05frm011;nace2CI;972
2018;2.Q.;05frm011;nace2CJ;851
2018;2.Q.;05frm011;nace2CK;1002
2018;2.Q.;05frm011;nace2CL;527
2018;2.Q.;05frm011;nace2CM;2468
2018;2.Q.;05frm011;nace2DA;511
2018;2.Q.;05frm011;nace2EA;1070
2018;2.Q.;05frm011;nace2FA;20207
2018;2.Q.;05frm011;nace2GA;46291
2018;2.Q.;05frm011;nace2HA;10827
2018;2.Q.;05frm011;nace2IA;8250
2018;2.Q.;05frm011;nace2JA;2354
2018;2.Q.;05frm011;nace2JB;283
2018;2.Q.;05frm011;nace2JC;9740
2018;2.Q.;05frm011;nace2KA;721
2018;2.Q.;05frm011;nace2LA;13359
2018;2.Q.;05frm011;nace2MA;27478
2018;2.Q.;05frm011;nace2MB;558
2018;2.Q.;05frm011;nace2MC;10513
2018;2.Q.;05frm011;nace2NA;22091
2018;2.Q.;05frm011;nace2OA;12
2018;2.Q.;05frm011;nace2PA;3133
2018;2.Q.;05frm011;nace2QA;6358
2018;2.Q.;05frm011;nace2QB;340
2018;2.Q.;05frm011;nace2RA;2891
2018;2.Q.;05frm011;nace2SA;3429
2018;2.Q.;05frm011;nace2ZZ;
2018;2.Q.;05frm0120;nace1;313618
2018;2.Q.;05frm0120;nace2AA;15026
2018;2.Q.;05frm0120;nace2BA;32
2018;2.Q.;05frm0120;nace2C;47053
2018;2.Q.;05frm0120;nace2CA;1471
2018;2.Q.;05frm0120;nace2CB;3622
2018;2.Q.;05frm0120;nace2CC;8992
2018;2.Q.;05frm0120;nace2CD;3
2018;2.Q.;05frm0120;nace2CE;85
2018;2.Q.;05frm0120;nace2CF;3
2018;2.Q.;05frm0120;nace2CG;2212
2018;2.Q.;05frm0120;nace2CH;22121
2018;2.Q.;05frm0120;nace2CI;382
2018;2.Q.;05frm0120;nace2CJ;716
2018;2.Q.;05frm0120;nace2CK;588
2018;2.Q.;05frm0120;nace2CL;142
2018;2.Q.;05frm0120;nace2CM;6716
2018;2.Q.;05frm0120;nace2DA;31
2018;2.Q.;05frm0120;nace2EA;424
2018;2.Q.;05frm0120;nace2FA;68292
2018;2.Q.;05frm0120;nace2GA;59787
2018;2.Q.;05frm0120;nace2HA;9458
2018;2.Q.;05frm0120;nace2IA;10003
2018;2.Q.;05frm0120;nace2JA;3001
2018;2.Q.;05frm0120;nace2JB;23
2018;2.Q.;05frm0120;nace2JC;7324
2018;2.Q.;05frm0120;nace2KA;14489
2018;2.Q.;05frm0120;nace2LA;1722
2018;2.Q.;05frm0120;nace2MA;27812
2018;2.Q.;05frm0120;nace2MB;198
2018;2.Q.;05frm0120;nace2MC;9924
2018;2.Q.;05frm0120;nace2NA;12532
2018;2.Q.;05frm0120;nace2OA;
2018;2.Q.;05frm0120;nace2PA;4373
2018;2.Q.;05frm0120;nace2QA;3587
2018;2.Q.;05frm0120;nace2QB;537
2018;2.Q.;05frm0120;nace2RA;2100
2018;2.Q.;05frm0120;nace2SA;15890
2018;2.Q.;05frm0120;nace2ZZ;
2018;2.Q.;05frm0121;nace1;288519
2018;2.Q.;05frm0121;nace2AA;11406
2018;2.Q.;05frm0121;nace2BA;31
2018;2.Q.;05frm0121;nace2C;47037
2018;2.Q.;05frm0121;nace2CA;1459
2018;2.Q.;05frm0121;nace2CB;3622
2018;2.Q.;05frm0121;nace2CC;8992
2018;2.Q.;05frm0121;nace2CD;3
2018;2.Q.;05frm0121;nace2CE;85
2018;2.Q.;05frm0121;nace2CF;3
2018;2.Q.;05frm0121;nace2CG;2211
2018;2.Q.;05frm0121;nace2CH;22121
2018;2.Q.;05frm0121;nace2CI;382
2018;2.Q.;05frm0121;nace2CJ;716
2018;2.Q.;05frm0121;nace2CK;588
2018;2.Q.;05frm0121;nace2CL;142
2018;2.Q.;05frm0121;nace2CM;6713
2018;2.Q.;05frm0121;nace2DA;11
2018;2.Q.;05frm0121;nace2EA;424
2018;2.Q.;05frm0121;nace2FA;68289
2018;2.Q.;05frm0121;nace2GA;59738
2018;2.Q.;05frm0121;nace2HA;8749
2018;2.Q.;05frm0121;nace2IA;10002
2018;2.Q.;05frm0121;nace2JA;3000
2018;2.Q.;05frm0121;nace2JB;23
2018;2.Q.;05frm0121;nace2JC;7323
2018;2.Q.;05frm0121;nace2KA;3388
2018;2.Q.;05frm0121;nace2LA;1709
2018;2.Q.;05frm0121;nace2MA;22673
2018;2.Q.;05frm0121;nace2MB;198
2018;2.Q.;05frm0121;nace2MC;8711
2018;2.Q.;05frm0121;nace2NA;12463
2018;2.Q.;05frm0121;nace2OA;
2018;2.Q.;05frm0121;nace2PA;4373
2018;2.Q.;05frm0121;nace2QA;474
2018;2.Q.;05frm0121;nace2QB;526
2018;2.Q.;05frm0121;nace2RA;2081
2018;2.Q.;05frm0121;nace2SA;15890
2018;2.Q.;05frm0121;nace2ZZ;
2018;2.Q.;05frm12;nace1;34678
2018;2.Q.;05frm12;nace2AA;5
2018;2.Q.;05frm12;nace2BA;
2018;2.Q.;05frm12;nace2C;5
2018;2.Q.;05frm12;nace2CA;2
2018;2.Q.;05frm12;nace2CB;
2018;2.Q.;05frm12;nace2CC;2
2018;2.Q.;05frm12;nace2CD;
2018;2.Q.;05frm12;nace2CE;
2018;2.Q.;05frm12;nace2CF;
2018;2.Q.;05frm12;nace2CG;
2018;2.Q.;05frm12;nace2CH;1
2018;2.Q.;05frm12;nace2CI;
2018;2.Q.;05frm12;nace2CJ;
2018;2.Q.;05frm12;nace2CK;
2018;2.Q.;05frm12;nace2CL;
2018;2.Q.;05frm12;nace2CM;
2018;2.Q.;05frm12;nace2DA;1
2018;2.Q.;05frm12;nace2EA;55
2018;2.Q.;05frm12;nace2FA;12
2018;2.Q.;05frm12;nace2GA;3
2018;2.Q.;05frm12;nace2HA;18
2018;2.Q.;05frm12;nace2IA;44
2018;2.Q.;05frm12;nace2JA;14
2018;2.Q.;05frm12;nace2JB;1
2018;2.Q.;05frm12;nace2JC;6
2018;2.Q.;05frm12;nace2KA;7
2018;2.Q.;05frm12;nace2LA;2706
2018;2.Q.;05frm12;nace2MA;14
2018;2.Q.;05frm12;nace2MB;76
2018;2.Q.;05frm12;nace2MC;8
2018;2.Q.;05frm12;nace2NA;34
2018;2.Q.;05frm12;nace2OA;3215
2018;2.Q.;05frm12;nace2PA;3830
2018;2.Q.;05frm12;nace2QA;137
2018;2.Q.;05frm12;nace2QB;1546
2018;2.Q.;05frm12;nace2RA;5469
2018;2.Q.;05frm12;nace2SA;17472
2018;2.Q.;05frm12;nace2ZZ;
2018;3.Q.;05frm00;nace1;584137
2018;3.Q.;05frm00;nace2AA;22883
2018;3.Q.;05frm00;nace2BA;221
2018;3.Q.;05frm00;nace2C;72569
2018;3.Q.;05frm00;nace2CA;4267
2018;3.Q.;05frm00;nace2CB;5726
2018;3.Q.;05frm00;nace2CC;14195
2018;3.Q.;05frm00;nace2CD;32
2018;3.Q.;05frm00;nace2CE;519
2018;3.Q.;05frm00;nace2CF;30
2018;3.Q.;05frm00;nace2CG;4257
2018;3.Q.;05frm00;nace2CH;28948
2018;3.Q.;05frm00;nace2CI;1401
2018;3.Q.;05frm00;nace2CJ;1599
2018;3.Q.;05frm00;nace2CK;1615
2018;3.Q.;05frm00;nace2CL;696
2018;3.Q.;05frm00;nace2CM;9284
2018;3.Q.;05frm00;nace2DA;551
2018;3.Q.;05frm00;nace2EA;1588
2018;3.Q.;05frm00;nace2FA;92163
2018;3.Q.;05frm00;nace2GA;106607
2018;3.Q.;05frm00;nace2HA;20935
2018;3.Q.;05frm00;nace2IA;18575
2018;3.Q.;05frm00;nace2JA;5466
2018;3.Q.;05frm00;nace2JB;309
2018;3.Q.;05frm00;nace2JC;17717
2018;3.Q.;05frm00;nace2KA;16166
2018;3.Q.;05frm00;nace2LA;18088
2018;3.Q.;05frm00;nace2MA;56781
2018;3.Q.;05frm00;nace2MB;855
2018;3.Q.;05frm00;nace2MC;21053
2018;3.Q.;05frm00;nace2NA;35782
2018;3.Q.;05frm00;nace2OA;3228
2018;3.Q.;05frm00;nace2PA;11565
2018;3.Q.;05frm00;nace2QA;10126
2018;3.Q.;05frm00;nace2QB;2436
2018;3.Q.;05frm00;nace2RA;10688
2018;3.Q.;05frm00;nace2SA;37785
2018;3.Q.;05frm00;nace2ZZ;
2018;3.Q.;05frm010;nace1;548825
2018;3.Q.;05frm010;nace2AA;22878
2018;3.Q.;05frm010;nace2BA;221
2018;3.Q.;05frm010;nace2C;72564
2018;3.Q.;05frm010;nace2CA;4265
2018;3.Q.;05frm010;nace2CB;5726
2018;3.Q.;05frm010;nace2CC;14193
2018;3.Q.;05frm010;nace2CD;32
2018;3.Q.;05frm010;nace2CE;519
2018;3.Q.;05frm010;nace2CF;30
2018;3.Q.;05frm010;nace2CG;4257
2018;3.Q.;05frm010;nace2CH;28947
2018;3.Q.;05frm010;nace2CI;1401
2018;3.Q.;05frm010;nace2CJ;1599
2018;3.Q.;05frm010;nace2CK;1615
2018;3.Q.;05frm010;nace2CL;696
2018;3.Q.;05frm010;nace2CM;9284
2018;3.Q.;05frm010;nace2DA;550
2018;3.Q.;05frm010;nace2EA;1533
2018;3.Q.;05frm010;nace2FA;92151
2018;3.Q.;05frm010;nace2GA;106604
2018;3.Q.;05frm010;nace2HA;20917
2018;3.Q.;05frm010;nace2IA;18531
2018;3.Q.;05frm010;nace2JA;5452
2018;3.Q.;05frm010;nace2JB;308
2018;3.Q.;05frm010;nace2JC;17711
2018;3.Q.;05frm010;nace2KA;16159
2018;3.Q.;05frm010;nace2LA;15372
2018;3.Q.;05frm010;nace2MA;56767
2018;3.Q.;05frm010;nace2MB;779
2018;3.Q.;05frm010;nace2MC;21045
2018;3.Q.;05frm010;nace2NA;35748
2018;3.Q.;05frm010;nace2OA;13
2018;3.Q.;05frm010;nace2PA;7718
2018;3.Q.;05frm010;nace2QA;9987
2018;3.Q.;05frm010;nace2QB;873
2018;3.Q.;05frm010;nace2RA;5142
2018;3.Q.;05frm010;nace2SA;19802
2018;3.Q.;05frm010;nace2ZZ;
2018;3.Q.;05frm011;nace1;226166
2018;3.Q.;05frm011;nace2AA;7519
2018;3.Q.;05frm011;nace2BA;188
2018;3.Q.;05frm011;nace2C;24281
2018;3.Q.;05frm011;nace2CA;2771
2018;3.Q.;05frm011;nace2CB;2061
2018;3.Q.;05frm011;nace2CC;5035
2018;3.Q.;05frm011;nace2CD;29
2018;3.Q.;05frm011;nace2CE;433
2018;3.Q.;05frm011;nace2CF;27
2018;3.Q.;05frm011;nace2CG;2017
2018;3.Q.;05frm011;nace2CH;5927
2018;3.Q.;05frm011;nace2CI;1015
2018;3.Q.;05frm011;nace2CJ;875
2018;3.Q.;05frm011;nace2CK;1018
2018;3.Q.;05frm011;nace2CL;553
2018;3.Q.;05frm011;nace2CM;2520
2018;3.Q.;05frm011;nace2DA;513
2018;3.Q.;05frm011;nace2EA;1099
2018;3.Q.;05frm011;nace2FA;20740
2018;3.Q.;05frm011;nace2GA;46526
2018;3.Q.;05frm011;nace2HA;11098
2018;3.Q.;05frm011;nace2IA;8470
2018;3.Q.;05frm011;nace2JA;2406
2018;3.Q.;05frm011;nace2JB;284
2018;3.Q.;05frm011;nace2JC;10043
2018;3.Q.;05frm011;nace2KA;727
2018;3.Q.;05frm011;nace2LA;13644
2018;3.Q.;05frm011;nace2MA;28088
2018;3.Q.;05frm011;nace2MB;572
2018;3.Q.;05frm011;nace2MC;10840
2018;3.Q.;05frm011;nace2NA;22675
2018;3.Q.;05frm011;nace2OA;13
2018;3.Q.;05frm011;nace2PA;3220
2018;3.Q.;05frm011;nace2QA;6387
2018;3.Q.;05frm011;nace2QB;344
2018;3.Q.;05frm011;nace2RA;2962
2018;3.Q.;05frm011;nace2SA;3527
2018;3.Q.;05frm011;nace2ZZ;
2018;3.Q.;05frm0120;nace1;322659
2018;3.Q.;05frm0120;nace2AA;15359
2018;3.Q.;05frm0120;nace2BA;33
2018;3.Q.;05frm0120;nace2C;48283
2018;3.Q.;05frm0120;nace2CA;1494
2018;3.Q.;05frm0120;nace2CB;3665
2018;3.Q.;05frm0120;nace2CC;9158
2018;3.Q.;05frm0120;nace2CD;3
2018;3.Q.;05frm0120;nace2CE;86
2018;3.Q.;05frm0120;nace2CF;3
2018;3.Q.;05frm0120;nace2CG;2240
2018;3.Q.;05frm0120;nace2CH;23020
2018;3.Q.;05frm0120;nace2CI;386
2018;3.Q.;05frm0120;nace2CJ;724
2018;3.Q.;05frm0120;nace2CK;597
2018;3.Q.;05frm0120;nace2CL;143
2018;3.Q.;05frm0120;nace2CM;6764
2018;3.Q.;05frm0120;nace2DA;37
2018;3.Q.;05frm0120;nace2EA;434
2018;3.Q.;05frm0120;nace2FA;71411
2018;3.Q.;05frm0120;nace2GA;60078
2018;3.Q.;05frm0120;nace2HA;9819
2018;3.Q.;05frm0120;nace2IA;10061
2018;3.Q.;05frm0120;nace2JA;3046
2018;3.Q.;05frm0120;nace2JB;24
2018;3.Q.;05frm0120;nace2JC;7668
2018;3.Q.;05frm0120;nace2KA;15432
2018;3.Q.;05frm0120;nace2LA;1728
2018;3.Q.;05frm0120;nace2MA;28679
2018;3.Q.;05frm0120;nace2MB;207
2018;3.Q.;05frm0120;nace2MC;10205
2018;3.Q.;05frm0120;nace2NA;13073
2018;3.Q.;05frm0120;nace2OA;
2018;3.Q.;05frm0120;nace2PA;4498
2018;3.Q.;05frm0120;nace2QA;3600
2018;3.Q.;05frm0120;nace2QB;529
2018;3.Q.;05frm0120;nace2RA;2180
2018;3.Q.;05frm0120;nace2SA;16275
2018;3.Q.;05frm0120;nace2ZZ;
2018;3.Q.;05frm0121;nace1;296482
2018;3.Q.;05frm0121;nace2AA;11694
2018;3.Q.;05frm0121;nace2BA;32
2018;3.Q.;05frm0121;nace2C;48267
2018;3.Q.;05frm0121;nace2CA;1482
2018;3.Q.;05frm0121;nace2CB;3665
2018;3.Q.;05frm0121;nace2CC;9158
2018;3.Q.;05frm0121;nace2CD;3
2018;3.Q.;05frm0121;nace2CE;86
2018;3.Q.;05frm0121;nace2CF;3
2018;3.Q.;05frm0121;nace2CG;2239
2018;3.Q.;05frm0121;nace2CH;23020
2018;3.Q.;05frm0121;nace2CI;386
2018;3.Q.;05frm0121;nace2CJ;724
2018;3.Q.;05frm0121;nace2CK;597
2018;3.Q.;05frm0121;nace2CL;143
2018;3.Q.;05frm0121;nace2CM;6761
2018;3.Q.;05frm0121;nace2DA;10
2018;3.Q.;05frm0121;nace2EA;434
2018;3.Q.;05frm0121;nace2FA;71408
2018;3.Q.;05frm0121;nace2GA;60029
2018;3.Q.;05frm0121;nace2HA;9109
2018;3.Q.;05frm0121;nace2IA;10060
2018;3.Q.;05frm0121;nace2JA;3045
2018;3.Q.;05frm0121;nace2JB;24
2018;3.Q.;05frm0121;nace2JC;7667
2018;3.Q.;05frm0121;nace2KA;3400
2018;3.Q.;05frm0121;nace2LA;1715
2018;3.Q.;05frm0121;nace2MA;23476
2018;3.Q.;05frm0121;nace2MB;207
2018;3.Q.;05frm0121;nace2MC;8981
2018;3.Q.;05frm0121;nace2NA;13004
2018;3.Q.;05frm0121;nace2OA;
2018;3.Q.;05frm0121;nace2PA;4498
2018;3.Q.;05frm0121;nace2QA;474
2018;3.Q.;05frm0121;nace2QB;517
2018;3.Q.;05frm0121;nace2RA;2156
2018;3.Q.;05frm0121;nace2SA;16275
2018;3.Q.;05frm0121;nace2ZZ;
2018;3.Q.;05frm12;nace1;35312
2018;3.Q.;05frm12;nace2AA;5
2018;3.Q.;05frm12;nace2BA;
2018;3.Q.;05frm12;nace2C;5
2018;3.Q.;05frm12;nace2CA;2
2018;3.Q.;05frm12;nace2CB;
2018;3.Q.;05frm12;nace2CC;2
2018;3.Q.;05frm12;nace2CD;
2018;3.Q.;05frm12;nace2CE;
2018;3.Q.;05frm12;nace2CF;
2018;3.Q.;05frm12;nace2CG;
2018;3.Q.;05frm12;nace2CH;1
2018;3.Q.;05frm12;nace2CI;
2018;3.Q.;05frm12;nace2CJ;
2018;3.Q.;05frm12;nace2CK;
2018;3.Q.;05frm12;nace2CL;
2018;3.Q.;05frm12;nace2CM;
2018;3.Q.;05frm12;nace2DA;1
2018;3.Q.;05frm12;nace2EA;55
2018;3.Q.;05frm12;nace2FA;12
2018;3.Q.;05frm12;nace2GA;3
2018;3.Q.;05frm12;nace2HA;18
2018;3.Q.;05frm12;nace2IA;44
2018;3.Q.;05frm12;nace2JA;14
2018;3.Q.;05frm12;nace2JB;1
2018;3.Q.;05frm12;nace2JC;6
2018;3.Q.;05frm12;nace2KA;7
2018;3.Q.;05frm12;nace2LA;2716
2018;3.Q.;05frm12;nace2MA;14
2018;3.Q.;05frm12;nace2MB;76
2018;3.Q.;05frm12;nace2MC;8
2018;3.Q.;05frm12;nace2NA;34
2018;3.Q.;05frm12;nace2OA;3215
2018;3.Q.;05frm12;nace2PA;3847
2018;3.Q.;05frm12;nace2QA;139
2018;3.Q.;05frm12;nace2QB;1563
2018;3.Q.;05frm12;nace2RA;5546
2018;3.Q.;05frm12;nace2SA;17983
2018;3.Q.;05frm12;nace2ZZ;
2018;4.Q.;05frm00;nace1;596213
2018;4.Q.;05frm00;nace2AA;23138
2018;4.Q.;05frm00;nace2BA;224
2018;4.Q.;05frm00;nace2C;74450
2018;4.Q.;05frm00;nace2CA;4421
2018;4.Q.;05frm00;nace2CB;5842
2018;4.Q.;05frm00;nace2CC;14465
2018;4.Q.;05frm00;nace2CD;29
2018;4.Q.;05frm00;nace2CE;527
2018;4.Q.;05frm00;nace2CF;30
2018;4.Q.;05frm00;nace2CG;4291
2018;4.Q.;05frm00;nace2CH;30014
2018;4.Q.;05frm00;nace2CI;1436
2018;4.Q.;05frm00;nace2CJ;1628
2018;4.Q.;05frm00;nace2CK;1647
2018;4.Q.;05frm00;nace2CL;709
2018;4.Q.;05frm00;nace2CM;9411
2018;4.Q.;05frm00;nace2DA;562
2018;4.Q.;05frm00;nace2EA;1615
2018;4.Q.;05frm00;nace2FA;95344
2018;4.Q.;05frm00;nace2GA;106739
2018;4.Q.;05frm00;nace2HA;21584
2018;4.Q.;05frm00;nace2IA;18786
2018;4.Q.;05frm00;nace2JA;5545
2018;4.Q.;05frm00;nace2JB;313
2018;4.Q.;05frm00;nace2JC;18253
2018;4.Q.;05frm00;nace2KA;16292
2018;4.Q.;05frm00;nace2LA;18413
2018;4.Q.;05frm00;nace2MA;58190
2018;4.Q.;05frm00;nace2MB;878
2018;4.Q.;05frm00;nace2MC;21571
2018;4.Q.;05frm00;nace2NA;37131
2018;4.Q.;05frm00;nace2OA;3229
2018;4.Q.;05frm00;nace2PA;11776
2018;4.Q.;05frm00;nace2QA;10207
2018;4.Q.;05frm00;nace2QB;2452
2018;4.Q.;05frm00;nace2RA;10882
2018;4.Q.;05frm00;nace2SA;38639
2018;4.Q.;05frm00;nace2ZZ;
2018;4.Q.;05frm010;nace1;560521
2018;4.Q.;05frm010;nace2AA;23133
2018;4.Q.;05frm010;nace2BA;224
2018;4.Q.;05frm010;nace2C;74445
2018;4.Q.;05frm010;nace2CA;4419
2018;4.Q.;05frm010;nace2CB;5842
2018;4.Q.;05frm010;nace2CC;14463
2018;4.Q.;05frm010;nace2CD;29
2018;4.Q.;05frm010;nace2CE;527
2018;4.Q.;05frm010;nace2CF;30
2018;4.Q.;05frm010;nace2CG;4291
2018;4.Q.;05frm010;nace2CH;30013
2018;4.Q.;05frm010;nace2CI;1436
2018;4.Q.;05frm010;nace2CJ;1628
2018;4.Q.;05frm010;nace2CK;1647
2018;4.Q.;05frm010;nace2CL;709
2018;4.Q.;05frm010;nace2CM;9411
2018;4.Q.;05frm010;nace2DA;561
2018;4.Q.;05frm010;nace2EA;1560
2018;4.Q.;05frm010;nace2FA;95332
2018;4.Q.;05frm010;nace2GA;106736
2018;4.Q.;05frm010;nace2HA;21566
2018;4.Q.;05frm010;nace2IA;18742
2018;4.Q.;05frm010;nace2JA;5531
2018;4.Q.;05frm010;nace2JB;312
2018;4.Q.;05frm010;nace2JC;18247
2018;4.Q.;05frm010;nace2KA;16285
2018;4.Q.;05frm010;nace2LA;15696
2018;4.Q.;05frm010;nace2MA;58176
2018;4.Q.;05frm010;nace2MB;802
2018;4.Q.;05frm010;nace2MC;21563
2018;4.Q.;05frm010;nace2NA;37097
2018;4.Q.;05frm010;nace2OA;13
2018;4.Q.;05frm010;nace2PA;7943
2018;4.Q.;05frm010;nace2QA;10065
2018;4.Q.;05frm010;nace2QB;889
2018;4.Q.;05frm010;nace2RA;5286
2018;4.Q.;05frm010;nace2SA;20317
2018;4.Q.;05frm010;nace2ZZ;
2018;4.Q.;05frm011;nace1;230143
2018;4.Q.;05frm011;nace2AA;7616
2018;4.Q.;05frm011;nace2BA;189
2018;4.Q.;05frm011;nace2C;24959
2018;4.Q.;05frm011;nace2CA;2892
2018;4.Q.;05frm011;nace2CB;2120
2018;4.Q.;05frm011;nace2CC;5151
2018;4.Q.;05frm011;nace2CD;26
2018;4.Q.;05frm011;nace2CE;441
2018;4.Q.;05frm011;nace2CF;27
2018;4.Q.;05frm011;nace2CG;2050
2018;4.Q.;05frm011;nace2CH;6132
2018;4.Q.;05frm011;nace2CI;1044
2018;4.Q.;05frm011;nace2CJ;902
2018;4.Q.;05frm011;nace2CK;1041
2018;4.Q.;05frm011;nace2CL;562
2018;4.Q.;05frm011;nace2CM;2571
2018;4.Q.;05frm011;nace2DA;522
2018;4.Q.;05frm011;nace2EA;1118
2018;4.Q.;05frm011;nace2FA;21501
2018;4.Q.;05frm011;nace2GA;46102
2018;4.Q.;05frm011;nace2HA;11335
2018;4.Q.;05frm011;nace2IA;8583
2018;4.Q.;05frm011;nace2JA;2450
2018;4.Q.;05frm011;nace2JB;288
2018;4.Q.;05frm011;nace2JC;10307
2018;4.Q.;05frm011;nace2KA;737
2018;4.Q.;05frm011;nace2LA;13943
2018;4.Q.;05frm011;nace2MA;28607
2018;4.Q.;05frm011;nace2MB;584
2018;4.Q.;05frm011;nace2MC;11093
2018;4.Q.;05frm011;nace2NA;23435
2018;4.Q.;05frm011;nace2OA;13
2018;4.Q.;05frm011;nace2PA;3299
2018;4.Q.;05frm011;nace2QA;6430
2018;4.Q.;05frm011;nace2QB;351
2018;4.Q.;05frm011;nace2RA;3039
2018;4.Q.;05frm011;nace2SA;3642
2018;4.Q.;05frm011;nace2ZZ;
2018;4.Q.;05frm0120;nace1;330378
2018;4.Q.;05frm0120;nace2AA;15517
2018;4.Q.;05frm0120;nace2BA;35
2018;4.Q.;05frm0120;nace2C;49486
2018;4.Q.;05frm0120;nace2CA;1527
2018;4.Q.;05frm0120;nace2CB;3722
2018;4.Q.;05frm0120;nace2CC;9312
2018;4.Q.;05frm0120;nace2CD;3
2018;4.Q.;05frm0120;nace2CE;86
2018;4.Q.;05frm0120;nace2CF;3
2018;4.Q.;05frm0120;nace2CG;2241
2018;4.Q.;05frm0120;nace2CH;23881
2018;4.Q.;05frm0120;nace2CI;392
2018;4.Q.;05frm0120;nace2CJ;726
2018;4.Q.;05frm0120;nace2CK;606
2018;4.Q.;05frm0120;nace2CL;147
2018;4.Q.;05frm0120;nace2CM;6840
2018;4.Q.;05frm0120;nace2DA;39
2018;4.Q.;05frm0120;nace2EA;442
2018;4.Q.;05frm0120;nace2FA;73831
2018;4.Q.;05frm0120;nace2GA;60634
2018;4.Q.;05frm0120;nace2HA;10231
2018;4.Q.;05frm0120;nace2IA;10159
2018;4.Q.;05frm0120;nace2JA;3081
2018;4.Q.;05frm0120;nace2JB;24
2018;4.Q.;05frm0120;nace2JC;7940
2018;4.Q.;05frm0120;nace2KA;15548
2018;4.Q.;05frm0120;nace2LA;1753
2018;4.Q.;05frm0120;nace2MA;29569
2018;4.Q.;05frm0120;nace2MB;218
2018;4.Q.;05frm0120;nace2MC;10470
2018;4.Q.;05frm0120;nace2NA;13662
2018;4.Q.;05frm0120;nace2OA;
2018;4.Q.;05frm0120;nace2PA;4644
2018;4.Q.;05frm0120;nace2QA;3635
2018;4.Q.;05frm0120;nace2QB;538
2018;4.Q.;05frm0120;nace2RA;2247
2018;4.Q.;05frm0120;nace2SA;16675
2018;4.Q.;05frm0120;nace2ZZ;
2018;4.Q.;05frm0121;nace1;303961
2018;4.Q.;05frm0121;nace2AA;11822
2018;4.Q.;05frm0121;nace2BA;34
2018;4.Q.;05frm0121;nace2C;49471
2018;4.Q.;05frm0121;nace2CA;1515
2018;4.Q.;05frm0121;nace2CB;3722
2018;4.Q.;05frm0121;nace2CC;9312
2018;4.Q.;05frm0121;nace2CD;3
2018;4.Q.;05frm0121;nace2CE;86
2018;4.Q.;05frm0121;nace2CF;3
2018;4.Q.;05frm0121;nace2CG;2241
2018;4.Q.;05frm0121;nace2CH;23881
2018;4.Q.;05frm0121;nace2CI;392
2018;4.Q.;05frm0121;nace2CJ;726
2018;4.Q.;05frm0121;nace2CK;606
2018;4.Q.;05frm0121;nace2CL;147
2018;4.Q.;05frm0121;nace2CM;6837
2018;4.Q.;05frm0121;nace2DA;11
2018;4.Q.;05frm0121;nace2EA;442
2018;4.Q.;05frm0121;nace2FA;73828
2018;4.Q.;05frm0121;nace2GA;60584
2018;4.Q.;05frm0121;nace2HA;9520
2018;4.Q.;05frm0121;nace2IA;10158
2018;4.Q.;05frm0121;nace2JA;3080
2018;4.Q.;05frm0121;nace2JB;24
2018;4.Q.;05frm0121;nace2JC;7939
2018;4.Q.;05frm0121;nace2KA;3367
2018;4.Q.;05frm0121;nace2LA;1740
2018;4.Q.;05frm0121;nace2MA;24341
2018;4.Q.;05frm0121;nace2MB;218
2018;4.Q.;05frm0121;nace2MC;9245
2018;4.Q.;05frm0121;nace2NA;13592
2018;4.Q.;05frm0121;nace2OA;
2018;4.Q.;05frm0121;nace2PA;4644
2018;4.Q.;05frm0121;nace2QA;480
2018;4.Q.;05frm0121;nace2QB;526
2018;4.Q.;05frm0121;nace2RA;2220
2018;4.Q.;05frm0121;nace2SA;16675
2018;4.Q.;05frm0121;nace2ZZ;
2018;4.Q.;05frm12;nace1;35692
2018;4.Q.;05frm12;nace2AA;5
2018;4.Q.;05frm12;nace2BA;
2018;4.Q.;05frm12;nace2C;5
2018;4.Q.;05frm12;nace2CA;2
2018;4.Q.;05frm12;nace2CB;
2018;4.Q.;05frm12;nace2CC;2
2018;4.Q.;05frm12;nace2CD;
2018;4.Q.;05frm12;nace2CE;
2018;4.Q.;05frm12;nace2CF;
2018;4.Q.;05frm12;nace2CG;
2018;4.Q.;05frm12;nace2CH;1
2018;4.Q.;05frm12;nace2CI;
2018;4.Q.;05frm12;nace2CJ;
2018;4.Q.;05frm12;nace2CK;
2018;4.Q.;05frm12;nace2CL;
2018;4.Q.;05frm12;nace2CM;
2018;4.Q.;05frm12;nace2DA;1
2018;4.Q.;05frm12;nace2EA;55
2018;4.Q.;05frm12;nace2FA;12
2018;4.Q.;05frm12;nace2GA;3
2018;4.Q.;05frm12;nace2HA;18
2018;4.Q.;05frm12;nace2IA;44
2018;4.Q.;05frm12;nace2JA;14
2018;4.Q.;05frm12;nace2JB;1
2018;4.Q.;05frm12;nace2JC;6
2018;4.Q.;05frm12;nace2KA;7
2018;4.Q.;05frm12;nace2LA;2717
2018;4.Q.;05frm12;nace2MA;14
2018;4.Q.;05frm12;nace2MB;76
2018;4.Q.;05frm12;nace2MC;8
2018;4.Q.;05frm12;nace2NA;34
2018;4.Q.;05frm12;nace2OA;3216
2018;4.Q.;05frm12;nace2PA;3833
2018;4.Q.;05frm12;nace2QA;142
2018;4.Q.;05frm12;nace2QB;1563
2018;4.Q.;05frm12;nace2RA;5596
2018;4.Q.;05frm12;nace2SA;18322
2018;4.Q.;05frm12;nace2ZZ;
2017;1.Q.;05frm00;nace1;574549
2017;1.Q.;05frm00;nace2AA;24892
2017;1.Q.;05frm00;nace2BA;231
2017;1.Q.;05frm00;nace2C;69906
2017;1.Q.;05frm00;nace2CA;3714
2017;1.Q.;05frm00;nace2CB;5642
2017;1.Q.;05frm00;nace2CC;13715
2017;1.Q.;05frm00;nace2CD;25
2017;1.Q.;05frm00;nace2CE;463
2017;1.Q.;05frm00;nace2CF;31
2017;1.Q.;05frm00;nace2CG;4183
2017;1.Q.;05frm00;nace2CH;28020
2017;1.Q.;05frm00;nace2CI;1027
2017;1.Q.;05frm00;nace2CJ;1530
2017;1.Q.;05frm00;nace2CK;1534
2017;1.Q.;05frm00;nace2CL;479
2017;1.Q.;05frm00;nace2CM;9543
2017;1.Q.;05frm00;nace2DA;531
2017;1.Q.;05frm00;nace2EA;1514
2017;1.Q.;05frm00;nace2FA;90296
2017;1.Q.;05frm00;nace2GA;121223
2017;1.Q.;05frm00;nace2HA;20475
2017;1.Q.;05frm00;nace2IA;19232
2017;1.Q.;05frm00;nace2JA;5560
2017;1.Q.;05frm00;nace2JB;312
2017;1.Q.;05frm00;nace2JC;15660
2017;1.Q.;05frm00;nace2KA;11606
2017;1.Q.;05frm00;nace2LA;17680
2017;1.Q.;05frm00;nace2MA;54198
2017;1.Q.;05frm00;nace2MB;825
2017;1.Q.;05frm00;nace2MC;20125
2017;1.Q.;05frm00;nace2NA;33858
2017;1.Q.;05frm00;nace2OA;3241
2017;1.Q.;05frm00;nace2PA;11291
2017;1.Q.;05frm00;nace2QA;10252
2017;1.Q.;05frm00;nace2QB;2502
2017;1.Q.;05frm00;nace2RA;8084
2017;1.Q.;05frm00;nace2SA;31055
2017;1.Q.;05frm00;nace2ZZ;
2017;1.Q.;05frm010;nace1;547519
2017;1.Q.;05frm010;nace2AA;24887
2017;1.Q.;05frm010;nace2BA;231
2017;1.Q.;05frm010;nace2C;69900
2017;1.Q.;05frm010;nace2CA;3712
2017;1.Q.;05frm010;nace2CB;5642
2017;1.Q.;05frm010;nace2CC;13712
2017;1.Q.;05frm010;nace2CD;25
2017;1.Q.;05frm010;nace2CE;463
2017;1.Q.;05frm010;nace2CF;31
2017;1.Q.;05frm010;nace2CG;4183
2017;1.Q.;05frm010;nace2CH;28019
2017;1.Q.;05frm010;nace2CI;1027
2017;1.Q.;05frm010;nace2CJ;1530
2017;1.Q.;05frm010;nace2CK;1534
2017;1.Q.;05frm010;nace2CL;479
2017;1.Q.;05frm010;nace2CM;9543
2017;1.Q.;05frm010;nace2DA;530
2017;1.Q.;05frm010;nace2EA;1458
2017;1.Q.;05frm010;nace2FA;90284
2017;1.Q.;05frm010;nace2GA;121220
2017;1.Q.;05frm010;nace2HA;20457
2017;1.Q.;05frm010;nace2IA;19188
2017;1.Q.;05frm010;nace2JA;5545
2017;1.Q.;05frm010;nace2JB;311
2017;1.Q.;05frm010;nace2JC;15653
2017;1.Q.;05frm010;nace2KA;11601
2017;1.Q.;05frm010;nace2LA;14434
2017;1.Q.;05frm010;nace2MA;54178
2017;1.Q.;05frm010;nace2MB;737
2017;1.Q.;05frm010;nace2MC;20117
2017;1.Q.;05frm010;nace2NA;33824
2017;1.Q.;05frm010;nace2OA;11
2017;1.Q.;05frm010;nace2PA;7453
2017;1.Q.;05frm010;nace2QA;10123
2017;1.Q.;05frm010;nace2QB;1121
2017;1.Q.;05frm010;nace2RA;4759
2017;1.Q.;05frm010;nace2SA;19497
2017;1.Q.;05frm010;nace2ZZ;
2017;1.Q.;05frm011;nace1;207817
2017;1.Q.;05frm011;nace2AA;7270
2017;1.Q.;05frm011;nace2BA;195
2017;1.Q.;05frm011;nace2C;18728
2017;1.Q.;05frm011;nace2CA;2111
2017;1.Q.;05frm011;nace2CB;1585
2017;1.Q.;05frm011;nace2CC;3785
2017;1.Q.;05frm011;nace2CD;22
2017;1.Q.;05frm011;nace2CE;359
2017;1.Q.;05frm011;nace2CF;28
2017;1.Q.;05frm011;nace2CG;1666
2017;1.Q.;05frm011;nace2CH;4477
2017;1.Q.;05frm011;nace2CI;638
2017;1.Q.;05frm011;nace2CJ;728
2017;1.Q.;05frm011;nace2CK;875
2017;1.Q.;05frm011;nace2CL;373
2017;1.Q.;05frm011;nace2CM;2081
2017;1.Q.;05frm011;nace2DA;509
2017;1.Q.;05frm011;nace2EA;978
2017;1.Q.;05frm011;nace2FA;17830
2017;1.Q.;05frm011;nace2GA;48666
2017;1.Q.;05frm011;nace2HA;9972
2017;1.Q.;05frm011;nace2IA;7564
2017;1.Q.;05frm011;nace2JA;2241
2017;1.Q.;05frm011;nace2JB;286
2017;1.Q.;05frm011;nace2JC;8669
2017;1.Q.;05frm011;nace2KA;715
2017;1.Q.;05frm011;nace2LA;12435
2017;1.Q.;05frm011;nace2MA;25306
2017;1.Q.;05frm011;nace2MB;531
2017;1.Q.;05frm011;nace2MC;9492
2017;1.Q.;05frm011;nace2NA;21587
2017;1.Q.;05frm011;nace2OA;11
2017;1.Q.;05frm011;nace2PA;2722
2017;1.Q.;05frm011;nace2QA;6259
2017;1.Q.;05frm011;nace2QB;323
2017;1.Q.;05frm011;nace2RA;2605
2017;1.Q.;05frm011;nace2SA;2923
2017;1.Q.;05frm011;nace2ZZ;
2017;1.Q.;05frm0120;nace1;339702
2017;1.Q.;05frm0120;nace2AA;17617
2017;1.Q.;05frm0120;nace2BA;36
2017;1.Q.;05frm0120;nace2C;51172
2017;1.Q.;05frm0120;nace2CA;1601
2017;1.Q.;05frm0120;nace2CB;4057
2017;1.Q.;05frm0120;nace2CC;9927
2017;1.Q.;05frm0120;nace2CD;3
2017;1.Q.;05frm0120;nace2CE;104
2017;1.Q.;05frm0120;nace2CF;3
2017;1.Q.;05frm0120;nace2CG;2517
2017;1.Q.;05frm0120;nace2CH;23542
2017;1.Q.;05frm0120;nace2CI;389
2017;1.Q.;05frm0120;nace2CJ;802
2017;1.Q.;05frm0120;nace2CK;659
2017;1.Q.;05frm0120;nace2CL;106
2017;1.Q.;05frm0120;nace2CM;7462
2017;1.Q.;05frm0120;nace2DA;21
2017;1.Q.;05frm0120;nace2EA;480
2017;1.Q.;05frm0120;nace2FA;72454
2017;1.Q.;05frm0120;nace2GA;72554
2017;1.Q.;05frm0120;nace2HA;10485
2017;1.Q.;05frm0120;nace2IA;11624
2017;1.Q.;05frm0120;nace2JA;3304
2017;1.Q.;05frm0120;nace2JB;25
2017;1.Q.;05frm0120;nace2JC;6984
2017;1.Q.;05frm0120;nace2KA;10886
2017;1.Q.;05frm0120;nace2LA;1999
2017;1.Q.;05frm0120;nace2MA;28872
2017;1.Q.;05frm0120;nace2MB;206
2017;1.Q.;05frm0120;nace2MC;10625
2017;1.Q.;05frm0120;nace2NA;12237
2017;1.Q.;05frm0120;nace2OA;
2017;1.Q.;05frm0120;nace2PA;4731
2017;1.Q.;05frm0120;nace2QA;3864
2017;1.Q.;05frm0120;nace2QB;798
2017;1.Q.;05frm0120;nace2RA;2154
2017;1.Q.;05frm0120;nace2SA;16574
2017;1.Q.;05frm0120;nace2ZZ;
2017;1.Q.;05frm0121;nace1;315683
2017;1.Q.;05frm0121;nace2AA;12213
2017;1.Q.;05frm0121;nace2BA;33
2017;1.Q.;05frm0121;nace2C;51154
2017;1.Q.;05frm0121;nace2CA;1588
2017;1.Q.;05frm0121;nace2CB;4057
2017;1.Q.;05frm0121;nace2CC;9927
2017;1.Q.;05frm0121;nace2CD;3
2017;1.Q.;05frm0121;nace2CE;104
2017;1.Q.;05frm0121;nace2CF;3
2017;1.Q.;05frm0121;nace2CG;2517
2017;1.Q.;05frm0121;nace2CH;23542
2017;1.Q.;05frm0121;nace2CI;389
2017;1.Q.;05frm0121;nace2CJ;802
2017;1.Q.;05frm0121;nace2CK;658
2017;1.Q.;05frm0121;nace2CL;106
2017;1.Q.;05frm0121;nace2CM;7458
2017;1.Q.;05frm0121;nace2DA;13
2017;1.Q.;05frm0121;nace2EA;480
2017;1.Q.;05frm0121;nace2FA;72449
2017;1.Q.;05frm0121;nace2GA;72507
2017;1.Q.;05frm0121;nace2HA;9624
2017;1.Q.;05frm0121;nace2IA;11623
2017;1.Q.;05frm0121;nace2JA;3303
2017;1.Q.;05frm0121;nace2JB;25
2017;1.Q.;05frm0121;nace2JC;6984
2017;1.Q.;05frm0121;nace2KA;3781
2017;1.Q.;05frm0121;nace2LA;1985
2017;1.Q.;05frm0121;nace2MA;23233
2017;1.Q.;05frm0121;nace2MB;206
2017;1.Q.;05frm0121;nace2MC;9218
2017;1.Q.;05frm0121;nace2NA;12157
2017;1.Q.;05frm0121;nace2OA;
2017;1.Q.;05frm0121;nace2PA;4731
2017;1.Q.;05frm0121;nace2QA;470
2017;1.Q.;05frm0121;nace2QB;785
2017;1.Q.;05frm0121;nace2RA;2136
2017;1.Q.;05frm0121;nace2SA;16573
2017;1.Q.;05frm0121;nace2ZZ;
2017;1.Q.;05frm12;nace1;27030
2017;1.Q.;05frm12;nace2AA;5
2017;1.Q.;05frm12;nace2BA;
2017;1.Q.;05frm12;nace2C;6
2017;1.Q.;05frm12;nace2CA;2
2017;1.Q.;05frm12;nace2CB;
2017;1.Q.;05frm12;nace2CC;3
2017;1.Q.;05frm12;nace2CD;
2017;1.Q.;05frm12;nace2CE;
2017;1.Q.;05frm12;nace2CF;
2017;1.Q.;05frm12;nace2CG;
2017;1.Q.;05frm12;nace2CH;1
2017;1.Q.;05frm12;nace2CI;
2017;1.Q.;05frm12;nace2CJ;
2017;1.Q.;05frm12;nace2CK;
2017;1.Q.;05frm12;nace2CL;
2017;1.Q.;05frm12;nace2CM;
2017;1.Q.;05frm12;nace2DA;1
2017;1.Q.;05frm12;nace2EA;56
2017;1.Q.;05frm12;nace2FA;12
2017;1.Q.;05frm12;nace2GA;3
2017;1.Q.;05frm12;nace2HA;18
2017;1.Q.;05frm12;nace2IA;44
2017;1.Q.;05frm12;nace2JA;15
2017;1.Q.;05frm12;nace2JB;1
2017;1.Q.;05frm12;nace2JC;7
2017;1.Q.;05frm12;nace2KA;5
2017;1.Q.;05frm12;nace2LA;3246
2017;1.Q.;05frm12;nace2MA;20
2017;1.Q.;05frm12;nace2MB;88
2017;1.Q.;05frm12;nace2MC;8
2017;1.Q.;05frm12;nace2NA;34
2017;1.Q.;05frm12;nace2OA;3230
2017;1.Q.;05frm12;nace2PA;3838
2017;1.Q.;05frm12;nace2QA;129
2017;1.Q.;05frm12;nace2QB;1381
2017;1.Q.;05frm12;nace2RA;3325
2017;1.Q.;05frm12;nace2SA;11558
2017;1.Q.;05frm12;nace2ZZ;
2017;2.Q.;05frm00;nace1;584806
2017;2.Q.;05frm00;nace2AA;25238
2017;2.Q.;05frm00;nace2BA;231
2017;2.Q.;05frm00;nace2C;71561
2017;2.Q.;05frm00;nace2CA;3922
2017;2.Q.;05frm00;nace2CB;5763
2017;2.Q.;05frm00;nace2CC;14059
2017;2.Q.;05frm00;nace2CD;28
2017;2.Q.;05frm00;nace2CE;474
2017;2.Q.;05frm00;nace2CF;30
2017;2.Q.;05frm00;nace2CG;4279
2017;2.Q.;05frm00;nace2CH;28570
2017;2.Q.;05frm00;nace2CI;1129
2017;2.Q.;05frm00;nace2CJ;1545
2017;2.Q.;05frm00;nace2CK;1565
2017;2.Q.;05frm00;nace2CL;531
2017;2.Q.;05frm00;nace2CM;9666
2017;2.Q.;05frm00;nace2DA;532
2017;2.Q.;05frm00;nace2EA;1535
2017;2.Q.;05frm00;nace2FA;92924
2017;2.Q.;05frm00;nace2GA;120959
2017;2.Q.;05frm00;nace2HA;20962
2017;2.Q.;05frm00;nace2IA;19482
2017;2.Q.;05frm00;nace2JA;5616
2017;2.Q.;05frm00;nace2JB;306
2017;2.Q.;05frm00;nace2JC;16158
2017;2.Q.;05frm00;nace2KA;11844
2017;2.Q.;05frm00;nace2LA;17973
2017;2.Q.;05frm00;nace2MA;55326
2017;2.Q.;05frm00;nace2MB;836
2017;2.Q.;05frm00;nace2MC;20662
2017;2.Q.;05frm00;nace2NA;34757
2017;2.Q.;05frm00;nace2OA;3240
2017;2.Q.;05frm00;nace2PA;11443
2017;2.Q.;05frm00;nace2QA;10256
2017;2.Q.;05frm00;nace2QB;2484
2017;2.Q.;05frm00;nace2RA;8350
2017;2.Q.;05frm00;nace2SA;32131
2017;2.Q.;05frm00;nace2ZZ;
2017;2.Q.;05frm010;nace1;557055
2017;2.Q.;05frm010;nace2AA;25233
2017;2.Q.;05frm010;nace2BA;231
2017;2.Q.;05frm010;nace2C;71555
2017;2.Q.;05frm010;nace2CA;3920
2017;2.Q.;05frm010;nace2CB;5763
2017;2.Q.;05frm010;nace2CC;14056
2017;2.Q.;05frm010;nace2CD;28
2017;2.Q.;05frm010;nace2CE;474
2017;2.Q.;05frm010;nace2CF;30
2017;2.Q.;05frm010;nace2CG;4279
2017;2.Q.;05frm010;nace2CH;28569
2017;2.Q.;05frm010;nace2CI;1129
2017;2.Q.;05frm010;nace2CJ;1545
2017;2.Q.;05frm010;nace2CK;1565
2017;2.Q.;05frm010;nace2CL;531
2017;2.Q.;05frm010;nace2CM;9666
2017;2.Q.;05frm010;nace2DA;531
2017;2.Q.;05frm010;nace2EA;1480
2017;2.Q.;05frm010;nace2FA;92912
2017;2.Q.;05frm010;nace2GA;120956
2017;2.Q.;05frm010;nace2HA;20944
2017;2.Q.;05frm010;nace2IA;19438
2017;2.Q.;05frm010;nace2JA;5602
2017;2.Q.;05frm010;nace2JB;305
2017;2.Q.;05frm010;nace2JC;16151
2017;2.Q.;05frm010;nace2KA;11839
2017;2.Q.;05frm010;nace2LA;14727
2017;2.Q.;05frm010;nace2MA;55307
2017;2.Q.;05frm010;nace2MB;747
2017;2.Q.;05frm010;nace2MC;20654
2017;2.Q.;05frm010;nace2NA;34723
2017;2.Q.;05frm010;nace2OA;11
2017;2.Q.;05frm010;nace2PA;7606
2017;2.Q.;05frm010;nace2QA;10125
2017;2.Q.;05frm010;nace2QB;1099
2017;2.Q.;05frm010;nace2RA;4910
2017;2.Q.;05frm010;nace2SA;19969
2017;2.Q.;05frm010;nace2ZZ;
2017;2.Q.;05frm011;nace1;212246
2017;2.Q.;05frm011;nace2AA;7312
2017;2.Q.;05frm011;nace2BA;195
2017;2.Q.;05frm011;nace2C;19886
2017;2.Q.;05frm011;nace2CA;2293
2017;2.Q.;05frm011;nace2CB;1700
2017;2.Q.;05frm011;nace2CC;4051
2017;2.Q.;05frm011;nace2CD;25
2017;2.Q.;05frm011;nace2CE;369
2017;2.Q.;05frm011;nace2CF;27
2017;2.Q.;05frm011;nace2CG;1749
2017;2.Q.;05frm011;nace2CH;4700
2017;2.Q.;05frm011;nace2CI;721
2017;2.Q.;05frm011;nace2CJ;753
2017;2.Q.;05frm011;nace2CK;912
2017;2.Q.;05frm011;nace2CL;410
2017;2.Q.;05frm011;nace2CM;2176
2017;2.Q.;05frm011;nace2DA;510
2017;2.Q.;05frm011;nace2EA;1002
2017;2.Q.;05frm011;nace2FA;18807
2017;2.Q.;05frm011;nace2GA;48621
2017;2.Q.;05frm011;nace2HA;10200
2017;2.Q.;05frm011;nace2IA;7786
2017;2.Q.;05frm011;nace2JA;2251
2017;2.Q.;05frm011;nace2JB;280
2017;2.Q.;05frm011;nace2JC;8856
2017;2.Q.;05frm011;nace2KA;703
2017;2.Q.;05frm011;nace2LA;12714
2017;2.Q.;05frm011;nace2MA;25797
2017;2.Q.;05frm011;nace2MB;543
2017;2.Q.;05frm011;nace2MC;9768
2017;2.Q.;05frm011;nace2NA;21851
2017;2.Q.;05frm011;nace2OA;11
2017;2.Q.;05frm011;nace2PA;2801
2017;2.Q.;05frm011;nace2QA;6275
2017;2.Q.;05frm011;nace2QB;336
2017;2.Q.;05frm011;nace2RA;2692
2017;2.Q.;05frm011;nace2SA;3049
2017;2.Q.;05frm011;nace2ZZ;
2017;2.Q.;05frm0120;nace1;344809
2017;2.Q.;05frm0120;nace2AA;17921
2017;2.Q.;05frm0120;nace2BA;36
2017;2.Q.;05frm0120;nace2C;51669
2017;2.Q.;05frm0120;nace2CA;1627
2017;2.Q.;05frm0120;nace2CB;4063
2017;2.Q.;05frm0120;nace2CC;10005
2017;2.Q.;05frm0120;nace2CD;3
2017;2.Q.;05frm0120;nace2CE;105
2017;2.Q.;05frm0120;nace2CF;3
2017;2.Q.;05frm0120;nace2CG;2530
2017;2.Q.;05frm0120;nace2CH;23869
2017;2.Q.;05frm0120;nace2CI;408
2017;2.Q.;05frm0120;nace2CJ;792
2017;2.Q.;05frm0120;nace2CK;653
2017;2.Q.;05frm0120;nace2CL;121
2017;2.Q.;05frm0120;nace2CM;7490
2017;2.Q.;05frm0120;nace2DA;21
2017;2.Q.;05frm0120;nace2EA;478
2017;2.Q.;05frm0120;nace2FA;74105
2017;2.Q.;05frm0120;nace2GA;72335
2017;2.Q.;05frm0120;nace2HA;10744
2017;2.Q.;05frm0120;nace2IA;11652
2017;2.Q.;05frm0120;nace2JA;3351
2017;2.Q.;05frm0120;nace2JB;25
2017;2.Q.;05frm0120;nace2JC;7295
2017;2.Q.;05frm0120;nace2KA;11136
2017;2.Q.;05frm0120;nace2LA;2013
2017;2.Q.;05frm0120;nace2MA;29510
2017;2.Q.;05frm0120;nace2MB;204
2017;2.Q.;05frm0120;nace2MC;10886
2017;2.Q.;05frm0120;nace2NA;12872
2017;2.Q.;05frm0120;nace2OA;
2017;2.Q.;05frm0120;nace2PA;4805
2017;2.Q.;05frm0120;nace2QA;3850
2017;2.Q.;05frm0120;nace2QB;763
2017;2.Q.;05frm0120;nace2RA;2218
2017;2.Q.;05frm0120;nace2SA;16920
2017;2.Q.;05frm0120;nace2ZZ;
2017;2.Q.;05frm0121;nace1;320820
2017;2.Q.;05frm0121;nace2AA;12613
2017;2.Q.;05frm0121;nace2BA;33
2017;2.Q.;05frm0121;nace2C;51650
2017;2.Q.;05frm0121;nace2CA;1614
2017;2.Q.;05frm0121;nace2CB;4063
2017;2.Q.;05frm0121;nace2CC;10005
2017;2.Q.;05frm0121;nace2CD;3
2017;2.Q.;05frm0121;nace2CE;105
2017;2.Q.;05frm0121;nace2CF;3
2017;2.Q.;05frm0121;nace2CG;2530
2017;2.Q.;05frm0121;nace2CH;23869
2017;2.Q.;05frm0121;nace2CI;408
2017;2.Q.;05frm0121;nace2CJ;792
2017;2.Q.;05frm0121;nace2CK;652
2017;2.Q.;05frm0121;nace2CL;121
2017;2.Q.;05frm0121;nace2CM;7485
2017;2.Q.;05frm0121;nace2DA;13
2017;2.Q.;05frm0121;nace2EA;478
2017;2.Q.;05frm0121;nace2FA;74100
2017;2.Q.;05frm0121;nace2GA;72289
2017;2.Q.;05frm0121;nace2HA;9880
2017;2.Q.;05frm0121;nace2IA;11651
2017;2.Q.;05frm0121;nace2JA;3350
2017;2.Q.;05frm0121;nace2JB;25
2017;2.Q.;05frm0121;nace2JC;7295
2017;2.Q.;05frm0121;nace2KA;3982
2017;2.Q.;05frm0121;nace2LA;1999
2017;2.Q.;05frm0121;nace2MA;23812
2017;2.Q.;05frm0121;nace2MB;204
2017;2.Q.;05frm0121;nace2MC;9488
2017;2.Q.;05frm0121;nace2NA;12794
2017;2.Q.;05frm0121;nace2OA;
2017;2.Q.;05frm0121;nace2PA;4805
2017;2.Q.;05frm0121;nace2QA;488
2017;2.Q.;05frm0121;nace2QB;751
2017;2.Q.;05frm0121;nace2RA;2200
2017;2.Q.;05frm0121;nace2SA;16920
2017;2.Q.;05frm0121;nace2ZZ;
2017;2.Q.;05frm12;nace1;27751
2017;2.Q.;05frm12;nace2AA;5
2017;2.Q.;05frm12;nace2BA;
2017;2.Q.;05frm12;nace2C;6
2017;2.Q.;05frm12;nace2CA;2
2017;2.Q.;05frm12;nace2CB;
2017;2.Q.;05frm12;nace2CC;3
2017;2.Q.;05frm12;nace2CD;
2017;2.Q.;05frm12;nace2CE;
2017;2.Q.;05frm12;nace2CF;
2017;2.Q.;05frm12;nace2CG;
2017;2.Q.;05frm12;nace2CH;1
2017;2.Q.;05frm12;nace2CI;
2017;2.Q.;05frm12;nace2CJ;
2017;2.Q.;05frm12;nace2CK;
2017;2.Q.;05frm12;nace2CL;
2017;2.Q.;05frm12;nace2CM;
2017;2.Q.;05frm12;nace2DA;1
2017;2.Q.;05frm12;nace2EA;55
2017;2.Q.;05frm12;nace2FA;12
2017;2.Q.;05frm12;nace2GA;3
2017;2.Q.;05frm12;nace2HA;18
2017;2.Q.;05frm12;nace2IA;44
2017;2.Q.;05frm12;nace2JA;14
2017;2.Q.;05frm12;nace2JB;1
2017;2.Q.;05frm12;nace2JC;7
2017;2.Q.;05frm12;nace2KA;5
2017;2.Q.;05frm12;nace2LA;3246
2017;2.Q.;05frm12;nace2MA;19
2017;2.Q.;05frm12;nace2MB;89
2017;2.Q.;05frm12;nace2MC;8
2017;2.Q.;05frm12;nace2NA;34
2017;2.Q.;05frm12;nace2OA;3229
2017;2.Q.;05frm12;nace2PA;3837
2017;2.Q.;05frm12;nace2QA;131
2017;2.Q.;05frm12;nace2QB;1385
2017;2.Q.;05frm12;nace2RA;3440
2017;2.Q.;05frm12;nace2SA;12162
2017;2.Q.;05frm12;nace2ZZ;
2017;3.Q.;05frm00;nace1;591483
2017;3.Q.;05frm00;nace2AA;25209
2017;3.Q.;05frm00;nace2BA;232
2017;3.Q.;05frm00;nace2C;72664
2017;3.Q.;05frm00;nace2CA;4055
2017;3.Q.;05frm00;nace2CB;5915
2017;3.Q.;05frm00;nace2CC;14267
2017;3.Q.;05frm00;nace2CD;29
2017;3.Q.;05frm00;nace2CE;491
2017;3.Q.;05frm00;nace2CF;30
2017;3.Q.;05frm00;nace2CG;4320
2017;3.Q.;05frm00;nace2CH;28897
2017;3.Q.;05frm00;nace2CI;1203
2017;3.Q.;05frm00;nace2CJ;1577
2017;3.Q.;05frm00;nace2CK;1587
2017;3.Q.;05frm00;nace2CL;567
2017;3.Q.;05frm00;nace2CM;9726
2017;3.Q.;05frm00;nace2DA;535
2017;3.Q.;05frm00;nace2EA;1567
2017;3.Q.;05frm00;nace2FA;93956
2017;3.Q.;05frm00;nace2GA;120461
2017;3.Q.;05frm00;nace2HA;21315
2017;3.Q.;05frm00;nace2IA;19621
2017;3.Q.;05frm00;nace2JA;5720
2017;3.Q.;05frm00;nace2JB;308
2017;3.Q.;05frm00;nace2JC;16669
2017;3.Q.;05frm00;nace2KA;12047
2017;3.Q.;05frm00;nace2LA;18229
2017;3.Q.;05frm00;nace2MA;56395
2017;3.Q.;05frm00;nace2MB;846
2017;3.Q.;05frm00;nace2MC;21110
2017;3.Q.;05frm00;nace2NA;35408
2017;3.Q.;05frm00;nace2OA;3233
2017;3.Q.;05frm00;nace2PA;11627
2017;3.Q.;05frm00;nace2QA;10273
2017;3.Q.;05frm00;nace2QB;2443
2017;3.Q.;05frm00;nace2RA;8580
2017;3.Q.;05frm00;nace2SA;33035
2017;3.Q.;05frm00;nace2ZZ;
2017;3.Q.;05frm010;nace1;563024
2017;3.Q.;05frm010;nace2AA;25204
2017;3.Q.;05frm010;nace2BA;232
2017;3.Q.;05frm010;nace2C;72658
2017;3.Q.;05frm010;nace2CA;4053
2017;3.Q.;05frm010;nace2CB;5915
2017;3.Q.;05frm010;nace2CC;14264
2017;3.Q.;05frm010;nace2CD;29
2017;3.Q.;05frm010;nace2CE;491
2017;3.Q.;05frm010;nace2CF;30
2017;3.Q.;05frm010;nace2CG;4320
2017;3.Q.;05frm010;nace2CH;28896
2017;3.Q.;05frm010;nace2CI;1203
2017;3.Q.;05frm010;nace2CJ;1577
2017;3.Q.;05frm010;nace2CK;1587
2017;3.Q.;05frm010;nace2CL;567
2017;3.Q.;05frm010;nace2CM;9726
2017;3.Q.;05frm010;nace2DA;534
2017;3.Q.;05frm010;nace2EA;1512
2017;3.Q.;05frm010;nace2FA;93944
2017;3.Q.;05frm010;nace2GA;120458
2017;3.Q.;05frm010;nace2HA;21297
2017;3.Q.;05frm010;nace2IA;19577
2017;3.Q.;05frm010;nace2JA;5706
2017;3.Q.;05frm010;nace2JB;307
2017;3.Q.;05frm010;nace2JC;16662
2017;3.Q.;05frm010;nace2KA;12042
2017;3.Q.;05frm010;nace2LA;14953
2017;3.Q.;05frm010;nace2MA;56376
2017;3.Q.;05frm010;nace2MB;761
2017;3.Q.;05frm010;nace2MC;21102
2017;3.Q.;05frm010;nace2NA;35375
2017;3.Q.;05frm010;nace2OA;13
2017;3.Q.;05frm010;nace2PA;7792
2017;3.Q.;05frm010;nace2QA;10142
2017;3.Q.;05frm010;nace2QB;1076
2017;3.Q.;05frm010;nace2RA;5046
2017;3.Q.;05frm010;nace2SA;20255
2017;3.Q.;05frm010;nace2ZZ;
2017;3.Q.;05frm011;nace1;216140
2017;3.Q.;05frm011;nace2AA;7353
2017;3.Q.;05frm011;nace2BA;196
2017;3.Q.;05frm011;nace2C;20869
2017;3.Q.;05frm011;nace2CA;2431
2017;3.Q.;05frm011;nace2CB;1798
2017;3.Q.;05frm011;nace2CC;4282
2017;3.Q.;05frm011;nace2CD;25
2017;3.Q.;05frm011;nace2CE;385
2017;3.Q.;05frm011;nace2CF;27
2017;3.Q.;05frm011;nace2CG;1809
2017;3.Q.;05frm011;nace2CH;4929
2017;3.Q.;05frm011;nace2CI;785
2017;3.Q.;05frm011;nace2CJ;775
2017;3.Q.;05frm011;nace2CK;937
2017;3.Q.;05frm011;nace2CL;437
2017;3.Q.;05frm011;nace2CM;2249
2017;3.Q.;05frm011;nace2DA;513
2017;3.Q.;05frm011;nace2EA;1033
2017;3.Q.;05frm011;nace2FA;19160
2017;3.Q.;05frm011;nace2GA;48601
2017;3.Q.;05frm011;nace2HA;10466
2017;3.Q.;05frm011;nace2IA;7966
2017;3.Q.;05frm011;nace2JA;2307
2017;3.Q.;05frm011;nace2JB;282
2017;3.Q.;05frm011;nace2JC;9143
2017;3.Q.;05frm011;nace2KA;724
2017;3.Q.;05frm011;nace2LA;12947
2017;3.Q.;05frm011;nace2MA;26364
2017;3.Q.;05frm011;nace2MB;552
2017;3.Q.;05frm011;nace2MC;10080
2017;3.Q.;05frm011;nace2NA;22087
2017;3.Q.;05frm011;nace2OA;13
2017;3.Q.;05frm011;nace2PA;2904
2017;3.Q.;05frm011;nace2QA;6301
2017;3.Q.;05frm011;nace2QB;348
2017;3.Q.;05frm011;nace2RA;2772
2017;3.Q.;05frm011;nace2SA;3159
2017;3.Q.;05frm011;nace2ZZ;
2017;3.Q.;05frm0120;nace1;346884
2017;3.Q.;05frm0120;nace2AA;17851
2017;3.Q.;05frm0120;nace2BA;36
2017;3.Q.;05frm0120;nace2C;51789
2017;3.Q.;05frm0120;nace2CA;1622
2017;3.Q.;05frm0120;nace2CB;4117
2017;3.Q.;05frm0120;nace2CC;9982
2017;3.Q.;05frm0120;nace2CD;4
2017;3.Q.;05frm0120;nace2CE;106
2017;3.Q.;05frm0120;nace2CF;3
2017;3.Q.;05frm0120;nace2CG;2511
2017;3.Q.;05frm0120;nace2CH;23967
2017;3.Q.;05frm0120;nace2CI;418
2017;3.Q.;05frm0120;nace2CJ;802
2017;3.Q.;05frm0120;nace2CK;650
2017;3.Q.;05frm0120;nace2CL;130
2017;3.Q.;05frm0120;nace2CM;7477
2017;3.Q.;05frm0120;nace2DA;21
2017;3.Q.;05frm0120;nace2EA;479
2017;3.Q.;05frm0120;nace2FA;74784
2017;3.Q.;05frm0120;nace2GA;71857
2017;3.Q.;05frm0120;nace2HA;10831
2017;3.Q.;05frm0120;nace2IA;11611
2017;3.Q.;05frm0120;nace2JA;3399
2017;3.Q.;05frm0120;nace2JB;25
2017;3.Q.;05frm0120;nace2JC;7519
2017;3.Q.;05frm0120;nace2KA;11318
2017;3.Q.;05frm0120;nace2LA;2006
2017;3.Q.;05frm0120;nace2MA;30012
2017;3.Q.;05frm0120;nace2MB;209
2017;3.Q.;05frm0120;nace2MC;11022
2017;3.Q.;05frm0120;nace2NA;13288
2017;3.Q.;05frm0120;nace2OA;
2017;3.Q.;05frm0120;nace2PA;4888
2017;3.Q.;05frm0120;nace2QA;3841
2017;3.Q.;05frm0120;nace2QB;728
2017;3.Q.;05frm0120;nace2RA;2274
2017;3.Q.;05frm0120;nace2SA;17096
2017;3.Q.;05frm0120;nace2ZZ;
2017;3.Q.;05frm0121;nace1;322561
2017;3.Q.;05frm0121;nace2AA;12539
2017;3.Q.;05frm0121;nace2BA;33
2017;3.Q.;05frm0121;nace2C;51770
2017;3.Q.;05frm0121;nace2CA;1608
2017;3.Q.;05frm0121;nace2CB;4117
2017;3.Q.;05frm0121;nace2CC;9982
2017;3.Q.;05frm0121;nace2CD;4
2017;3.Q.;05frm0121;nace2CE;106
2017;3.Q.;05frm0121;nace2CF;3
2017;3.Q.;05frm0121;nace2CG;2511
2017;3.Q.;05frm0121;nace2CH;23967
2017;3.Q.;05frm0121;nace2CI;418
2017;3.Q.;05frm0121;nace2CJ;802
2017;3.Q.;05frm0121;nace2CK;649
2017;3.Q.;05frm0121;nace2CL;130
2017;3.Q.;05frm0121;nace2CM;7473
2017;3.Q.;05frm0121;nace2DA;13
2017;3.Q.;05frm0121;nace2EA;479
2017;3.Q.;05frm0121;nace2FA;74778
2017;3.Q.;05frm0121;nace2GA;71808
2017;3.Q.;05frm0121;nace2HA;9958
2017;3.Q.;05frm0121;nace2IA;11610
2017;3.Q.;05frm0121;nace2JA;3398
2017;3.Q.;05frm0121;nace2JB;25
2017;3.Q.;05frm0121;nace2JC;7519
2017;3.Q.;05frm0121;nace2KA;3953
2017;3.Q.;05frm0121;nace2LA;1992
2017;3.Q.;05frm0121;nace2MA;24233
2017;3.Q.;05frm0121;nace2MB;209
2017;3.Q.;05frm0121;nace2MC;9588
2017;3.Q.;05frm0121;nace2NA;13210
2017;3.Q.;05frm0121;nace2OA;
2017;3.Q.;05frm0121;nace2PA;4888
2017;3.Q.;05frm0121;nace2QA;492
2017;3.Q.;05frm0121;nace2QB;716
2017;3.Q.;05frm0121;nace2RA;2254
2017;3.Q.;05frm0121;nace2SA;17096
2017;3.Q.;05frm0121;nace2ZZ;
2017;3.Q.;05frm12;nace1;28459
2017;3.Q.;05frm12;nace2AA;5
2017;3.Q.;05frm12;nace2BA;
2017;3.Q.;05frm12;nace2C;6
2017;3.Q.;05frm12;nace2CA;2
2017;3.Q.;05frm12;nace2CB;
2017;3.Q.;05frm12;nace2CC;3
2017;3.Q.;05frm12;nace2CD;
2017;3.Q.;05frm12;nace2CE;
2017;3.Q.;05frm12;nace2CF;
2017;3.Q.;05frm12;nace2CG;
2017;3.Q.;05frm12;nace2CH;1
2017;3.Q.;05frm12;nace2CI;
2017;3.Q.;05frm12;nace2CJ;
2017;3.Q.;05frm12;nace2CK;
2017;3.Q.;05frm12;nace2CL;
2017;3.Q.;05frm12;nace2CM;
2017;3.Q.;05frm12;nace2DA;1
2017;3.Q.;05frm12;nace2EA;55
2017;3.Q.;05frm12;nace2FA;12
2017;3.Q.;05frm12;nace2GA;3
2017;3.Q.;05frm12;nace2HA;18
2017;3.Q.;05frm12;nace2IA;44
2017;3.Q.;05frm12;nace2JA;14
2017;3.Q.;05frm12;nace2JB;1
2017;3.Q.;05frm12;nace2JC;7
2017;3.Q.;05frm12;nace2KA;5
2017;3.Q.;05frm12;nace2LA;3276
2017;3.Q.;05frm12;nace2MA;19
2017;3.Q.;05frm12;nace2MB;85
2017;3.Q.;05frm12;nace2MC;8
2017;3.Q.;05frm12;nace2NA;33
2017;3.Q.;05frm12;nace2OA;3220
2017;3.Q.;05frm12;nace2PA;3835
2017;3.Q.;05frm12;nace2QA;131
2017;3.Q.;05frm12;nace2QB;1367
2017;3.Q.;05frm12;nace2RA;3534
2017;3.Q.;05frm12;nace2SA;12780
2017;3.Q.;05frm12;nace2ZZ;
2017;4.Q.;05frm00;nace1;597272
2017;4.Q.;05frm00;nace2AA;25064
2017;4.Q.;05frm00;nace2BA;230
2017;4.Q.;05frm00;nace2C;73382
2017;4.Q.;05frm00;nace2CA;4144
2017;4.Q.;05frm00;nace2CB;6024
2017;4.Q.;05frm00;nace2CC;14403
2017;4.Q.;05frm00;nace2CD;31
2017;4.Q.;05frm00;nace2CE;504
2017;4.Q.;05frm00;nace2CF;30
2017;4.Q.;05frm00;nace2CG;4347
2017;4.Q.;05frm00;nace2CH;29097
2017;4.Q.;05frm00;nace2CI;1249
2017;4.Q.;05frm00;nace2CJ;1593
2017;4.Q.;05frm00;nace2CK;1606
2017;4.Q.;05frm00;nace2CL;581
2017;4.Q.;05frm00;nace2CM;9773
2017;4.Q.;05frm00;nace2DA;535
2017;4.Q.;05frm00;nace2EA;1585
2017;4.Q.;05frm00;nace2FA;94706
2017;4.Q.;05frm00;nace2GA;120181
2017;4.Q.;05frm00;nace2HA;21659
2017;4.Q.;05frm00;nace2IA;19651
2017;4.Q.;05frm00;nace2JA;5775
2017;4.Q.;05frm00;nace2JB;309
2017;4.Q.;05frm00;nace2JC;17117
2017;4.Q.;05frm00;nace2KA;12258
2017;4.Q.;05frm00;nace2LA;18426
2017;4.Q.;05frm00;nace2MA;57252
2017;4.Q.;05frm00;nace2MB;863
2017;4.Q.;05frm00;nace2MC;21486
2017;4.Q.;05frm00;nace2NA;36047
2017;4.Q.;05frm00;nace2OA;3233
2017;4.Q.;05frm00;nace2PA;11809
2017;4.Q.;05frm00;nace2QA;10245
2017;4.Q.;05frm00;nace2QB;2431
2017;4.Q.;05frm00;nace2RA;8886
2017;4.Q.;05frm00;nace2SA;34142
2017;4.Q.;05frm00;nace2ZZ;
2017;4.Q.;05frm010;nace1;567793
2017;4.Q.;05frm010;nace2AA;25059
2017;4.Q.;05frm010;nace2BA;230
2017;4.Q.;05frm010;nace2C;73376
2017;4.Q.;05frm010;nace2CA;4142
2017;4.Q.;05frm010;nace2CB;6024
2017;4.Q.;05frm010;nace2CC;14400
2017;4.Q.;05frm010;nace2CD;31
2017;4.Q.;05frm010;nace2CE;504
2017;4.Q.;05frm010;nace2CF;30
2017;4.Q.;05frm010;nace2CG;4347
2017;4.Q.;05frm010;nace2CH;29096
2017;4.Q.;05frm010;nace2CI;1249
2017;4.Q.;05frm010;nace2CJ;1593
2017;4.Q.;05frm010;nace2CK;1606
2017;4.Q.;05frm010;nace2CL;581
2017;4.Q.;05frm010;nace2CM;9773
2017;4.Q.;05frm010;nace2DA;534
2017;4.Q.;05frm010;nace2EA;1530
2017;4.Q.;05frm010;nace2FA;94694
2017;4.Q.;05frm010;nace2GA;120178
2017;4.Q.;05frm010;nace2HA;21641
2017;4.Q.;05frm010;nace2IA;19607
2017;4.Q.;05frm010;nace2JA;5761
2017;4.Q.;05frm010;nace2JB;308
2017;4.Q.;05frm010;nace2JC;17110
2017;4.Q.;05frm010;nace2KA;12253
2017;4.Q.;05frm010;nace2LA;15150
2017;4.Q.;05frm010;nace2MA;57233
2017;4.Q.;05frm010;nace2MB;778
2017;4.Q.;05frm010;nace2MC;21478
2017;4.Q.;05frm010;nace2NA;36014
2017;4.Q.;05frm010;nace2OA;13
2017;4.Q.;05frm010;nace2PA;7976
2017;4.Q.;05frm010;nace2QA;10114
2017;4.Q.;05frm010;nace2QB;1057
2017;4.Q.;05frm010;nace2RA;5160
2017;4.Q.;05frm010;nace2SA;20539
2017;4.Q.;05frm010;nace2ZZ;
2017;4.Q.;05frm011;nace1;219466
2017;4.Q.;05frm011;nace2AA;7372
2017;4.Q.;05frm011;nace2BA;196
2017;4.Q.;05frm011;nace2C;21605
2017;4.Q.;05frm011;nace2CA;2510
2017;4.Q.;05frm011;nace2CB;1863
2017;4.Q.;05frm011;nace2CC;4460
2017;4.Q.;05frm011;nace2CD;27
2017;4.Q.;05frm011;nace2CE;398
2017;4.Q.;05frm011;nace2CF;27
2017;4.Q.;05frm011;nace2CG;1846
2017;4.Q.;05frm011;nace2CH;5117
2017;4.Q.;05frm011;nace2CI;833
2017;4.Q.;05frm011;nace2CJ;800
2017;4.Q.;05frm011;nace2CK;958
2017;4.Q.;05frm011;nace2CL;450
2017;4.Q.;05frm011;nace2CM;2316
2017;4.Q.;05frm011;nace2DA;513
2017;4.Q.;05frm011;nace2EA;1047
2017;4.Q.;05frm011;nace2FA;19801
2017;4.Q.;05frm011;nace2GA;48490
2017;4.Q.;05frm011;nace2HA;10710
2017;4.Q.;05frm011;nace2IA;8060
2017;4.Q.;05frm011;nace2JA;2348
2017;4.Q.;05frm011;nace2JB;283
2017;4.Q.;05frm011;nace2JC;9351
2017;4.Q.;05frm011;nace2KA;728
2017;4.Q.;05frm011;nace2LA;13152
2017;4.Q.;05frm011;nace2MA;26775
2017;4.Q.;05frm011;nace2MB;562
2017;4.Q.;05frm011;nace2MC;10316
2017;4.Q.;05frm011;nace2NA;22406
2017;4.Q.;05frm011;nace2OA;13
2017;4.Q.;05frm011;nace2PA;3000
2017;4.Q.;05frm011;nace2QA;6300
2017;4.Q.;05frm011;nace2QB;355
2017;4.Q.;05frm011;nace2RA;2819
2017;4.Q.;05frm011;nace2SA;3264
2017;4.Q.;05frm011;nace2ZZ;
2017;4.Q.;05frm0120;nace1;348327
2017;4.Q.;05frm0120;nace2AA;17687
2017;4.Q.;05frm0120;nace2BA;34
2017;4.Q.;05frm0120;nace2C;51771
2017;4.Q.;05frm0120;nace2CA;1632
2017;4.Q.;05frm0120;nace2CB;4161
2017;4.Q.;05frm0120;nace2CC;9940
2017;4.Q.;05frm0120;nace2CD;4
2017;4.Q.;05frm0120;nace2CE;106
2017;4.Q.;05frm0120;nace2CF;3
2017;4.Q.;05frm0120;nace2CG;2501
2017;4.Q.;05frm0120;nace2CH;23979
2017;4.Q.;05frm0120;nace2CI;416
2017;4.Q.;05frm0120;nace2CJ;793
2017;4.Q.;05frm0120;nace2CK;648
2017;4.Q.;05frm0120;nace2CL;131
2017;4.Q.;05frm0120;nace2CM;7457
2017;4.Q.;05frm0120;nace2DA;21
2017;4.Q.;05frm0120;nace2EA;483
2017;4.Q.;05frm0120;nace2FA;74893
2017;4.Q.;05frm0120;nace2GA;71688
2017;4.Q.;05frm0120;nace2HA;10931
2017;4.Q.;05frm0120;nace2IA;11547
2017;4.Q.;05frm0120;nace2JA;3413
2017;4.Q.;05frm0120;nace2JB;25
2017;4.Q.;05frm0120;nace2JC;7759
2017;4.Q.;05frm0120;nace2KA;11525
2017;4.Q.;05frm0120;nace2LA;1998
2017;4.Q.;05frm0120;nace2MA;30458
2017;4.Q.;05frm0120;nace2MB;216
2017;4.Q.;05frm0120;nace2MC;11162
2017;4.Q.;05frm0120;nace2NA;13608
2017;4.Q.;05frm0120;nace2OA;
2017;4.Q.;05frm0120;nace2PA;4976
2017;4.Q.;05frm0120;nace2QA;3814
2017;4.Q.;05frm0120;nace2QB;702
2017;4.Q.;05frm0120;nace2RA;2341
2017;4.Q.;05frm0120;nace2SA;17275
2017;4.Q.;05frm0120;nace2ZZ;
2017;4.Q.;05frm0121;nace1;323948
2017;4.Q.;05frm0121;nace2AA;12427
2017;4.Q.;05frm0121;nace2BA;31
2017;4.Q.;05frm0121;nace2C;51751
2017;4.Q.;05frm0121;nace2CA;1617
2017;4.Q.;05frm0121;nace2CB;4161
2017;4.Q.;05frm0121;nace2CC;9940
2017;4.Q.;05frm0121;nace2CD;4
2017;4.Q.;05frm0121;nace2CE;106
2017;4.Q.;05frm0121;nace2CF;3
2017;4.Q.;05frm0121;nace2CG;2501
2017;4.Q.;05frm0121;nace2CH;23979
2017;4.Q.;05frm0121;nace2CI;416
2017;4.Q.;05frm0121;nace2CJ;793
2017;4.Q.;05frm0121;nace2CK;647
2017;4.Q.;05frm0121;nace2CL;131
2017;4.Q.;05frm0121;nace2CM;7453
2017;4.Q.;05frm0121;nace2DA;13
2017;4.Q.;05frm0121;nace2EA;483
2017;4.Q.;05frm0121;nace2FA;74888
2017;4.Q.;05frm0121;nace2GA;71633
2017;4.Q.;05frm0121;nace2HA;10069
2017;4.Q.;05frm0121;nace2IA;11546
2017;4.Q.;05frm0121;nace2JA;3412
2017;4.Q.;05frm0121;nace2JB;25
2017;4.Q.;05frm0121;nace2JC;7759
2017;4.Q.;05frm0121;nace2KA;4045
2017;4.Q.;05frm0121;nace2LA;1985
2017;4.Q.;05frm0121;nace2MA;24647
2017;4.Q.;05frm0121;nace2MB;216
2017;4.Q.;05frm0121;nace2MC;9730
2017;4.Q.;05frm0121;nace2NA;13529
2017;4.Q.;05frm0121;nace2OA;
2017;4.Q.;05frm0121;nace2PA;4976
2017;4.Q.;05frm0121;nace2QA;495
2017;4.Q.;05frm0121;nace2QB;691
2017;4.Q.;05frm0121;nace2RA;2322
2017;4.Q.;05frm0121;nace2SA;17275
2017;4.Q.;05frm0121;nace2ZZ;
2017;4.Q.;05frm12;nace1;29479
2017;4.Q.;05frm12;nace2AA;5
2017;4.Q.;05frm12;nace2BA;
2017;4.Q.;05frm12;nace2C;6
2017;4.Q.;05frm12;nace2CA;2
2017;4.Q.;05frm12;nace2CB;
2017;4.Q.;05frm12;nace2CC;3
2017;4.Q.;05frm12;nace2CD;
2017;4.Q.;05frm12;nace2CE;
2017;4.Q.;05frm12;nace2CF;
2017;4.Q.;05frm12;nace2CG;
2017;4.Q.;05frm12;nace2CH;1
2017;4.Q.;05frm12;nace2CI;
2017;4.Q.;05frm12;nace2CJ;
2017;4.Q.;05frm12;nace2CK;
2017;4.Q.;05frm12;nace2CL;
2017;4.Q.;05frm12;nace2CM;
2017;4.Q.;05frm12;nace2DA;1
2017;4.Q.;05frm12;nace2EA;55
2017;4.Q.;05frm12;nace2FA;12
2017;4.Q.;05frm12;nace2GA;3
2017;4.Q.;05frm12;nace2HA;18
2017;4.Q.;05frm12;nace2IA;44
2017;4.Q.;05frm12;nace2JA;14
2017;4.Q.;05frm12;nace2JB;1
2017;4.Q.;05frm12;nace2JC;7
2017;4.Q.;05frm12;nace2KA;5
2017;4.Q.;05frm12;nace2LA;3276
2017;4.Q.;05frm12;nace2MA;19
2017;4.Q.;05frm12;nace2MB;85
2017;4.Q.;05frm12;nace2MC;8
2017;4.Q.;05frm12;nace2NA;33
2017;4.Q.;05frm12;nace2OA;3220
2017;4.Q.;05frm12;nace2PA;3833
2017;4.Q.;05frm12;nace2QA;131
2017;4.Q.;05frm12;nace2QB;1374
2017;4.Q.;05frm12;nace2RA;3726
2017;4.Q.;05frm12;nace2SA;13603
2017;4.Q.;05frm12;nace2ZZ;
